date,store_id,product_id,actual_demand,predicted_7_day_demand,forecast_error,absolute_error,stockout_probability,risk_level,actual_stockout_flag,prediction_reliability,prediction_reliability_label,top_prediction_driver_1,top_prediction_driver_2,top_prediction_driver_3
2026-08-20,S01,P101,104.0,103.88,-0.12000000000000455,0.12000000000000455,,,,0.7874999999999999,HIGH,recent demand momentum,inventory coverage,promotion context
2026-08-21,S01,P101,96.0,103.412,7.412000000000006,7.412000000000006,,,,0.7874999999999999,HIGH,recent demand momentum,inventory coverage,promotion context
2026-08-22,S01,P101,93.0,85.972,-7.028000000000006,7.028000000000006,,,,0.7874999999999999,HIGH,recent demand momentum,inventory coverage,promotion context
2026-08-23,S01,P101,101.0,89.556,-11.444000000000003,11.444000000000003,,,,0.7874999999999999,HIGH,recent demand momentum,inventory coverage,promotion context
2026-08-24,S01,P101,113.0,98.552,-14.447999999999993,14.447999999999993,,,,0.7874999999999999,HIGH,recent demand momentum,inventory coverage,promotion context
2026-08-25,S01,P101,95.0,96.104,1.1039999999999992,1.1039999999999992,0.0,LOW,0.0,0.7874999999999999,HIGH,recent demand momentum,inventory coverage,promotion context
2026-08-21,S01,P102,4.0,6.564,2.564,2.564,,,,0.7874999999999999,HIGH,recent demand momentum,inventory coverage,promotion context
2026-08-24,S01,P102,3.0,5.02,2.0199999999999996,2.0199999999999996,,,,0.7874999999999999,HIGH,recent demand momentum,inventory coverage,promotion context
2026-08-20,S01,P103,142.0,172.136,30.135999999999996,30.135999999999996,,,,0.7874999999999999,HIGH,recent demand momentum,inventory coverage,promotion context
2026-08-21,S01,P103,142.0,168.952,26.951999999999998,26.951999999999998,,,,0.7874999999999999,HIGH,recent demand momentum,inventory coverage,promotion context
2026-08-22,S01,P103,135.0,171.044,36.04400000000001,36.04400000000001,,,,0.7874999999999999,HIGH,recent demand momentum,inventory coverage,promotion context
2026-08-23,S01,P103,142.0,169.416,27.415999999999997,27.415999999999997,,,,0.7874999999999999,HIGH,recent demand momentum,inventory coverage,promotion context
2026-08-24,S01,P103,156.0,180.04,24.039999999999992,24.039999999999992,,,,0.7874999999999999,HIGH,recent demand momentum,inventory coverage,promotion context
2026-08-25,S01,P103,137.0,180.732,43.732,43.732,0.0,LOW,0.0,0.7874999999999999,HIGH,recent demand momentum,inventory coverage,promotion context
2026-08-20,S01,P104,26.0,29.336,3.3359999999999985,3.3359999999999985,,,,0.7874999999999999,HIGH,recent demand momentum,inventory coverage,promotion context
2026-08-21,S01,P104,28.0,28.776,0.7759999999999998,0.7759999999999998,,,,0.7874999999999999,HIGH,recent demand momentum,inventory coverage,promotion context
2026-08-22,S01,P104,32.0,29.608,-2.3919999999999995,2.3919999999999995,,,,0.7874999999999999,HIGH,recent demand momentum,inventory coverage,promotion context
2026-08-23,S01,P104,31.0,32.048,1.0480000000000018,1.0480000000000018,,,,0.7874999999999999,HIGH,recent demand momentum,inventory coverage,promotion context
2026-08-25,S01,P104,32.0,25.372,-6.628,6.628,0.0,LOW,0.0,0.7874999999999999,HIGH,recent demand momentum,inventory coverage,promotion context
2026-08-20,S01,P105,19.0,12.644,-6.356,6.356,,,,0.7874999999999999,HIGH,recent demand momentum,inventory coverage,promotion context
2026-08-22,S01,P105,15.0,11.34,-3.66,3.66,,,,0.7874999999999999,HIGH,recent demand momentum,inventory coverage,promotion context
2026-08-23,S01,P105,11.0,11.616,0.6159999999999997,0.6159999999999997,,,,0.7874999999999999,HIGH,recent demand momentum,inventory coverage,promotion context
2026-08-24,S01,P105,9.0,11.12,2.119999999999999,2.119999999999999,,,,0.7874999999999999,HIGH,recent demand momentum,inventory coverage,promotion context
2026-08-25,S01,P105,8.0,11.144,3.144,3.144,0.0,LOW,0.0,0.7874999999999999,HIGH,recent demand momentum,inventory coverage,promotion context
2026-08-20,S01,P106,7.0,8.324,1.3239999999999998,1.3239999999999998,,,,0.7874999999999999,HIGH,recent demand momentum,inventory coverage,promotion context
2026-08-21,S01,P106,6.0,7.332,1.3319999999999999,1.3319999999999999,,,,0.7874999999999999,HIGH,recent demand momentum,inventory coverage,promotion context
2026-08-23,S01,P106,6.0,11.796,5.795999999999999,5.795999999999999,,,,0.7874999999999999,HIGH,recent demand momentum,inventory coverage,promotion context
2026-08-24,S01,P106,1.0,7.928,6.928,6.928,,,,0.7874999999999999,HIGH,recent demand momentum,inventory coverage,promotion context
2026-08-21,S01,P107,9.0,4.308,-4.692,4.692,,,,0.7874999999999999,HIGH,recent demand momentum,inventory coverage,promotion context
2026-08-20,S01,P108,11.0,10.8,-0.1999999999999993,0.1999999999999993,,,,0.7874999999999999,HIGH,recent demand momentum,inventory coverage,promotion context
2026-08-22,S01,P108,8.0,17.0,9.0,9.0,,,,0.7874999999999999,HIGH,recent demand momentum,inventory coverage,promotion context
2026-08-23,S01,P108,6.0,11.26,5.26,5.26,,,,0.7874999999999999,HIGH,recent demand momentum,inventory coverage,promotion context
2026-08-20,S01,P109,64.0,37.484,-26.516,26.516,,,,0.7874999999999999,HIGH,recent demand momentum,inventory coverage,promotion context
2026-08-21,S01,P109,55.0,35.804,-19.195999999999998,19.195999999999998,,,,0.7874999999999999,HIGH,recent demand momentum,inventory coverage,promotion context
2026-08-22,S01,P109,51.0,33.492,-17.508000000000003,17.508000000000003,,,,0.7874999999999999,HIGH,recent demand momentum,inventory coverage,promotion context
2026-08-23,S01,P109,53.0,34.84,-18.159999999999997,18.159999999999997,,,,0.7874999999999999,HIGH,recent demand momentum,inventory coverage,promotion context
2026-08-24,S01,P109,55.0,37.46,-17.54,17.54,,,,0.7874999999999999,HIGH,recent demand momentum,inventory coverage,promotion context
2026-08-25,S01,P109,45.0,36.944,-8.055999999999997,8.055999999999997,0.0,LOW,0.0,0.7874999999999999,HIGH,recent demand momentum,inventory coverage,promotion context
2026-08-20,S01,P110,757.0,787.684,30.68399999999997,30.68399999999997,,,,0.7874999999999999,HIGH,recent demand momentum,inventory coverage,promotion context
2026-08-21,S01,P110,748.0,778.22,30.220000000000027,30.220000000000027,,,,0.7874999999999999,HIGH,recent demand momentum,inventory coverage,promotion context
2026-08-22,S01,P110,760.0,815.12,55.120000000000005,55.120000000000005,,,,0.7874999999999999,HIGH,recent demand momentum,inventory coverage,promotion context
2026-08-23,S01,P110,744.0,819.032,75.03200000000004,75.03200000000004,,,,0.7874999999999999,HIGH,recent demand momentum,inventory coverage,promotion context
2026-08-24,S01,P110,779.0,822.76,43.75999999999999,43.75999999999999,,,,0.7874999999999999,HIGH,recent demand momentum,inventory coverage,promotion context
2026-08-25,S01,P110,674.0,822.728,148.72799999999995,148.72799999999995,,,,0.7874999999999999,HIGH,recent demand momentum,inventory coverage,promotion context
2026-08-20,S01,P111,48.0,51.908,3.9080000000000013,3.9080000000000013,,,,0.7874999999999999,HIGH,recent demand momentum,inventory coverage,promotion context
2026-08-21,S01,P111,46.0,50.292,4.292000000000002,4.292000000000002,,,,0.7874999999999999,HIGH,recent demand momentum,inventory coverage,promotion context
2026-08-23,S01,P111,50.0,48.452,-1.5480000000000018,1.5480000000000018,,,,0.7874999999999999,HIGH,recent demand momentum,inventory coverage,promotion context
2026-08-24,S01,P111,52.0,51.16,-0.8400000000000034,0.8400000000000034,,,,0.7874999999999999,HIGH,recent demand momentum,inventory coverage,promotion context
2026-08-25,S01,P111,48.0,48.96,0.9600000000000009,0.9600000000000009,0.0,LOW,0.0,0.7874999999999999,HIGH,recent demand momentum,inventory coverage,promotion context
2026-08-21,S01,P112,18.0,11.9,-6.1,6.1,,,,0.7874999999999999,HIGH,recent demand momentum,inventory coverage,promotion context
2026-08-22,S01,P112,11.0,11.152,0.15199999999999925,0.15199999999999925,,,,0.7874999999999999,HIGH,recent demand momentum,inventory coverage,promotion context
2026-08-23,S01,P112,10.0,12.288,2.2880000000000003,2.2880000000000003,,,,0.7874999999999999,HIGH,recent demand momentum,inventory coverage,promotion context
2026-08-24,S01,P112,8.0,12.944,4.944000000000001,4.944000000000001,,,,0.7874999999999999,HIGH,recent demand momentum,inventory coverage,promotion context
2026-08-25,S01,P112,1.0,12.92,11.92,11.92,0.0,LOW,0.0,0.7874999999999999,HIGH,recent demand momentum,inventory coverage,promotion context
2026-08-20,S01,P113,21.0,24.404,3.404,3.404,,,,0.7874999999999999,HIGH,recent demand momentum,inventory coverage,promotion context
2026-08-21,S01,P113,19.0,21.9,2.8999999999999986,2.8999999999999986,,,,0.7874999999999999,HIGH,recent demand momentum,inventory coverage,promotion context
2026-08-22,S01,P113,19.0,27.1,8.100000000000001,8.100000000000001,,,,0.7874999999999999,HIGH,recent demand momentum,inventory coverage,promotion context
2026-08-23,S01,P113,15.0,28.02,13.02,13.02,,,,0.7874999999999999,HIGH,recent demand momentum,inventory coverage,promotion context
2026-08-24,S01,P113,18.0,29.56,11.559999999999999,11.559999999999999,,,,0.7874999999999999,HIGH,recent demand momentum,inventory coverage,promotion context
2026-08-25,S01,P113,16.0,26.18,10.18,10.18,0.0,LOW,0.0,0.7874999999999999,HIGH,recent demand momentum,inventory coverage,promotion context
2026-08-20,S01,P114,32.0,30.7,-1.3000000000000007,1.3000000000000007,,,,0.7874999999999999,HIGH,recent demand momentum,inventory coverage,promotion context
2026-08-21,S01,P114,32.0,27.744,-4.256,4.256,,,,0.7874999999999999,HIGH,recent demand momentum,inventory coverage,promotion context
2026-08-22,S01,P114,37.0,26.564,-10.436,10.436,,,,0.7874999999999999,HIGH,recent demand momentum,inventory coverage,promotion context
2026-08-23,S01,P114,37.0,26.948,-10.052,10.052,,,,0.7874999999999999,HIGH,recent demand momentum,inventory coverage,promotion context
2026-08-24,S01,P114,38.0,25.536,-12.463999999999999,12.463999999999999,,,,0.7874999999999999,HIGH,recent demand momentum,inventory coverage,promotion context
2026-08-25,S01,P114,33.0,26.84,-6.16,6.16,0.0,LOW,0.0,0.7874999999999999,HIGH,recent demand momentum,inventory coverage,promotion context
2026-08-22,S01,P115,9.0,9.44,0.4399999999999995,0.4399999999999995,,,,0.7874999999999999,HIGH,recent demand momentum,inventory coverage,promotion context
2026-08-23,S01,P115,5.0,9.292,4.292,4.292,,,,0.7874999999999999,HIGH,recent demand momentum,inventory coverage,promotion context
2026-08-25,S01,P115,3.0,9.764,6.763999999999999,6.763999999999999,,,,0.7874999999999999,HIGH,recent demand momentum,inventory coverage,promotion context
2026-08-20,S01,P116,39.0,28.46,-10.54,10.54,,,,0.7874999999999999,HIGH,recent demand momentum,inventory coverage,promotion context
2026-08-21,S01,P116,39.0,28.66,-10.34,10.34,,,,0.7874999999999999,HIGH,recent demand momentum,inventory coverage,promotion context
2026-08-22,S01,P116,34.0,30.508,-3.492000000000001,3.492000000000001,,,,0.7874999999999999,HIGH,recent demand momentum,inventory coverage,promotion context
2026-08-23,S01,P116,29.0,28.58,-0.4200000000000017,0.4200000000000017,,,,0.7874999999999999,HIGH,recent demand momentum,inventory coverage,promotion context
2026-08-24,S01,P116,37.0,24.288,-12.712,12.712,,,,0.7874999999999999,HIGH,recent demand momentum,inventory coverage,promotion context
2026-08-25,S01,P116,35.0,23.388,-11.611999999999998,11.611999999999998,,,,0.7874999999999999,HIGH,recent demand momentum,inventory coverage,promotion context
2026-08-20,S01,P117,34.0,18.748,-15.251999999999999,15.251999999999999,,,,0.7874999999999999,HIGH,recent demand momentum,inventory coverage,promotion context
2026-08-21,S01,P117,26.0,17.996,-8.004000000000001,8.004000000000001,,,,0.7874999999999999,HIGH,recent demand momentum,inventory coverage,promotion context
2026-08-22,S01,P117,23.0,16.864,-6.135999999999999,6.135999999999999,,,,0.7874999999999999,HIGH,recent demand momentum,inventory coverage,promotion context
2026-08-23,S01,P117,21.0,16.588,-4.411999999999999,4.411999999999999,,,,0.7874999999999999,HIGH,recent demand momentum,inventory coverage,promotion context
2026-08-24,S01,P117,15.0,17.788,2.7880000000000003,2.7880000000000003,,,,0.7874999999999999,HIGH,recent demand momentum,inventory coverage,promotion context
2026-08-25,S01,P117,10.0,18.484,8.484000000000002,8.484000000000002,,,,0.7874999999999999,HIGH,recent demand momentum,inventory coverage,promotion context
2026-08-20,S01,P118,12.0,18.604,6.603999999999999,6.603999999999999,,,,0.7874999999999999,HIGH,recent demand momentum,inventory coverage,promotion context
2026-08-22,S01,P118,14.0,19.164,5.1640000000000015,5.1640000000000015,,,,0.7874999999999999,HIGH,recent demand momentum,inventory coverage,promotion context
2026-08-23,S01,P118,12.0,19.064,7.064,7.064,,,,0.7874999999999999,HIGH,recent demand momentum,inventory coverage,promotion context
2026-08-24,S01,P118,15.0,19.252,4.251999999999999,4.251999999999999,,,,0.7874999999999999,HIGH,recent demand momentum,inventory coverage,promotion context
2026-08-25,S01,P118,13.0,19.716,6.716000000000001,6.716000000000001,,,,0.7874999999999999,HIGH,recent demand momentum,inventory coverage,promotion context
2026-08-23,S01,P119,10.0,18.964,8.963999999999999,8.963999999999999,,,,0.7874999999999999,HIGH,recent demand momentum,inventory coverage,promotion context
2026-08-24,S01,P119,2.0,19.664,17.664,17.664,,,,0.7874999999999999,HIGH,recent demand momentum,inventory coverage,promotion context
2026-08-25,S01,P119,1.0,17.6,16.6,16.6,,,,0.7874999999999999,HIGH,recent demand momentum,inventory coverage,promotion context
2026-08-20,S01,P120,21.0,19.948,-1.0519999999999996,1.0519999999999996,,,,0.7874999999999999,HIGH,recent demand momentum,inventory coverage,promotion context
2026-08-21,S01,P120,22.0,17.672,-4.327999999999999,4.327999999999999,,,,0.7874999999999999,HIGH,recent demand momentum,inventory coverage,promotion context
2026-08-22,S01,P120,20.0,18.328,-1.6720000000000006,1.6720000000000006,,,,0.7874999999999999,HIGH,recent demand momentum,inventory coverage,promotion context
2026-08-23,S01,P120,18.0,18.164,0.16400000000000148,0.16400000000000148,,,,0.7874999999999999,HIGH,recent demand momentum,inventory coverage,promotion context
2026-08-24,S01,P120,24.0,19.78,-4.219999999999999,4.219999999999999,,,,0.7874999999999999,HIGH,recent demand momentum,inventory coverage,promotion context
2026-08-25,S01,P120,23.0,21.256,-1.7439999999999998,1.7439999999999998,,,,0.7874999999999999,HIGH,recent demand momentum,inventory coverage,promotion context
2026-08-20,S01,P121,5.0,14.52,9.52,9.52,,,,0.7874999999999999,HIGH,recent demand momentum,inventory coverage,promotion context
2026-08-22,S01,P121,10.0,14.6,4.6,4.6,,,,0.7874999999999999,HIGH,recent demand momentum,inventory coverage,promotion context
2026-08-24,S01,P121,10.0,15.484,5.484,5.484,,,,0.7874999999999999,HIGH,recent demand momentum,inventory coverage,promotion context
2026-08-25,S01,P121,9.0,14.88,5.880000000000001,5.880000000000001,0.0,LOW,0.0,0.7874999999999999,HIGH,recent demand momentum,inventory coverage,promotion context
2026-08-20,S01,P122,25.0,24.788,-0.21199999999999974,0.21199999999999974,,,,0.7874999999999999,HIGH,recent demand momentum,inventory coverage,promotion context
2026-08-21,S01,P122,28.0,25.624,-2.3760000000000012,2.3760000000000012,,,,0.7874999999999999,HIGH,recent demand momentum,inventory coverage,promotion context
2026-08-22,S01,P122,27.0,26.236,-0.7639999999999993,0.7639999999999993,,,,0.7874999999999999,HIGH,recent demand momentum,inventory coverage,promotion context
2026-08-23,S01,P122,24.0,28.372,4.372,4.372,,,,0.7874999999999999,HIGH,recent demand momentum,inventory coverage,promotion context
2026-08-24,S01,P122,20.0,33.824,13.823999999999998,13.823999999999998,,,,0.7874999999999999,HIGH,recent demand momentum,inventory coverage,promotion context
2026-08-25,S01,P122,17.0,33.028,16.028,16.028,0.0,LOW,0.0,0.7874999999999999,HIGH,recent demand momentum,inventory coverage,promotion context
2026-08-20,S01,P123,115.0,167.544,52.54400000000001,52.54400000000001,,,,0.7874999999999999,HIGH,recent demand momentum,inventory coverage,promotion context
2026-08-21,S01,P123,104.0,169.136,65.136,65.136,,,,0.7874999999999999,HIGH,recent demand momentum,inventory coverage,promotion context
2026-08-22,S01,P123,110.0,126.212,16.212000000000003,16.212000000000003,,,,0.7874999999999999,HIGH,recent demand momentum,inventory coverage,promotion context
2026-08-23,S01,P123,103.0,165.868,62.867999999999995,62.867999999999995,,,,0.7874999999999999,HIGH,recent demand momentum,inventory coverage,promotion context
2026-08-24,S01,P123,103.0,128.48,25.47999999999999,25.47999999999999,,,,0.7874999999999999,HIGH,recent demand momentum,inventory coverage,promotion context
2026-08-25,S01,P123,88.0,128.36,40.360000000000014,40.360000000000014,,,,0.7874999999999999,HIGH,recent demand momentum,inventory coverage,promotion context
2026-08-20,S01,P124,72.0,65.64,-6.359999999999999,6.359999999999999,,,,0.7874999999999999,HIGH,recent demand momentum,inventory coverage,promotion context
2026-08-21,S01,P124,72.0,65.232,-6.768000000000001,6.768000000000001,,,,0.7874999999999999,HIGH,recent demand momentum,inventory coverage,promotion context
2026-08-22,S01,P124,77.0,69.092,-7.908000000000001,7.908000000000001,,,,0.7874999999999999,HIGH,recent demand momentum,inventory coverage,promotion context
2026-08-23,S01,P124,70.0,69.452,-0.5480000000000018,0.5480000000000018,,,,0.7874999999999999,HIGH,recent demand momentum,inventory coverage,promotion context
2026-08-24,S01,P124,56.0,65.72,9.719999999999999,9.719999999999999,,,,0.7874999999999999,HIGH,recent demand momentum,inventory coverage,promotion context
2026-08-25,S01,P124,42.0,65.188,23.188000000000002,23.188000000000002,0.0,LOW,0.0,0.7874999999999999,HIGH,recent demand momentum,inventory coverage,promotion context
2026-08-20,S01,P125,23.0,15.992,-7.007999999999999,7.007999999999999,,,,0.7874999999999999,HIGH,recent demand momentum,inventory coverage,promotion context
2026-08-22,S01,P125,30.0,15.016,-14.984,14.984,,,,0.7874999999999999,HIGH,recent demand momentum,inventory coverage,promotion context
2026-08-23,S01,P125,25.0,15.016,-9.984,9.984,,,,0.7874999999999999,HIGH,recent demand momentum,inventory coverage,promotion context
2026-08-24,S01,P125,21.0,17.108,-3.8919999999999995,3.8919999999999995,,,,0.7874999999999999,HIGH,recent demand momentum,inventory coverage,promotion context
2026-08-20,S01,P126,76.0,68.212,-7.787999999999997,7.787999999999997,,,,0.7874999999999999,HIGH,recent demand momentum,inventory coverage,promotion context
2026-08-21,S01,P126,81.0,72.012,-8.988,8.988,,,,0.7874999999999999,HIGH,recent demand momentum,inventory coverage,promotion context
2026-08-22,S01,P126,88.0,70.372,-17.628,17.628,,,,0.7874999999999999,HIGH,recent demand momentum,inventory coverage,promotion context
2026-08-23,S01,P126,96.0,73.192,-22.808000000000007,22.808000000000007,,,,0.7874999999999999,HIGH,recent demand momentum,inventory coverage,promotion context
2026-08-24,S01,P126,101.0,73.888,-27.111999999999995,27.111999999999995,,,,0.7874999999999999,HIGH,recent demand momentum,inventory coverage,promotion context
2026-08-25,S01,P126,83.0,74.616,-8.384,8.384,0.0,LOW,0.0,0.7874999999999999,HIGH,recent demand momentum,inventory coverage,promotion context
2026-08-20,S01,P127,196.0,177.444,-18.55600000000001,18.55600000000001,,,,0.7874999999999999,HIGH,recent demand momentum,inventory coverage,promotion context
2026-08-21,S01,P127,187.0,178.984,-8.015999999999991,8.015999999999991,,,,0.7874999999999999,HIGH,recent demand momentum,inventory coverage,promotion context
2026-08-22,S01,P127,183.0,182.444,-0.5560000000000116,0.5560000000000116,,,,0.7874999999999999,HIGH,recent demand momentum,inventory coverage,promotion context
2026-08-23,S01,P127,166.0,169.688,3.687999999999988,3.687999999999988,,,,0.7874999999999999,HIGH,recent demand momentum,inventory coverage,promotion context
2026-08-24,S01,P127,171.0,173.264,2.26400000000001,2.26400000000001,,,,0.7874999999999999,HIGH,recent demand momentum,inventory coverage,promotion context
2026-08-25,S01,P127,147.0,170.672,23.671999999999997,23.671999999999997,0.0,LOW,0.0,0.7874999999999999,HIGH,recent demand momentum,inventory coverage,promotion context
2026-08-20,S01,P128,15.0,26.584,11.584,11.584,,,,0.7874999999999999,HIGH,recent demand momentum,inventory coverage,promotion context
2026-08-21,S01,P128,13.0,25.172,12.172,12.172,,,,0.7874999999999999,HIGH,recent demand momentum,inventory coverage,promotion context
2026-08-22,S01,P128,13.0,25.888,12.888000000000002,12.888000000000002,,,,0.7874999999999999,HIGH,recent demand momentum,inventory coverage,promotion context
2026-08-24,S01,P128,18.0,26.172,8.172,8.172,,,,0.7874999999999999,HIGH,recent demand momentum,inventory coverage,promotion context
2026-08-25,S01,P128,17.0,25.14,8.14,8.14,0.0,LOW,0.0,0.7874999999999999,HIGH,recent demand momentum,inventory coverage,promotion context
2026-08-20,S01,P129,76.0,116.552,40.55200000000001,40.55200000000001,,,,0.7874999999999999,HIGH,recent demand momentum,inventory coverage,promotion context
2026-08-21,S01,P129,77.0,103.916,26.915999999999997,26.915999999999997,,,,0.7874999999999999,HIGH,recent demand momentum,inventory coverage,promotion context
2026-08-22,S01,P129,86.0,104.724,18.724000000000004,18.724000000000004,,,,0.7874999999999999,HIGH,recent demand momentum,inventory coverage,promotion context
2026-08-23,S01,P129,96.0,108.636,12.635999999999996,12.635999999999996,,,,0.7874999999999999,HIGH,recent demand momentum,inventory coverage,promotion context
2026-08-24,S01,P129,95.0,104.352,9.352000000000004,9.352000000000004,,,,0.7874999999999999,HIGH,recent demand momentum,inventory coverage,promotion context
2026-08-25,S01,P129,88.0,114.876,26.876000000000005,26.876000000000005,0.0,LOW,0.0,0.7874999999999999,HIGH,recent demand momentum,inventory coverage,promotion context
2026-08-20,S01,P130,206.0,220.668,14.668000000000006,14.668000000000006,,,,0.7874999999999999,HIGH,recent demand momentum,inventory coverage,promotion context
2026-08-21,S01,P130,224.0,280.976,56.976,56.976,,,,0.7874999999999999,HIGH,recent demand momentum,inventory coverage,promotion context
2026-08-22,S01,P130,216.0,274.42,58.420000000000016,58.420000000000016,,,,0.7874999999999999,HIGH,recent demand momentum,inventory coverage,promotion context
2026-08-23,S01,P130,192.0,256.096,64.096,64.096,,,,0.7874999999999999,HIGH,recent demand momentum,inventory coverage,promotion context
2026-08-24,S01,P130,195.0,213.184,18.183999999999997,18.183999999999997,,,,0.7874999999999999,HIGH,recent demand momentum,inventory coverage,promotion context
2026-08-25,S01,P130,175.0,270.088,95.08800000000002,95.08800000000002,,,,0.7874999999999999,HIGH,recent demand momentum,inventory coverage,promotion context
2026-08-20,S01,P131,87.0,123.796,36.79600000000001,36.79600000000001,,,,0.7874999999999999,HIGH,recent demand momentum,inventory coverage,promotion context
2026-08-21,S01,P131,99.0,126.064,27.063999999999993,27.063999999999993,,,,0.7874999999999999,HIGH,recent demand momentum,inventory coverage,promotion context
2026-08-22,S01,P131,92.0,122.752,30.751999999999995,30.751999999999995,,,,0.7874999999999999,HIGH,recent demand momentum,inventory coverage,promotion context
2026-08-23,S01,P131,97.0,114.512,17.512,17.512,,,,0.7874999999999999,HIGH,recent demand momentum,inventory coverage,promotion context
2026-08-24,S01,P131,92.0,121.184,29.183999999999997,29.183999999999997,,,,0.7874999999999999,HIGH,recent demand momentum,inventory coverage,promotion context
2026-08-25,S01,P131,83.0,123.664,40.664,40.664,0.0,LOW,0.0,0.7874999999999999,HIGH,recent demand momentum,inventory coverage,promotion context
2026-08-20,S01,P132,64.0,61.208,-2.7920000000000016,2.7920000000000016,,,,0.7874999999999999,HIGH,recent demand momentum,inventory coverage,promotion context
2026-08-21,S01,P132,58.0,50.716,-7.283999999999999,7.283999999999999,,,,0.7874999999999999,HIGH,recent demand momentum,inventory coverage,promotion context
2026-08-22,S01,P132,44.0,53.316,9.316000000000003,9.316000000000003,,,,0.7874999999999999,HIGH,recent demand momentum,inventory coverage,promotion context
2026-08-23,S01,P132,45.0,52.64,7.640000000000001,7.640000000000001,,,,0.7874999999999999,HIGH,recent demand momentum,inventory coverage,promotion context
2026-08-24,S01,P132,42.0,53.372,11.372,11.372,,,,0.7874999999999999,HIGH,recent demand momentum,inventory coverage,promotion context
2026-08-25,S01,P132,35.0,51.716,16.716,16.716,,,,0.7874999999999999,HIGH,recent demand momentum,inventory coverage,promotion context
2026-08-20,S01,P133,250.0,258.384,8.384000000000015,8.384000000000015,,,,0.7874999999999999,HIGH,recent demand momentum,inventory coverage,promotion context
2026-08-21,S01,P133,268.0,259.276,-8.72399999999999,8.72399999999999,,,,0.7874999999999999,HIGH,recent demand momentum,inventory coverage,promotion context
2026-08-22,S01,P133,266.0,251.868,-14.132000000000005,14.132000000000005,,,,0.7874999999999999,HIGH,recent demand momentum,inventory coverage,promotion context
2026-08-23,S01,P133,278.0,253.908,-24.092000000000013,24.092000000000013,,,,0.7874999999999999,HIGH,recent demand momentum,inventory coverage,promotion context
2026-08-24,S01,P133,276.0,248.68,-27.319999999999993,27.319999999999993,,,,0.7874999999999999,HIGH,recent demand momentum,inventory coverage,promotion context
2026-08-25,S01,P133,255.0,257.072,2.0720000000000027,2.0720000000000027,0.0,LOW,0.0,0.7874999999999999,HIGH,recent demand momentum,inventory coverage,promotion context
2026-08-20,S01,P134,109.0,111.7,2.700000000000003,2.700000000000003,,,,0.7874999999999999,HIGH,recent demand momentum,inventory coverage,promotion context
2026-08-21,S01,P134,100.0,110.208,10.207999999999998,10.207999999999998,,,,0.7874999999999999,HIGH,recent demand momentum,inventory coverage,promotion context
2026-08-22,S01,P134,91.0,112.892,21.891999999999996,21.891999999999996,,,,0.7874999999999999,HIGH,recent demand momentum,inventory coverage,promotion context
2026-08-23,S01,P134,99.0,111.748,12.748000000000005,12.748000000000005,,,,0.7874999999999999,HIGH,recent demand momentum,inventory coverage,promotion context
2026-08-24,S01,P134,91.0,108.2,17.200000000000003,17.200000000000003,,,,0.7874999999999999,HIGH,recent demand momentum,inventory coverage,promotion context
2026-08-25,S01,P134,77.0,106.484,29.483999999999995,29.483999999999995,0.0,LOW,0.0,0.7874999999999999,HIGH,recent demand momentum,inventory coverage,promotion context
2026-08-20,S01,P135,32.0,59.124,27.124000000000002,27.124000000000002,,,,0.7874999999999999,HIGH,recent demand momentum,inventory coverage,promotion context
2026-08-21,S01,P135,29.0,51.7,22.700000000000003,22.700000000000003,,,,0.7874999999999999,HIGH,recent demand momentum,inventory coverage,promotion context
2026-08-22,S01,P135,32.0,54.168,22.168,22.168,,,,0.7874999999999999,HIGH,recent demand momentum,inventory coverage,promotion context
2026-08-23,S01,P135,35.0,49.608,14.607999999999997,14.607999999999997,,,,0.7874999999999999,HIGH,recent demand momentum,inventory coverage,promotion context
2026-08-24,S01,P135,41.0,48.42,7.420000000000002,7.420000000000002,,,,0.7874999999999999,HIGH,recent demand momentum,inventory coverage,promotion context
2026-08-25,S01,P135,38.0,47.076,9.076,9.076,0.0,LOW,0.0,0.7874999999999999,HIGH,recent demand momentum,inventory coverage,promotion context
2026-08-23,S01,P136,9.0,6.528,-2.4720000000000004,2.4720000000000004,,,,0.7874999999999999,HIGH,recent demand momentum,inventory coverage,promotion context
2026-08-20,S01,P137,68.0,74.596,6.596000000000004,6.596000000000004,,,,0.7874999999999999,HIGH,recent demand momentum,inventory coverage,promotion context
2026-08-21,S01,P137,74.0,75.18,1.1800000000000068,1.1800000000000068,,,,0.7874999999999999,HIGH,recent demand momentum,inventory coverage,promotion context
2026-08-22,S01,P137,85.0,74.072,-10.927999999999997,10.927999999999997,,,,0.7874999999999999,HIGH,recent demand momentum,inventory coverage,promotion context
2026-08-23,S01,P137,75.0,89.884,14.884,14.884,,,,0.7874999999999999,HIGH,recent demand momentum,inventory coverage,promotion context
2026-08-24,S01,P137,82.0,89.56,7.560000000000002,7.560000000000002,,,,0.7874999999999999,HIGH,recent demand momentum,inventory coverage,promotion context
2026-08-25,S01,P137,73.0,88.284,15.284000000000006,15.284000000000006,,,,0.7874999999999999,HIGH,recent demand momentum,inventory coverage,promotion context
2026-08-20,S01,P138,55.0,48.188,-6.811999999999998,6.811999999999998,,,,0.7874999999999999,HIGH,recent demand momentum,inventory coverage,promotion context
2026-08-21,S01,P138,51.0,49.172,-1.828000000000003,1.828000000000003,,,,0.7874999999999999,HIGH,recent demand momentum,inventory coverage,promotion context
2026-08-22,S01,P138,43.0,50.284,7.283999999999999,7.283999999999999,,,,0.7874999999999999,HIGH,recent demand momentum,inventory coverage,promotion context
2026-08-23,S01,P138,42.0,50.2,8.200000000000003,8.200000000000003,,,,0.7874999999999999,HIGH,recent demand momentum,inventory coverage,promotion context
2026-08-24,S01,P138,35.0,53.712,18.712000000000003,18.712000000000003,,,,0.7874999999999999,HIGH,recent demand momentum,inventory coverage,promotion context
2026-08-25,S01,P138,29.0,47.208,18.208,18.208,0.0,LOW,0.0,0.7874999999999999,HIGH,recent demand momentum,inventory coverage,promotion context
2026-08-20,S01,P139,18.0,13.156,-4.843999999999999,4.843999999999999,,,,0.7874999999999999,HIGH,recent demand momentum,inventory coverage,promotion context
2026-08-21,S01,P139,13.0,13.212,0.21199999999999974,0.21199999999999974,,,,0.7874999999999999,HIGH,recent demand momentum,inventory coverage,promotion context
2026-08-22,S01,P139,13.0,12.5,-0.5,0.5,,,,0.7874999999999999,HIGH,recent demand momentum,inventory coverage,promotion context
2026-08-23,S01,P139,12.0,13.244,1.2439999999999998,1.2439999999999998,,,,0.7874999999999999,HIGH,recent demand momentum,inventory coverage,promotion context
2026-08-24,S01,P139,12.0,15.032,3.032,3.032,,,,0.7874999999999999,HIGH,recent demand momentum,inventory coverage,promotion context
2026-08-20,S01,P140,17.0,28.336,11.335999999999999,11.335999999999999,,,,0.7874999999999999,HIGH,recent demand momentum,inventory coverage,promotion context
2026-08-23,S01,P140,19.0,25.548,6.547999999999998,6.547999999999998,,,,0.7874999999999999,HIGH,recent demand momentum,inventory coverage,promotion context
2026-08-25,S01,P140,12.0,23.176,11.175999999999998,11.175999999999998,0.0,LOW,0.0,0.7874999999999999,HIGH,recent demand momentum,inventory coverage,promotion context
2026-08-20,S01,P141,22.0,27.18,5.18,5.18,,,,0.7874999999999999,HIGH,recent demand momentum,inventory coverage,promotion context
2026-08-21,S01,P141,22.0,25.932,3.9319999999999986,3.9319999999999986,,,,0.7874999999999999,HIGH,recent demand momentum,inventory coverage,promotion context
2026-08-22,S01,P141,15.0,25.628,10.628,10.628,,,,0.7874999999999999,HIGH,recent demand momentum,inventory coverage,promotion context
2026-08-23,S01,P141,16.0,26.824,10.824000000000002,10.824000000000002,,,,0.7874999999999999,HIGH,recent demand momentum,inventory coverage,promotion context
2026-08-24,S01,P141,18.0,26.996,8.995999999999999,8.995999999999999,,,,0.7874999999999999,HIGH,recent demand momentum,inventory coverage,promotion context
2026-08-22,S01,P142,16.0,11.856,-4.144,4.144,,,,0.7874999999999999,HIGH,recent demand momentum,inventory coverage,promotion context
2026-08-23,S01,P142,16.0,10.58,-5.42,5.42,,,,0.7874999999999999,HIGH,recent demand momentum,inventory coverage,promotion context
2026-08-25,S01,P142,16.0,8.044,-7.9559999999999995,7.9559999999999995,0.0,LOW,0.0,0.7874999999999999,HIGH,recent demand momentum,inventory coverage,promotion context
2026-08-20,S01,P143,40.0,45.56,5.560000000000002,5.560000000000002,,,,0.7874999999999999,HIGH,recent demand momentum,inventory coverage,promotion context
2026-08-21,S01,P143,41.0,45.044,4.043999999999997,4.043999999999997,,,,0.7874999999999999,HIGH,recent demand momentum,inventory coverage,promotion context
2026-08-22,S01,P143,41.0,45.496,4.496000000000002,4.496000000000002,,,,0.7874999999999999,HIGH,recent demand momentum,inventory coverage,promotion context
2026-08-23,S01,P143,36.0,48.444,12.444000000000003,12.444000000000003,,,,0.7874999999999999,HIGH,recent demand momentum,inventory coverage,promotion context
2026-08-25,S01,P143,33.0,45.932,12.932000000000002,12.932000000000002,0.0,LOW,0.0,0.7874999999999999,HIGH,recent demand momentum,inventory coverage,promotion context
2026-08-20,S01,P144,36.0,39.872,3.872,3.872,,,,0.7874999999999999,HIGH,recent demand momentum,inventory coverage,promotion context
2026-08-21,S01,P144,35.0,38.576,3.5760000000000005,3.5760000000000005,,,,0.7874999999999999,HIGH,recent demand momentum,inventory coverage,promotion context
2026-08-22,S01,P144,42.0,41.156,-0.8440000000000012,0.8440000000000012,,,,0.7874999999999999,HIGH,recent demand momentum,inventory coverage,promotion context
2026-08-23,S01,P144,48.0,39.092,-8.908000000000001,8.908000000000001,,,,0.7874999999999999,HIGH,recent demand momentum,inventory coverage,promotion context
2026-08-24,S01,P144,55.0,40.188,-14.811999999999998,14.811999999999998,,,,0.7874999999999999,HIGH,recent demand momentum,inventory coverage,promotion context
2026-08-25,S01,P144,46.0,38.952,-7.048000000000002,7.048000000000002,0.0,LOW,0.0,0.7874999999999999,HIGH,recent demand momentum,inventory coverage,promotion context
2026-08-20,S01,P145,27.0,28.892,1.8919999999999995,1.8919999999999995,,,,0.7874999999999999,HIGH,recent demand momentum,inventory coverage,promotion context
2026-08-21,S01,P145,19.0,30.78,11.780000000000001,11.780000000000001,,,,0.7874999999999999,HIGH,recent demand momentum,inventory coverage,promotion context
2026-08-22,S01,P145,16.0,27.408,11.408000000000001,11.408000000000001,,,,0.7874999999999999,HIGH,recent demand momentum,inventory coverage,promotion context
2026-08-23,S01,P145,14.0,28.148,14.148,14.148,,,,0.7874999999999999,HIGH,recent demand momentum,inventory coverage,promotion context
2026-08-24,S01,P145,13.0,27.88,14.879999999999999,14.879999999999999,,,,0.7874999999999999,HIGH,recent demand momentum,inventory coverage,promotion context
2026-08-25,S01,P145,8.0,29.112,21.112,21.112,0.0,LOW,0.0,0.7874999999999999,HIGH,recent demand momentum,inventory coverage,promotion context
2026-08-20,S01,P146,77.0,61.54,-15.46,15.46,,,,0.7874999999999999,HIGH,recent demand momentum,inventory coverage,promotion context
2026-08-21,S01,P146,68.0,63.684,-4.3160000000000025,4.3160000000000025,,,,0.7874999999999999,HIGH,recent demand momentum,inventory coverage,promotion context
2026-08-22,S01,P146,78.0,57.436,-20.564,20.564,,,,0.7874999999999999,HIGH,recent demand momentum,inventory coverage,promotion context
2026-08-23,S01,P146,74.0,64.216,-9.784000000000006,9.784000000000006,,,,0.7874999999999999,HIGH,recent demand momentum,inventory coverage,promotion context
2026-08-24,S01,P146,67.0,63.672,-3.328000000000003,3.328000000000003,,,,0.7874999999999999,HIGH,recent demand momentum,inventory coverage,promotion context
2026-08-25,S01,P146,60.0,67.94,7.939999999999998,7.939999999999998,0.0,LOW,0.0,0.7874999999999999,HIGH,recent demand momentum,inventory coverage,promotion context
2026-08-20,S01,P147,41.0,38.08,-2.9200000000000017,2.9200000000000017,,,,0.7874999999999999,HIGH,recent demand momentum,inventory coverage,promotion context
2026-08-21,S01,P147,44.0,37.156,-6.844000000000001,6.844000000000001,,,,0.7874999999999999,HIGH,recent demand momentum,inventory coverage,promotion context
2026-08-22,S01,P147,42.0,39.392,-2.607999999999997,2.607999999999997,,,,0.7874999999999999,HIGH,recent demand momentum,inventory coverage,promotion context
2026-08-23,S01,P147,47.0,41.684,-5.3160000000000025,5.3160000000000025,,,,0.7874999999999999,HIGH,recent demand momentum,inventory coverage,promotion context
2026-08-24,S01,P147,47.0,41.56,-5.439999999999998,5.439999999999998,,,,0.7874999999999999,HIGH,recent demand momentum,inventory coverage,promotion context
2026-08-25,S01,P147,41.0,39.06,-1.9399999999999977,1.9399999999999977,,,,0.7874999999999999,HIGH,recent demand momentum,inventory coverage,promotion context
2026-08-20,S01,P148,12.0,10.344,-1.6560000000000006,1.6560000000000006,,,,0.7874999999999999,HIGH,recent demand momentum,inventory coverage,promotion context
2026-08-21,S01,P148,13.0,11.14,-1.8599999999999994,1.8599999999999994,,,,0.7874999999999999,HIGH,recent demand momentum,inventory coverage,promotion context
2026-08-22,S01,P148,11.0,10.868,-0.13199999999999967,0.13199999999999967,,,,0.7874999999999999,HIGH,recent demand momentum,inventory coverage,promotion context
2026-08-23,S01,P148,13.0,10.788,-2.2119999999999997,2.2119999999999997,,,,0.7874999999999999,HIGH,recent demand momentum,inventory coverage,promotion context
2026-08-24,S01,P148,10.0,11.256,1.2560000000000002,1.2560000000000002,,,,0.7874999999999999,HIGH,recent demand momentum,inventory coverage,promotion context
2026-08-20,S01,P149,16.0,27.58,11.579999999999998,11.579999999999998,,,,0.7874999999999999,HIGH,recent demand momentum,inventory coverage,promotion context
2026-08-21,S01,P149,19.0,31.108,12.108,12.108,,,,0.7874999999999999,HIGH,recent demand momentum,inventory coverage,promotion context
2026-08-22,S01,P149,21.0,28.712,7.712,7.712,,,,0.7874999999999999,HIGH,recent demand momentum,inventory coverage,promotion context
2026-08-23,S01,P149,21.0,26.764,5.763999999999999,5.763999999999999,,,,0.7874999999999999,HIGH,recent demand momentum,inventory coverage,promotion context
2026-08-24,S01,P149,21.0,25.636,4.635999999999999,4.635999999999999,,,,0.7874999999999999,HIGH,recent demand momentum,inventory coverage,promotion context
2026-08-21,S01,P150,18.0,20.592,2.5919999999999987,2.5919999999999987,,,,0.7874999999999999,HIGH,recent demand momentum,inventory coverage,promotion context
2026-08-23,S01,P150,15.0,23.188,8.187999999999999,8.187999999999999,,,,0.7874999999999999,HIGH,recent demand momentum,inventory coverage,promotion context
2026-08-24,S01,P150,17.0,27.388,10.388000000000002,10.388000000000002,,,,0.7874999999999999,HIGH,recent demand momentum,inventory coverage,promotion context
2026-08-25,S01,P150,14.0,17.128,3.128,3.128,0.0,LOW,0.0,0.7874999999999999,HIGH,recent demand momentum,inventory coverage,promotion context
2026-08-21,S01,P151,18.0,18.72,0.7199999999999989,0.7199999999999989,,,,0.7874999999999999,HIGH,recent demand momentum,inventory coverage,promotion context
2026-08-22,S01,P151,15.0,17.156,2.155999999999999,2.155999999999999,,,,0.7874999999999999,HIGH,recent demand momentum,inventory coverage,promotion context
2026-08-23,S01,P151,14.0,19.576,5.5760000000000005,5.5760000000000005,,,,0.7874999999999999,HIGH,recent demand momentum,inventory coverage,promotion context
2026-08-24,S01,P151,15.0,15.364,0.36400000000000077,0.36400000000000077,,,,0.7874999999999999,HIGH,recent demand momentum,inventory coverage,promotion context
2026-08-20,S01,P152,91.0,70.016,-20.983999999999995,20.983999999999995,,,,0.7874999999999999,HIGH,recent demand momentum,inventory coverage,promotion context
2026-08-21,S01,P152,99.0,71.104,-27.896,27.896,,,,0.7874999999999999,HIGH,recent demand momentum,inventory coverage,promotion context
2026-08-22,S01,P152,91.0,71.948,-19.052000000000007,19.052000000000007,,,,0.7874999999999999,HIGH,recent demand momentum,inventory coverage,promotion context
2026-08-23,S01,P152,84.0,69.048,-14.951999999999998,14.951999999999998,,,,0.7874999999999999,HIGH,recent demand momentum,inventory coverage,promotion context
2026-08-24,S01,P152,90.0,63.52,-26.479999999999997,26.479999999999997,,,,0.7874999999999999,HIGH,recent demand momentum,inventory coverage,promotion context
2026-08-25,S01,P152,83.0,68.716,-14.284000000000006,14.284000000000006,0.0,LOW,0.0,0.7874999999999999,HIGH,recent demand momentum,inventory coverage,promotion context
2026-08-20,S01,P153,45.0,51.776,6.776000000000003,6.776000000000003,,,,0.7874999999999999,HIGH,recent demand momentum,inventory coverage,promotion context
2026-08-21,S01,P153,52.0,51.22,-0.7800000000000011,0.7800000000000011,,,,0.7874999999999999,HIGH,recent demand momentum,inventory coverage,promotion context
2026-08-22,S01,P153,48.0,53.856,5.856000000000002,5.856000000000002,,,,0.7874999999999999,HIGH,recent demand momentum,inventory coverage,promotion context
2026-08-23,S01,P153,43.0,64.044,21.043999999999997,21.043999999999997,,,,0.7874999999999999,HIGH,recent demand momentum,inventory coverage,promotion context
2026-08-24,S01,P153,48.0,62.72,14.719999999999999,14.719999999999999,,,,0.7874999999999999,HIGH,recent demand momentum,inventory coverage,promotion context
2026-08-25,S01,P153,47.0,62.704,15.704,15.704,0.0,LOW,0.0,0.7874999999999999,HIGH,recent demand momentum,inventory coverage,promotion context
2026-08-21,S01,P154,20.0,24.64,4.640000000000001,4.640000000000001,,,,0.7874999999999999,HIGH,recent demand momentum,inventory coverage,promotion context
2026-08-22,S01,P154,12.0,17.504,5.504000000000001,5.504000000000001,,,,0.7874999999999999,HIGH,recent demand momentum,inventory coverage,promotion context
2026-08-24,S01,P154,13.0,21.248,8.248000000000001,8.248000000000001,,,,0.7874999999999999,HIGH,recent demand momentum,inventory coverage,promotion context
2026-08-25,S01,P154,11.0,22.38,11.379999999999999,11.379999999999999,0.0,LOW,0.0,0.7874999999999999,HIGH,recent demand momentum,inventory coverage,promotion context
2026-08-20,S01,P155,31.0,29.136,-1.8640000000000008,1.8640000000000008,,,,0.7874999999999999,HIGH,recent demand momentum,inventory coverage,promotion context
2026-08-21,S01,P155,28.0,31.484,3.4840000000000018,3.4840000000000018,,,,0.7874999999999999,HIGH,recent demand momentum,inventory coverage,promotion context
2026-08-22,S01,P155,28.0,28.96,0.9600000000000009,0.9600000000000009,,,,0.7874999999999999,HIGH,recent demand momentum,inventory coverage,promotion context
2026-08-24,S01,P155,36.0,35.776,-0.22399999999999665,0.22399999999999665,,,,0.7874999999999999,HIGH,recent demand momentum,inventory coverage,promotion context
2026-08-25,S01,P155,27.0,26.052,-0.9480000000000004,0.9480000000000004,0.0,LOW,0.0,0.7874999999999999,HIGH,recent demand momentum,inventory coverage,promotion context
2026-08-20,S01,P156,71.0,75.508,4.507999999999996,4.507999999999996,,,,0.7874999999999999,HIGH,recent demand momentum,inventory coverage,promotion context
2026-08-21,S01,P156,86.0,89.032,3.0319999999999965,3.0319999999999965,,,,0.7874999999999999,HIGH,recent demand momentum,inventory coverage,promotion context
2026-08-22,S01,P156,83.0,69.652,-13.347999999999999,13.347999999999999,,,,0.7874999999999999,HIGH,recent demand momentum,inventory coverage,promotion context
2026-08-23,S01,P156,80.0,85.068,5.067999999999998,5.067999999999998,,,,0.7874999999999999,HIGH,recent demand momentum,inventory coverage,promotion context
2026-08-24,S01,P156,84.0,90.116,6.116,6.116,,,,0.7874999999999999,HIGH,recent demand momentum,inventory coverage,promotion context
2026-08-25,S01,P156,70.0,79.316,9.316000000000003,9.316000000000003,0.0,LOW,0.0,0.7874999999999999,HIGH,recent demand momentum,inventory coverage,promotion context
2026-08-20,S01,P157,33.0,47.576,14.576,14.576,,,,0.7874999999999999,HIGH,recent demand momentum,inventory coverage,promotion context
2026-08-21,S01,P157,28.0,49.804,21.804000000000002,21.804000000000002,,,,0.7874999999999999,HIGH,recent demand momentum,inventory coverage,promotion context
2026-08-22,S01,P157,27.0,50.756,23.756,23.756,,,,0.7874999999999999,HIGH,recent demand momentum,inventory coverage,promotion context
2026-08-23,S01,P157,26.0,52.02,26.020000000000003,26.020000000000003,,,,0.7874999999999999,HIGH,recent demand momentum,inventory coverage,promotion context
2026-08-24,S01,P157,31.0,50.272,19.272,19.272,,,,0.7874999999999999,HIGH,recent demand momentum,inventory coverage,promotion context
2026-08-25,S01,P157,28.0,54.352,26.351999999999997,26.351999999999997,0.0,LOW,0.0,0.7874999999999999,HIGH,recent demand momentum,inventory coverage,promotion context
2026-08-20,S01,P158,209.0,142.984,-66.01599999999999,66.01599999999999,,,,0.7874999999999999,HIGH,recent demand momentum,inventory coverage,promotion context
2026-08-21,S01,P158,203.0,145.172,-57.828,57.828,,,,0.7874999999999999,HIGH,recent demand momentum,inventory coverage,promotion context
2026-08-22,S01,P158,211.0,157.928,-53.072,53.072,,,,0.7874999999999999,HIGH,recent demand momentum,inventory coverage,promotion context
2026-08-23,S01,P158,220.0,143.356,-76.644,76.644,,,,0.7874999999999999,HIGH,recent demand momentum,inventory coverage,promotion context
2026-08-24,S01,P158,204.0,155.98,-48.02000000000001,48.02000000000001,,,,0.7874999999999999,HIGH,recent demand momentum,inventory coverage,promotion context
2026-08-25,S01,P158,169.0,178.236,9.23599999999999,9.23599999999999,0.0,LOW,0.0,0.7874999999999999,HIGH,recent demand momentum,inventory coverage,promotion context
2026-08-20,S01,P159,168.0,187.364,19.364000000000004,19.364000000000004,,,,0.7874999999999999,HIGH,recent demand momentum,inventory coverage,promotion context
2026-08-21,S01,P159,162.0,189.3,27.30000000000001,27.30000000000001,,,,0.7874999999999999,HIGH,recent demand momentum,inventory coverage,promotion context
2026-08-22,S01,P159,176.0,195.516,19.51599999999999,19.51599999999999,,,,0.7874999999999999,HIGH,recent demand momentum,inventory coverage,promotion context
2026-08-23,S01,P159,185.0,184.584,-0.4159999999999968,0.4159999999999968,,,,0.7874999999999999,HIGH,recent demand momentum,inventory coverage,promotion context
2026-08-24,S01,P159,197.0,182.764,-14.23599999999999,14.23599999999999,,,,0.7874999999999999,HIGH,recent demand momentum,inventory coverage,promotion context
2026-08-25,S01,P159,159.0,179.052,20.051999999999992,20.051999999999992,,,,0.7874999999999999,HIGH,recent demand momentum,inventory coverage,promotion context
2026-08-21,S01,P160,2.0,4.484,2.484,2.484,,,,0.7874999999999999,HIGH,recent demand momentum,inventory coverage,promotion context
2026-08-20,S01,P161,129.0,116.272,-12.727999999999994,12.727999999999994,,,,0.7874999999999999,HIGH,recent demand momentum,inventory coverage,promotion context
2026-08-21,S01,P161,129.0,110.656,-18.343999999999994,18.343999999999994,,,,0.7874999999999999,HIGH,recent demand momentum,inventory coverage,promotion context
2026-08-22,S01,P161,114.0,107.78,-6.219999999999999,6.219999999999999,,,,0.7874999999999999,HIGH,recent demand momentum,inventory coverage,promotion context
2026-08-23,S01,P161,107.0,114.716,7.715999999999994,7.715999999999994,,,,0.7874999999999999,HIGH,recent demand momentum,inventory coverage,promotion context
2026-08-24,S01,P161,124.0,111.716,-12.284000000000006,12.284000000000006,,,,0.7874999999999999,HIGH,recent demand momentum,inventory coverage,promotion context
2026-08-25,S01,P161,114.0,118.22,4.219999999999999,4.219999999999999,,,,0.7874999999999999,HIGH,recent demand momentum,inventory coverage,promotion context
2026-08-24,S01,P162,0.0,6.748,6.748,6.748,,,,0.7874999999999999,HIGH,recent demand momentum,inventory coverage,promotion context
2026-08-20,S01,P163,140.0,119.288,-20.712000000000003,20.712000000000003,,,,0.7874999999999999,HIGH,recent demand momentum,inventory coverage,promotion context
2026-08-21,S01,P163,142.0,121.116,-20.884,20.884,,,,0.7874999999999999,HIGH,recent demand momentum,inventory coverage,promotion context
2026-08-22,S01,P163,145.0,117.96,-27.040000000000006,27.040000000000006,,,,0.7874999999999999,HIGH,recent demand momentum,inventory coverage,promotion context
2026-08-23,S01,P163,147.0,122.612,-24.388000000000005,24.388000000000005,,,,0.7874999999999999,HIGH,recent demand momentum,inventory coverage,promotion context
2026-08-24,S01,P163,131.0,119.564,-11.436000000000007,11.436000000000007,,,,0.7874999999999999,HIGH,recent demand momentum,inventory coverage,promotion context
2026-08-25,S01,P163,111.0,121.592,10.591999999999999,10.591999999999999,0.0,LOW,0.0,0.7874999999999999,HIGH,recent demand momentum,inventory coverage,promotion context
2026-08-20,S01,P164,49.0,29.276,-19.724,19.724,,,,0.7874999999999999,HIGH,recent demand momentum,inventory coverage,promotion context
2026-08-21,S01,P164,50.0,23.916,-26.084,26.084,,,,0.7874999999999999,HIGH,recent demand momentum,inventory coverage,promotion context
2026-08-22,S01,P164,53.0,26.16,-26.84,26.84,,,,0.7874999999999999,HIGH,recent demand momentum,inventory coverage,promotion context
2026-08-23,S01,P164,55.0,30.132,-24.868,24.868,,,,0.7874999999999999,HIGH,recent demand momentum,inventory coverage,promotion context
2026-08-24,S01,P164,51.0,25.84,-25.16,25.16,,,,0.7874999999999999,HIGH,recent demand momentum,inventory coverage,promotion context
2026-08-25,S01,P164,49.0,34.504,-14.496000000000002,14.496000000000002,,,,0.7874999999999999,HIGH,recent demand momentum,inventory coverage,promotion context
2026-08-20,S01,P165,9.0,7.528,-1.4720000000000004,1.4720000000000004,,,,0.7874999999999999,HIGH,recent demand momentum,inventory coverage,promotion context
2026-08-21,S01,P165,4.0,7.34,3.34,3.34,,,,0.7874999999999999,HIGH,recent demand momentum,inventory coverage,promotion context
2026-08-23,S01,P165,3.0,8.592,5.5920000000000005,5.5920000000000005,,,,0.7874999999999999,HIGH,recent demand momentum,inventory coverage,promotion context
2026-08-25,S01,P165,1.0,7.476,6.476,6.476,,,,0.7874999999999999,HIGH,recent demand momentum,inventory coverage,promotion context
2026-08-20,S01,P166,31.0,43.488,12.488,12.488,,,,0.7874999999999999,HIGH,recent demand momentum,inventory coverage,promotion context
2026-08-21,S01,P166,26.0,40.952,14.951999999999998,14.951999999999998,,,,0.7874999999999999,HIGH,recent demand momentum,inventory coverage,promotion context
2026-08-22,S01,P166,26.0,41.52,15.520000000000003,15.520000000000003,,,,0.7874999999999999,HIGH,recent demand momentum,inventory coverage,promotion context
2026-08-23,S01,P166,24.0,40.104,16.104,16.104,,,,0.7874999999999999,HIGH,recent demand momentum,inventory coverage,promotion context
2026-08-24,S01,P166,23.0,38.78,15.780000000000001,15.780000000000001,,,,0.7874999999999999,HIGH,recent demand momentum,inventory coverage,promotion context
2026-08-25,S01,P166,21.0,48.584,27.584000000000003,27.584000000000003,0.0,LOW,0.0,0.7874999999999999,HIGH,recent demand momentum,inventory coverage,promotion context
2026-08-20,S01,P167,3.0,8.592,5.5920000000000005,5.5920000000000005,,,,0.7874999999999999,HIGH,recent demand momentum,inventory coverage,promotion context
2026-08-21,S01,P167,3.0,8.312,5.311999999999999,5.311999999999999,,,,0.7874999999999999,HIGH,recent demand momentum,inventory coverage,promotion context
2026-08-22,S01,P167,3.0,10.12,7.119999999999999,7.119999999999999,,,,0.7874999999999999,HIGH,recent demand momentum,inventory coverage,promotion context
2026-08-25,S01,P167,4.0,8.668,4.667999999999999,4.667999999999999,,,,0.7874999999999999,HIGH,recent demand momentum,inventory coverage,promotion context
2026-08-20,S01,P168,13.0,11.22,-1.7799999999999994,1.7799999999999994,,,,0.7874999999999999,HIGH,recent demand momentum,inventory coverage,promotion context
2026-08-22,S01,P168,13.0,11.32,-1.6799999999999997,1.6799999999999997,,,,0.7874999999999999,HIGH,recent demand momentum,inventory coverage,promotion context
2026-08-23,S01,P168,13.0,10.848,-2.1519999999999992,2.1519999999999992,,,,0.7874999999999999,HIGH,recent demand momentum,inventory coverage,promotion context
2026-08-24,S01,P168,15.0,11.208,-3.792,3.792,,,,0.7874999999999999,HIGH,recent demand momentum,inventory coverage,promotion context
2026-08-25,S01,P168,13.0,10.292,-2.708,2.708,0.0,LOW,0.0,0.7874999999999999,HIGH,recent demand momentum,inventory coverage,promotion context
2026-08-20,S01,P169,89.0,50.068,-38.932,38.932,,,,0.7874999999999999,HIGH,recent demand momentum,inventory coverage,promotion context
2026-08-21,S01,P169,84.0,48.6,-35.4,35.4,,,,0.7874999999999999,HIGH,recent demand momentum,inventory coverage,promotion context
2026-08-22,S01,P169,63.0,49.868,-13.131999999999998,13.131999999999998,,,,0.7874999999999999,HIGH,recent demand momentum,inventory coverage,promotion context
2026-08-23,S01,P169,59.0,46.068,-12.932000000000002,12.932000000000002,,,,0.7874999999999999,HIGH,recent demand momentum,inventory coverage,promotion context
2026-08-24,S01,P169,56.0,49.0,-7.0,7.0,,,,0.7874999999999999,HIGH,recent demand momentum,inventory coverage,promotion context
2026-08-25,S01,P169,51.0,44.64,-6.359999999999999,6.359999999999999,0.0,LOW,0.0,0.7874999999999999,HIGH,recent demand momentum,inventory coverage,promotion context
2026-08-23,S01,P170,8.0,8.624,0.6240000000000006,0.6240000000000006,,,,0.7874999999999999,HIGH,recent demand momentum,inventory coverage,promotion context
2026-08-21,S01,P171,31.0,36.732,5.731999999999999,5.731999999999999,,,,0.7874999999999999,HIGH,recent demand momentum,inventory coverage,promotion context
2026-08-22,S01,P171,30.0,36.992,6.991999999999997,6.991999999999997,,,,0.7874999999999999,HIGH,recent demand momentum,inventory coverage,promotion context
2026-08-23,S01,P171,23.0,36.72,13.719999999999999,13.719999999999999,,,,0.7874999999999999,HIGH,recent demand momentum,inventory coverage,promotion context
2026-08-24,S01,P171,20.0,37.624,17.624000000000002,17.624000000000002,,,,0.7874999999999999,HIGH,recent demand momentum,inventory coverage,promotion context
2026-08-20,S01,P172,29.0,27.776,-1.2240000000000002,1.2240000000000002,,,,0.7874999999999999,HIGH,recent demand momentum,inventory coverage,promotion context
2026-08-21,S01,P172,25.0,27.872,2.872,2.872,,,,0.7874999999999999,HIGH,recent demand momentum,inventory coverage,promotion context
2026-08-22,S01,P172,13.0,26.02,13.02,13.02,,,,0.7874999999999999,HIGH,recent demand momentum,inventory coverage,promotion context
2026-08-23,S01,P172,9.0,25.208,16.208,16.208,,,,0.7874999999999999,HIGH,recent demand momentum,inventory coverage,promotion context
2026-08-20,S01,P173,16.0,12.26,-3.74,3.74,,,,0.7874999999999999,HIGH,recent demand momentum,inventory coverage,promotion context
2026-08-22,S01,P173,14.0,11.452,-2.548,2.548,,,,0.7874999999999999,HIGH,recent demand momentum,inventory coverage,promotion context
2026-08-23,S01,P173,12.0,10.996,-1.0039999999999996,1.0039999999999996,,,,0.7874999999999999,HIGH,recent demand momentum,inventory coverage,promotion context
2026-08-24,S01,P173,9.0,13.456,4.4559999999999995,4.4559999999999995,,,,0.7874999999999999,HIGH,recent demand momentum,inventory coverage,promotion context
2026-08-21,S01,P174,4.0,9.984,5.984,5.984,,,,0.7874999999999999,HIGH,recent demand momentum,inventory coverage,promotion context
2026-08-23,S01,P174,4.0,8.42,4.42,4.42,,,,0.7874999999999999,HIGH,recent demand momentum,inventory coverage,promotion context
2026-08-25,S01,P174,2.0,9.608,7.6080000000000005,7.6080000000000005,0.0,LOW,0.0,0.7874999999999999,HIGH,recent demand momentum,inventory coverage,promotion context
2026-08-20,S01,P175,8.0,11.38,3.380000000000001,3.380000000000001,,,,0.7874999999999999,HIGH,recent demand momentum,inventory coverage,promotion context
2026-08-22,S01,P175,7.0,11.732,4.731999999999999,4.731999999999999,,,,0.7874999999999999,HIGH,recent demand momentum,inventory coverage,promotion context
2026-08-24,S01,P175,10.0,13.968,3.968,3.968,,,,0.7874999999999999,HIGH,recent demand momentum,inventory coverage,promotion context
2026-08-20,S01,P176,126.0,167.616,41.616000000000014,41.616000000000014,,,,0.7874999999999999,HIGH,recent demand momentum,inventory coverage,promotion context
2026-08-21,S01,P176,133.0,173.848,40.84800000000001,40.84800000000001,,,,0.7874999999999999,HIGH,recent demand momentum,inventory coverage,promotion context
2026-08-22,S01,P176,136.0,170.288,34.28800000000001,34.28800000000001,,,,0.7874999999999999,HIGH,recent demand momentum,inventory coverage,promotion context
2026-08-23,S01,P176,132.0,171.24,39.24000000000001,39.24000000000001,,,,0.7874999999999999,HIGH,recent demand momentum,inventory coverage,promotion context
2026-08-24,S01,P176,141.0,175.516,34.51599999999999,34.51599999999999,,,,0.7874999999999999,HIGH,recent demand momentum,inventory coverage,promotion context
2026-08-25,S01,P176,123.0,169.956,46.95599999999999,46.95599999999999,0.0,LOW,0.0,0.7874999999999999,HIGH,recent demand momentum,inventory coverage,promotion context
2026-08-20,S01,P177,27.0,28.344,1.3440000000000012,1.3440000000000012,,,,0.7874999999999999,HIGH,recent demand momentum,inventory coverage,promotion context
2026-08-21,S01,P177,21.0,24.048,3.0479999999999983,3.0479999999999983,,,,0.7874999999999999,HIGH,recent demand momentum,inventory coverage,promotion context
2026-08-22,S01,P177,33.0,25.452,-7.547999999999998,7.547999999999998,,,,0.7874999999999999,HIGH,recent demand momentum,inventory coverage,promotion context
2026-08-23,S01,P177,38.0,25.616,-12.384,12.384,,,,0.7874999999999999,HIGH,recent demand momentum,inventory coverage,promotion context
2026-08-24,S01,P177,36.0,25.724,-10.276,10.276,,,,0.7874999999999999,HIGH,recent demand momentum,inventory coverage,promotion context
2026-08-25,S01,P177,32.0,26.148,-5.852,5.852,0.0,LOW,0.0,0.7874999999999999,HIGH,recent demand momentum,inventory coverage,promotion context
2026-08-20,S01,P178,23.0,25.792,2.7920000000000016,2.7920000000000016,,,,0.7874999999999999,HIGH,recent demand momentum,inventory coverage,promotion context
2026-08-21,S01,P178,23.0,24.636,1.6359999999999992,1.6359999999999992,,,,0.7874999999999999,HIGH,recent demand momentum,inventory coverage,promotion context
2026-08-22,S01,P178,24.0,26.0,2.0,2.0,,,,0.7874999999999999,HIGH,recent demand momentum,inventory coverage,promotion context
2026-08-23,S01,P178,22.0,25.016,3.0159999999999982,3.0159999999999982,,,,0.7874999999999999,HIGH,recent demand momentum,inventory coverage,promotion context
2026-08-24,S01,P178,16.0,24.648,8.648,8.648,,,,0.7874999999999999,HIGH,recent demand momentum,inventory coverage,promotion context
2026-08-25,S01,P178,15.0,25.02,10.02,10.02,0.0,LOW,0.0,0.7874999999999999,HIGH,recent demand momentum,inventory coverage,promotion context
2026-08-22,S01,P179,6.0,6.952,0.952,0.952,,,,0.7874999999999999,HIGH,recent demand momentum,inventory coverage,promotion context
2026-08-20,S01,P180,72.0,85.664,13.664000000000001,13.664000000000001,,,,0.7874999999999999,HIGH,recent demand momentum,inventory coverage,promotion context
2026-08-21,S01,P180,64.0,84.54,20.540000000000006,20.540000000000006,,,,0.7874999999999999,HIGH,recent demand momentum,inventory coverage,promotion context
2026-08-22,S01,P180,64.0,89.708,25.708,25.708,,,,0.7874999999999999,HIGH,recent demand momentum,inventory coverage,promotion context
2026-08-23,S01,P180,59.0,89.196,30.195999999999998,30.195999999999998,,,,0.7874999999999999,HIGH,recent demand momentum,inventory coverage,promotion context
2026-08-24,S01,P180,67.0,89.86,22.86,22.86,,,,0.7874999999999999,HIGH,recent demand momentum,inventory coverage,promotion context
2026-08-25,S01,P180,64.0,89.972,25.971999999999994,25.971999999999994,,,,0.7874999999999999,HIGH,recent demand momentum,inventory coverage,promotion context
2026-08-20,S01,P181,27.0,40.72,13.719999999999999,13.719999999999999,,,,0.7874999999999999,HIGH,recent demand momentum,inventory coverage,promotion context
2026-08-21,S01,P181,28.0,40.504,12.503999999999998,12.503999999999998,,,,0.7874999999999999,HIGH,recent demand momentum,inventory coverage,promotion context
2026-08-22,S01,P181,36.0,38.872,2.872,2.872,,,,0.7874999999999999,HIGH,recent demand momentum,inventory coverage,promotion context
2026-08-23,S01,P181,33.0,36.856,3.8560000000000016,3.8560000000000016,,,,0.7874999999999999,HIGH,recent demand momentum,inventory coverage,promotion context
2026-08-24,S01,P181,29.0,35.744,6.744,6.744,,,,0.7874999999999999,HIGH,recent demand momentum,inventory coverage,promotion context
2026-08-25,S01,P181,23.0,35.18,12.18,12.18,,,,0.7874999999999999,HIGH,recent demand momentum,inventory coverage,promotion context
2026-08-20,S01,P182,22.0,15.312,-6.688000000000001,6.688000000000001,,,,0.7874999999999999,HIGH,recent demand momentum,inventory coverage,promotion context
2026-08-21,S01,P182,18.0,21.888,3.8880000000000017,3.8880000000000017,,,,0.7874999999999999,HIGH,recent demand momentum,inventory coverage,promotion context
2026-08-23,S01,P182,10.0,14.28,4.279999999999999,4.279999999999999,,,,0.7874999999999999,HIGH,recent demand momentum,inventory coverage,promotion context
2026-08-24,S01,P182,8.0,23.484,15.484000000000002,15.484000000000002,,,,0.7874999999999999,HIGH,recent demand momentum,inventory coverage,promotion context
2026-08-20,S01,P183,354.0,345.952,-8.048000000000002,8.048000000000002,,,,0.7874999999999999,HIGH,recent demand momentum,inventory coverage,promotion context
2026-08-21,S01,P183,364.0,339.36,-24.639999999999986,24.639999999999986,,,,0.7874999999999999,HIGH,recent demand momentum,inventory coverage,promotion context
2026-08-22,S01,P183,334.0,352.696,18.696000000000026,18.696000000000026,,,,0.7874999999999999,HIGH,recent demand momentum,inventory coverage,promotion context
2026-08-23,S01,P183,324.0,334.148,10.148000000000025,10.148000000000025,,,,0.7874999999999999,HIGH,recent demand momentum,inventory coverage,promotion context
2026-08-24,S01,P183,324.0,337.752,13.75200000000001,13.75200000000001,,,,0.7874999999999999,HIGH,recent demand momentum,inventory coverage,promotion context
2026-08-25,S01,P183,274.0,337.548,63.548,63.548,0.0,LOW,0.0,0.7874999999999999,HIGH,recent demand momentum,inventory coverage,promotion context
2026-08-20,S01,P184,7.0,11.284,4.284000000000001,4.284000000000001,,,,0.7874999999999999,HIGH,recent demand momentum,inventory coverage,promotion context
2026-08-21,S01,P184,6.0,12.256,6.256,6.256,,,,0.7874999999999999,HIGH,recent demand momentum,inventory coverage,promotion context
2026-08-20,S01,P185,43.0,30.212,-12.788,12.788,,,,0.7874999999999999,HIGH,recent demand momentum,inventory coverage,promotion context
2026-08-21,S01,P185,41.0,32.016,-8.984000000000002,8.984000000000002,,,,0.7874999999999999,HIGH,recent demand momentum,inventory coverage,promotion context
2026-08-22,S01,P185,34.0,31.396,-2.603999999999999,2.603999999999999,,,,0.7874999999999999,HIGH,recent demand momentum,inventory coverage,promotion context
2026-08-23,S01,P185,40.0,32.8,-7.200000000000003,7.200000000000003,,,,0.7874999999999999,HIGH,recent demand momentum,inventory coverage,promotion context
2026-08-24,S01,P185,36.0,32.02,-3.979999999999997,3.979999999999997,,,,0.7874999999999999,HIGH,recent demand momentum,inventory coverage,promotion context
2026-08-25,S01,P185,35.0,34.936,-0.06400000000000006,0.06400000000000006,,,,0.7874999999999999,HIGH,recent demand momentum,inventory coverage,promotion context
2026-08-20,S01,P186,65.0,70.268,5.268000000000001,5.268000000000001,,,,0.7874999999999999,HIGH,recent demand momentum,inventory coverage,promotion context
2026-08-21,S01,P186,57.0,74.364,17.364000000000004,17.364000000000004,,,,0.7874999999999999,HIGH,recent demand momentum,inventory coverage,promotion context
2026-08-22,S01,P186,61.0,67.212,6.212000000000003,6.212000000000003,,,,0.7874999999999999,HIGH,recent demand momentum,inventory coverage,promotion context
2026-08-23,S01,P186,63.0,64.18,1.1800000000000068,1.1800000000000068,,,,0.7874999999999999,HIGH,recent demand momentum,inventory coverage,promotion context
2026-08-24,S01,P186,57.0,62.032,5.0319999999999965,5.0319999999999965,,,,0.7874999999999999,HIGH,recent demand momentum,inventory coverage,promotion context
2026-08-25,S01,P186,48.0,63.184,15.183999999999997,15.183999999999997,0.0,LOW,0.0,0.7874999999999999,HIGH,recent demand momentum,inventory coverage,promotion context
2026-08-20,S01,P187,36.0,41.54,5.539999999999999,5.539999999999999,,,,0.7874999999999999,HIGH,recent demand momentum,inventory coverage,promotion context
2026-08-21,S01,P187,37.0,42.788,5.787999999999997,5.787999999999997,,,,0.7874999999999999,HIGH,recent demand momentum,inventory coverage,promotion context
2026-08-22,S01,P187,44.0,37.216,-6.783999999999999,6.783999999999999,,,,0.7874999999999999,HIGH,recent demand momentum,inventory coverage,promotion context
2026-08-23,S01,P187,49.0,37.128,-11.872,11.872,,,,0.7874999999999999,HIGH,recent demand momentum,inventory coverage,promotion context
2026-08-24,S01,P187,54.0,37.068,-16.932000000000002,16.932000000000002,,,,0.7874999999999999,HIGH,recent demand momentum,inventory coverage,promotion context
2026-08-25,S01,P187,49.0,38.504,-10.496000000000002,10.496000000000002,0.0,LOW,0.0,0.7874999999999999,HIGH,recent demand momentum,inventory coverage,promotion context
2026-08-20,S01,P188,51.0,91.128,40.128,40.128,,,,0.7874999999999999,HIGH,recent demand momentum,inventory coverage,promotion context
2026-08-21,S01,P188,49.0,87.628,38.628,38.628,,,,0.7874999999999999,HIGH,recent demand momentum,inventory coverage,promotion context
2026-08-22,S01,P188,37.0,88.252,51.251999999999995,51.251999999999995,,,,0.7874999999999999,HIGH,recent demand momentum,inventory coverage,promotion context
2026-08-23,S01,P188,46.0,89.556,43.556,43.556,,,,0.7874999999999999,HIGH,recent demand momentum,inventory coverage,promotion context
2026-08-24,S01,P188,45.0,86.612,41.611999999999995,41.611999999999995,,,,0.7874999999999999,HIGH,recent demand momentum,inventory coverage,promotion context
2026-08-25,S01,P188,41.0,90.932,49.932,49.932,0.0,LOW,0.0,0.7874999999999999,HIGH,recent demand momentum,inventory coverage,promotion context
2026-08-20,S01,P189,19.0,24.968,5.968,5.968,,,,0.7874999999999999,HIGH,recent demand momentum,inventory coverage,promotion context
2026-08-21,S01,P189,19.0,21.004,2.0040000000000013,2.0040000000000013,,,,0.7874999999999999,HIGH,recent demand momentum,inventory coverage,promotion context
2026-08-24,S01,P189,24.0,21.968,-2.032,2.032,,,,0.7874999999999999,HIGH,recent demand momentum,inventory coverage,promotion context
2026-08-21,S01,P190,11.0,26.016,15.015999999999998,15.015999999999998,,,,0.7874999999999999,HIGH,recent demand momentum,inventory coverage,promotion context
2026-08-22,S01,P190,16.0,29.896,13.896,13.896,,,,0.7874999999999999,HIGH,recent demand momentum,inventory coverage,promotion context
2026-08-23,S01,P190,16.0,24.376,8.376000000000001,8.376000000000001,,,,0.7874999999999999,HIGH,recent demand momentum,inventory coverage,promotion context
2026-08-24,S01,P190,15.0,25.208,10.207999999999998,10.207999999999998,,,,0.7874999999999999,HIGH,recent demand momentum,inventory coverage,promotion context
2026-08-25,S01,P190,10.0,24.472,14.472000000000001,14.472000000000001,,,,0.7874999999999999,HIGH,recent demand momentum,inventory coverage,promotion context
2026-08-20,S01,P191,39.0,37.912,-1.088000000000001,1.088000000000001,,,,0.7874999999999999,HIGH,recent demand momentum,inventory coverage,promotion context
2026-08-21,S01,P191,48.0,37.704,-10.296,10.296,,,,0.7874999999999999,HIGH,recent demand momentum,inventory coverage,promotion context
2026-08-22,S01,P191,37.0,37.352,0.35199999999999676,0.35199999999999676,,,,0.7874999999999999,HIGH,recent demand momentum,inventory coverage,promotion context
2026-08-23,S01,P191,31.0,39.252,8.252000000000002,8.252000000000002,,,,0.7874999999999999,HIGH,recent demand momentum,inventory coverage,promotion context
2026-08-24,S01,P191,29.0,39.448,10.448,10.448,,,,0.7874999999999999,HIGH,recent demand momentum,inventory coverage,promotion context
2026-08-25,S01,P191,27.0,37.892,10.892000000000003,10.892000000000003,0.0,LOW,0.0,0.7874999999999999,HIGH,recent demand momentum,inventory coverage,promotion context
2026-08-20,S01,P192,51.0,34.516,-16.484,16.484,,,,0.7874999999999999,HIGH,recent demand momentum,inventory coverage,promotion context
2026-08-21,S01,P192,51.0,34.964,-16.036,16.036,,,,0.7874999999999999,HIGH,recent demand momentum,inventory coverage,promotion context
2026-08-22,S01,P192,58.0,33.504,-24.496000000000002,24.496000000000002,,,,0.7874999999999999,HIGH,recent demand momentum,inventory coverage,promotion context
2026-08-23,S01,P192,48.0,34.664,-13.335999999999999,13.335999999999999,,,,0.7874999999999999,HIGH,recent demand momentum,inventory coverage,promotion context
2026-08-24,S01,P192,39.0,36.048,-2.951999999999998,2.951999999999998,,,,0.7874999999999999,HIGH,recent demand momentum,inventory coverage,promotion context
2026-08-25,S01,P192,33.0,32.924,-0.07600000000000051,0.07600000000000051,0.0,LOW,0.0,0.7874999999999999,HIGH,recent demand momentum,inventory coverage,promotion context
2026-08-20,S01,P193,57.0,59.204,2.2040000000000006,2.2040000000000006,,,,0.7874999999999999,HIGH,recent demand momentum,inventory coverage,promotion context
2026-08-21,S01,P193,50.0,59.452,9.451999999999998,9.451999999999998,,,,0.7874999999999999,HIGH,recent demand momentum,inventory coverage,promotion context
2026-08-22,S01,P193,50.0,64.032,14.031999999999996,14.031999999999996,,,,0.7874999999999999,HIGH,recent demand momentum,inventory coverage,promotion context
2026-08-23,S01,P193,47.0,62.868,15.868000000000002,15.868000000000002,,,,0.7874999999999999,HIGH,recent demand momentum,inventory coverage,promotion context
2026-08-24,S01,P193,43.0,57.972,14.972000000000001,14.972000000000001,,,,0.7874999999999999,HIGH,recent demand momentum,inventory coverage,promotion context
2026-08-25,S01,P193,31.0,60.388,29.387999999999998,29.387999999999998,0.0,LOW,0.0,0.7874999999999999,HIGH,recent demand momentum,inventory coverage,promotion context
2026-08-21,S01,P194,45.0,40.5,-4.5,4.5,,,,0.7874999999999999,HIGH,recent demand momentum,inventory coverage,promotion context
2026-08-22,S01,P194,49.0,41.408,-7.591999999999999,7.591999999999999,,,,0.7874999999999999,HIGH,recent demand momentum,inventory coverage,promotion context
2026-08-23,S01,P194,45.0,40.724,-4.276000000000003,4.276000000000003,,,,0.7874999999999999,HIGH,recent demand momentum,inventory coverage,promotion context
2026-08-24,S01,P194,41.0,42.4,1.3999999999999986,1.3999999999999986,,,,0.7874999999999999,HIGH,recent demand momentum,inventory coverage,promotion context
2026-08-25,S01,P194,32.0,39.972,7.972000000000001,7.972000000000001,0.0,LOW,0.0,0.7874999999999999,HIGH,recent demand momentum,inventory coverage,promotion context
2026-08-20,S01,P195,68.0,66.884,-1.1159999999999997,1.1159999999999997,,,,0.7874999999999999,HIGH,recent demand momentum,inventory coverage,promotion context
2026-08-21,S01,P195,71.0,65.204,-5.7960000000000065,5.7960000000000065,,,,0.7874999999999999,HIGH,recent demand momentum,inventory coverage,promotion context
2026-08-22,S01,P195,73.0,62.628,-10.372,10.372,,,,0.7874999999999999,HIGH,recent demand momentum,inventory coverage,promotion context
2026-08-23,S01,P195,82.0,62.668,-19.332,19.332,,,,0.7874999999999999,HIGH,recent demand momentum,inventory coverage,promotion context
2026-08-24,S01,P195,87.0,70.34,-16.659999999999997,16.659999999999997,,,,0.7874999999999999,HIGH,recent demand momentum,inventory coverage,promotion context
2026-08-25,S01,P195,77.0,72.876,-4.123999999999995,4.123999999999995,0.0,LOW,0.0,0.7874999999999999,HIGH,recent demand momentum,inventory coverage,promotion context
2026-08-20,S01,P196,42.0,38.376,-3.6240000000000023,3.6240000000000023,,,,0.7874999999999999,HIGH,recent demand momentum,inventory coverage,promotion context
2026-08-22,S01,P196,54.0,37.768,-16.232,16.232,,,,0.7874999999999999,HIGH,recent demand momentum,inventory coverage,promotion context
2026-08-23,S01,P196,41.0,37.84,-3.1599999999999966,3.1599999999999966,,,,0.7874999999999999,HIGH,recent demand momentum,inventory coverage,promotion context
2026-08-24,S01,P196,37.0,37.34,0.3400000000000034,0.3400000000000034,,,,0.7874999999999999,HIGH,recent demand momentum,inventory coverage,promotion context
2026-08-25,S01,P196,35.0,38.064,3.064,3.064,0.0,LOW,0.0,0.7874999999999999,HIGH,recent demand momentum,inventory coverage,promotion context
2026-08-21,S01,P197,20.0,33.08,13.079999999999998,13.079999999999998,,,,0.7874999999999999,HIGH,recent demand momentum,inventory coverage,promotion context
2026-08-22,S01,P197,19.0,29.34,10.34,10.34,,,,0.7874999999999999,HIGH,recent demand momentum,inventory coverage,promotion context
2026-08-23,S01,P197,16.0,32.616,16.616,16.616,,,,0.7874999999999999,HIGH,recent demand momentum,inventory coverage,promotion context
2026-08-24,S01,P197,19.0,27.936,8.936,8.936,,,,0.7874999999999999,HIGH,recent demand momentum,inventory coverage,promotion context
2026-08-25,S01,P197,18.0,37.312,19.311999999999998,19.311999999999998,0.0,LOW,0.0,0.7874999999999999,HIGH,recent demand momentum,inventory coverage,promotion context
2026-08-20,S01,P198,26.0,32.976,6.975999999999999,6.975999999999999,,,,0.7874999999999999,HIGH,recent demand momentum,inventory coverage,promotion context
2026-08-21,S01,P198,26.0,34.136,8.136000000000003,8.136000000000003,,,,0.7874999999999999,HIGH,recent demand momentum,inventory coverage,promotion context
2026-08-23,S01,P198,26.0,35.036,9.036000000000001,9.036000000000001,,,,0.7874999999999999,HIGH,recent demand momentum,inventory coverage,promotion context
2026-08-24,S01,P198,40.0,35.84,-4.159999999999997,4.159999999999997,,,,0.7874999999999999,HIGH,recent demand momentum,inventory coverage,promotion context
2026-08-25,S01,P198,34.0,35.272,1.2719999999999985,1.2719999999999985,0.0,LOW,0.0,0.7874999999999999,HIGH,recent demand momentum,inventory coverage,promotion context
2026-08-20,S01,P199,135.0,141.184,6.1839999999999975,6.1839999999999975,,,,0.7874999999999999,HIGH,recent demand momentum,inventory coverage,promotion context
2026-08-21,S01,P199,148.0,140.596,-7.403999999999996,7.403999999999996,,,,0.7874999999999999,HIGH,recent demand momentum,inventory coverage,promotion context
2026-08-22,S01,P199,135.0,131.912,-3.087999999999994,3.087999999999994,,,,0.7874999999999999,HIGH,recent demand momentum,inventory coverage,promotion context
2026-08-23,S01,P199,122.0,135.292,13.292000000000002,13.292000000000002,,,,0.7874999999999999,HIGH,recent demand momentum,inventory coverage,promotion context
2026-08-24,S01,P199,141.0,131.076,-9.924000000000007,9.924000000000007,,,,0.7874999999999999,HIGH,recent demand momentum,inventory coverage,promotion context
2026-08-25,S01,P199,126.0,137.868,11.867999999999995,11.867999999999995,0.0,LOW,0.0,0.7874999999999999,HIGH,recent demand momentum,inventory coverage,promotion context
2026-08-20,S01,P200,86.0,62.084,-23.915999999999997,23.915999999999997,,,,0.7874999999999999,HIGH,recent demand momentum,inventory coverage,promotion context
2026-08-21,S01,P200,78.0,65.604,-12.396,12.396,,,,0.7874999999999999,HIGH,recent demand momentum,inventory coverage,promotion context
2026-08-22,S01,P200,77.0,64.976,-12.024000000000001,12.024000000000001,,,,0.7874999999999999,HIGH,recent demand momentum,inventory coverage,promotion context
2026-08-23,S01,P200,72.0,66.788,-5.212000000000003,5.212000000000003,,,,0.7874999999999999,HIGH,recent demand momentum,inventory coverage,promotion context
2026-08-24,S01,P200,74.0,67.12,-6.8799999999999955,6.8799999999999955,,,,0.7874999999999999,HIGH,recent demand momentum,inventory coverage,promotion context
2026-08-25,S01,P200,51.0,68.792,17.792,17.792,0.0,LOW,0.0,0.7874999999999999,HIGH,recent demand momentum,inventory coverage,promotion context
2026-08-20,S01,P201,156.0,151.18,-4.819999999999993,4.819999999999993,,,,0.7874999999999999,HIGH,recent demand momentum,inventory coverage,promotion context
2026-08-21,S01,P201,154.0,146.436,-7.563999999999993,7.563999999999993,,,,0.7874999999999999,HIGH,recent demand momentum,inventory coverage,promotion context
2026-08-22,S01,P201,144.0,143.34,-0.6599999999999966,0.6599999999999966,,,,0.7874999999999999,HIGH,recent demand momentum,inventory coverage,promotion context
2026-08-23,S01,P201,149.0,139.864,-9.135999999999996,9.135999999999996,,,,0.7874999999999999,HIGH,recent demand momentum,inventory coverage,promotion context
2026-08-24,S01,P201,167.0,143.988,-23.012,23.012,,,,0.7874999999999999,HIGH,recent demand momentum,inventory coverage,promotion context
2026-08-25,S01,P201,144.0,140.776,-3.2239999999999895,3.2239999999999895,0.0,LOW,0.0,0.7874999999999999,HIGH,recent demand momentum,inventory coverage,promotion context
2026-08-23,S01,P202,8.0,1.664,-6.336,6.336,,,,0.7874999999999999,HIGH,recent demand momentum,inventory coverage,promotion context
2026-08-20,S01,P203,7.0,9.888,2.888,2.888,,,,0.7874999999999999,HIGH,recent demand momentum,inventory coverage,promotion context
2026-08-21,S01,P203,2.0,8.84,6.84,6.84,,,,0.7874999999999999,HIGH,recent demand momentum,inventory coverage,promotion context
2026-08-24,S01,P203,1.0,5.984,4.984,4.984,,,,0.7874999999999999,HIGH,recent demand momentum,inventory coverage,promotion context
2026-08-25,S01,P203,0.0,7.616,7.616,7.616,0.0,LOW,0.0,0.7874999999999999,HIGH,recent demand momentum,inventory coverage,promotion context
2026-08-20,S01,P204,10.0,8.284,-1.7159999999999993,1.7159999999999993,,,,0.7874999999999999,HIGH,recent demand momentum,inventory coverage,promotion context
2026-08-21,S01,P204,9.0,10.836,1.8360000000000003,1.8360000000000003,,,,0.7874999999999999,HIGH,recent demand momentum,inventory coverage,promotion context
2026-08-22,S01,P204,11.0,10.692,-0.30799999999999983,0.30799999999999983,,,,0.7874999999999999,HIGH,recent demand momentum,inventory coverage,promotion context
2026-08-25,S01,P204,9.0,10.9,1.9000000000000004,1.9000000000000004,0.0,LOW,0.0,0.7874999999999999,HIGH,recent demand momentum,inventory coverage,promotion context
2026-08-20,S01,P205,6.0,15.564,9.564,9.564,,,,0.7874999999999999,HIGH,recent demand momentum,inventory coverage,promotion context
2026-08-22,S01,P205,10.0,15.236,5.236000000000001,5.236000000000001,,,,0.7874999999999999,HIGH,recent demand momentum,inventory coverage,promotion context
2026-08-24,S01,P205,11.0,16.656,5.655999999999999,5.655999999999999,,,,0.7874999999999999,HIGH,recent demand momentum,inventory coverage,promotion context
2026-08-25,S01,P205,10.0,17.188,7.187999999999999,7.187999999999999,0.0,LOW,0.0,0.7874999999999999,HIGH,recent demand momentum,inventory coverage,promotion context
2026-08-22,S01,P206,2.0,10.116,8.116,8.116,,,,0.7874999999999999,HIGH,recent demand momentum,inventory coverage,promotion context
2026-08-20,S01,P207,1.0,5.108,4.108,4.108,,,,0.7874999999999999,HIGH,recent demand momentum,inventory coverage,promotion context
2026-08-20,S01,P208,12.0,14.776,2.776,2.776,,,,0.7874999999999999,HIGH,recent demand momentum,inventory coverage,promotion context
2026-08-21,S01,P208,13.0,21.82,8.82,8.82,,,,0.7874999999999999,HIGH,recent demand momentum,inventory coverage,promotion context
2026-08-22,S01,P208,13.0,16.856,3.8560000000000016,3.8560000000000016,,,,0.7874999999999999,HIGH,recent demand momentum,inventory coverage,promotion context
2026-08-24,S01,P208,4.0,16.848,12.847999999999999,12.847999999999999,,,,0.7874999999999999,HIGH,recent demand momentum,inventory coverage,promotion context
2026-08-25,S01,P208,3.0,13.972,10.972,10.972,0.0,LOW,0.0,0.7874999999999999,HIGH,recent demand momentum,inventory coverage,promotion context
2026-08-20,S01,P209,7.0,8.316,1.3160000000000007,1.3160000000000007,,,,0.7874999999999999,HIGH,recent demand momentum,inventory coverage,promotion context
2026-08-22,S01,P209,10.0,11.932,1.9320000000000004,1.9320000000000004,,,,0.7874999999999999,HIGH,recent demand momentum,inventory coverage,promotion context
2026-08-24,S01,P209,8.0,10.78,2.7799999999999994,2.7799999999999994,,,,0.7874999999999999,HIGH,recent demand momentum,inventory coverage,promotion context
2026-08-25,S01,P209,6.0,9.608,3.6080000000000005,3.6080000000000005,0.0,LOW,0.0,0.7874999999999999,HIGH,recent demand momentum,inventory coverage,promotion context
2026-08-22,S01,P210,4.0,4.768,0.7679999999999998,0.7679999999999998,,,,0.7874999999999999,HIGH,recent demand momentum,inventory coverage,promotion context
2026-08-23,S01,P210,1.0,3.336,2.336,2.336,,,,0.7874999999999999,HIGH,recent demand momentum,inventory coverage,promotion context
2026-08-20,S01,P211,33.0,52.06,19.060000000000002,19.060000000000002,,,,0.7874999999999999,HIGH,recent demand momentum,inventory coverage,promotion context
2026-08-21,S01,P211,28.0,51.036,23.036,23.036,,,,0.7874999999999999,HIGH,recent demand momentum,inventory coverage,promotion context
2026-08-22,S01,P211,41.0,52.796,11.796,11.796,,,,0.7874999999999999,HIGH,recent demand momentum,inventory coverage,promotion context
2026-08-23,S01,P211,47.0,58.344,11.344000000000001,11.344000000000001,,,,0.7874999999999999,HIGH,recent demand momentum,inventory coverage,promotion context
2026-08-24,S01,P211,50.0,55.396,5.396000000000001,5.396000000000001,,,,0.7874999999999999,HIGH,recent demand momentum,inventory coverage,promotion context
2026-08-25,S01,P211,45.0,55.556,10.555999999999997,10.555999999999997,0.0,LOW,0.0,0.7874999999999999,HIGH,recent demand momentum,inventory coverage,promotion context
2026-08-20,S01,P212,58.0,70.56,12.560000000000002,12.560000000000002,,,,0.7874999999999999,HIGH,recent demand momentum,inventory coverage,promotion context
2026-08-21,S01,P212,61.0,70.18,9.180000000000007,9.180000000000007,,,,0.7874999999999999,HIGH,recent demand momentum,inventory coverage,promotion context
2026-08-22,S01,P212,72.0,69.296,-2.7039999999999935,2.7039999999999935,,,,0.7874999999999999,HIGH,recent demand momentum,inventory coverage,promotion context
2026-08-23,S01,P212,67.0,71.54,4.540000000000006,4.540000000000006,,,,0.7874999999999999,HIGH,recent demand momentum,inventory coverage,promotion context
2026-08-24,S01,P212,62.0,67.32,5.319999999999993,5.319999999999993,,,,0.7874999999999999,HIGH,recent demand momentum,inventory coverage,promotion context
2026-08-25,S01,P212,56.0,68.412,12.412000000000006,12.412000000000006,,,,0.7874999999999999,HIGH,recent demand momentum,inventory coverage,promotion context
2026-08-20,S01,P213,64.0,67.576,3.5759999999999934,3.5759999999999934,,,,0.7874999999999999,HIGH,recent demand momentum,inventory coverage,promotion context
2026-08-21,S01,P213,68.0,63.532,-4.4680000000000035,4.4680000000000035,,,,0.7874999999999999,HIGH,recent demand momentum,inventory coverage,promotion context
2026-08-22,S01,P213,59.0,66.888,7.888000000000005,7.888000000000005,,,,0.7874999999999999,HIGH,recent demand momentum,inventory coverage,promotion context
2026-08-23,S01,P213,55.0,65.472,10.471999999999994,10.471999999999994,,,,0.7874999999999999,HIGH,recent demand momentum,inventory coverage,promotion context
2026-08-24,S01,P213,57.0,64.808,7.808000000000007,7.808000000000007,,,,0.7874999999999999,HIGH,recent demand momentum,inventory coverage,promotion context
2026-08-25,S01,P213,50.0,66.112,16.111999999999995,16.111999999999995,0.0,LOW,0.0,0.7874999999999999,HIGH,recent demand momentum,inventory coverage,promotion context
2026-08-20,S01,P214,16.0,12.868,-3.1319999999999997,3.1319999999999997,,,,0.7874999999999999,HIGH,recent demand momentum,inventory coverage,promotion context
2026-08-21,S01,P214,9.0,12.088,3.087999999999999,3.087999999999999,,,,0.7874999999999999,HIGH,recent demand momentum,inventory coverage,promotion context
2026-08-25,S01,P214,11.0,10.832,-0.16799999999999926,0.16799999999999926,0.0,LOW,0.0,0.7874999999999999,HIGH,recent demand momentum,inventory coverage,promotion context
2026-08-20,S01,P215,26.0,46.632,20.631999999999998,20.631999999999998,,,,0.7874999999999999,HIGH,recent demand momentum,inventory coverage,promotion context
2026-08-21,S01,P215,31.0,43.18,12.18,12.18,,,,0.7874999999999999,HIGH,recent demand momentum,inventory coverage,promotion context
2026-08-22,S01,P215,38.0,39.168,1.1679999999999993,1.1679999999999993,,,,0.7874999999999999,HIGH,recent demand momentum,inventory coverage,promotion context
2026-08-23,S01,P215,40.0,41.028,1.0279999999999987,1.0279999999999987,,,,0.7874999999999999,HIGH,recent demand momentum,inventory coverage,promotion context
2026-08-24,S01,P215,47.0,45.488,-1.5120000000000005,1.5120000000000005,,,,0.7874999999999999,HIGH,recent demand momentum,inventory coverage,promotion context
2026-08-25,S01,P215,46.0,45.368,-0.6319999999999979,0.6319999999999979,,,,0.7874999999999999,HIGH,recent demand momentum,inventory coverage,promotion context
2026-08-20,S01,P216,21.0,23.36,2.3599999999999994,2.3599999999999994,,,,0.7874999999999999,HIGH,recent demand momentum,inventory coverage,promotion context
2026-08-21,S01,P216,17.0,21.724,4.724,4.724,,,,0.7874999999999999,HIGH,recent demand momentum,inventory coverage,promotion context
2026-08-22,S01,P216,19.0,24.128,5.128,5.128,,,,0.7874999999999999,HIGH,recent demand momentum,inventory coverage,promotion context
2026-08-23,S01,P216,16.0,22.532,6.532,6.532,,,,0.7874999999999999,HIGH,recent demand momentum,inventory coverage,promotion context
2026-08-24,S01,P216,14.0,24.452,10.452000000000002,10.452000000000002,,,,0.7874999999999999,HIGH,recent demand momentum,inventory coverage,promotion context
2026-08-25,S01,P216,13.0,24.528,11.527999999999999,11.527999999999999,0.0,LOW,0.0,0.7874999999999999,HIGH,recent demand momentum,inventory coverage,promotion context
2026-08-20,S01,P217,9.0,17.332,8.332,8.332,,,,0.7874999999999999,HIGH,recent demand momentum,inventory coverage,promotion context
2026-08-21,S01,P217,9.0,22.708,13.707999999999998,13.707999999999998,,,,0.7874999999999999,HIGH,recent demand momentum,inventory coverage,promotion context
2026-08-23,S01,P217,11.0,18.376,7.376000000000001,7.376000000000001,,,,0.7874999999999999,HIGH,recent demand momentum,inventory coverage,promotion context
2026-08-24,S01,P217,10.0,18.256,8.256,8.256,,,,0.7874999999999999,HIGH,recent demand momentum,inventory coverage,promotion context
2026-08-25,S01,P217,9.0,18.14,9.14,9.14,0.0,LOW,0.0,0.7874999999999999,HIGH,recent demand momentum,inventory coverage,promotion context
2026-08-20,S01,P218,31.0,35.952,4.951999999999998,4.951999999999998,,,,0.7874999999999999,HIGH,recent demand momentum,inventory coverage,promotion context
2026-08-21,S01,P218,28.0,37.144,9.143999999999998,9.143999999999998,,,,0.7874999999999999,HIGH,recent demand momentum,inventory coverage,promotion context
2026-08-22,S01,P218,26.0,37.388,11.387999999999998,11.387999999999998,,,,0.7874999999999999,HIGH,recent demand momentum,inventory coverage,promotion context
2026-08-23,S01,P218,35.0,35.464,0.46399999999999864,0.46399999999999864,,,,0.7874999999999999,HIGH,recent demand momentum,inventory coverage,promotion context
2026-08-24,S01,P218,30.0,39.308,9.308,9.308,,,,0.7874999999999999,HIGH,recent demand momentum,inventory coverage,promotion context
2026-08-25,S01,P218,29.0,39.52,10.520000000000003,10.520000000000003,,,,0.7874999999999999,HIGH,recent demand momentum,inventory coverage,promotion context
2026-08-20,S01,P219,10.0,12.0,2.0,2.0,,,,0.7874999999999999,HIGH,recent demand momentum,inventory coverage,promotion context
2026-08-21,S01,P219,9.0,12.908,3.9079999999999995,3.9079999999999995,,,,0.7874999999999999,HIGH,recent demand momentum,inventory coverage,promotion context
2026-08-22,S01,P219,8.0,29.204,21.204,21.204,,,,0.7874999999999999,HIGH,recent demand momentum,inventory coverage,promotion context
2026-08-23,S01,P219,3.0,12.852,9.852,9.852,,,,0.7874999999999999,HIGH,recent demand momentum,inventory coverage,promotion context
2026-08-24,S01,P219,5.0,16.872,11.872,11.872,,,,0.7874999999999999,HIGH,recent demand momentum,inventory coverage,promotion context
2026-08-22,S01,P220,6.0,8.408,2.4079999999999995,2.4079999999999995,,,,0.7874999999999999,HIGH,recent demand momentum,inventory coverage,promotion context
2026-08-23,S01,P220,5.0,8.704,3.7040000000000006,3.7040000000000006,,,,0.7874999999999999,HIGH,recent demand momentum,inventory coverage,promotion context
2026-08-20,S02,P101,91.0,98.852,7.852000000000004,7.852000000000004,,,,0.7874999999999999,HIGH,recent demand momentum,inventory coverage,promotion context
2026-08-21,S02,P101,95.0,103.164,8.164000000000001,8.164000000000001,,,,0.7874999999999999,HIGH,recent demand momentum,inventory coverage,promotion context
2026-08-22,S02,P101,83.0,97.66,14.659999999999997,14.659999999999997,,,,0.7874999999999999,HIGH,recent demand momentum,inventory coverage,promotion context
2026-08-23,S02,P101,106.0,95.036,-10.963999999999999,10.963999999999999,,,,0.7874999999999999,HIGH,recent demand momentum,inventory coverage,promotion context
2026-08-24,S02,P101,117.0,89.984,-27.016000000000005,27.016000000000005,,,,0.7874999999999999,HIGH,recent demand momentum,inventory coverage,promotion context
2026-08-25,S02,P101,105.0,92.54,-12.459999999999994,12.459999999999994,0.0,LOW,0.0,0.7874999999999999,HIGH,recent demand momentum,inventory coverage,promotion context
2026-08-20,S02,P103,186.0,170.804,-15.195999999999998,15.195999999999998,,,,0.7874999999999999,HIGH,recent demand momentum,inventory coverage,promotion context
2026-08-21,S02,P103,173.0,172.332,-0.6680000000000064,0.6680000000000064,,,,0.7874999999999999,HIGH,recent demand momentum,inventory coverage,promotion context
2026-08-22,S02,P103,191.0,174.528,-16.47200000000001,16.47200000000001,,,,0.7874999999999999,HIGH,recent demand momentum,inventory coverage,promotion context
2026-08-23,S02,P103,169.0,172.068,3.068000000000012,3.068000000000012,,,,0.7874999999999999,HIGH,recent demand momentum,inventory coverage,promotion context
2026-08-24,S02,P103,163.0,173.06,10.060000000000002,10.060000000000002,,,,0.7874999999999999,HIGH,recent demand momentum,inventory coverage,promotion context
2026-08-25,S02,P103,141.0,172.772,31.77199999999999,31.77199999999999,0.0,LOW,0.0,0.7874999999999999,HIGH,recent demand momentum,inventory coverage,promotion context
2026-08-20,S02,P104,31.0,23.456,-7.5440000000000005,7.5440000000000005,,,,0.7874999999999999,HIGH,recent demand momentum,inventory coverage,promotion context
2026-08-21,S02,P104,19.0,28.308,9.308,9.308,,,,0.7874999999999999,HIGH,recent demand momentum,inventory coverage,promotion context
2026-08-23,S02,P104,21.0,31.672,10.672,10.672,,,,0.7874999999999999,HIGH,recent demand momentum,inventory coverage,promotion context
2026-08-24,S02,P104,24.0,31.776,7.776,7.776,,,,0.7874999999999999,HIGH,recent demand momentum,inventory coverage,promotion context
2026-08-20,S02,P105,3.0,11.956,8.956,8.956,,,,0.7874999999999999,HIGH,recent demand momentum,inventory coverage,promotion context
2026-08-22,S02,P105,4.0,13.948,9.948,9.948,,,,0.7874999999999999,HIGH,recent demand momentum,inventory coverage,promotion context
2026-08-25,S02,P105,2.0,10.644,8.644,8.644,0.0,LOW,0.0,0.7874999999999999,HIGH,recent demand momentum,inventory coverage,promotion context
2026-08-20,S02,P106,8.0,7.7,-0.2999999999999998,0.2999999999999998,,,,0.7874999999999999,HIGH,recent demand momentum,inventory coverage,promotion context
2026-08-23,S02,P106,4.0,8.2,4.199999999999999,4.199999999999999,,,,0.7874999999999999,HIGH,recent demand momentum,inventory coverage,promotion context
2026-08-25,S02,P106,3.0,8.056,5.055999999999999,5.055999999999999,0.0,LOW,0.0,0.7874999999999999,HIGH,recent demand momentum,inventory coverage,promotion context
2026-08-20,S02,P108,8.0,10.16,2.16,2.16,,,,0.7874999999999999,HIGH,recent demand momentum,inventory coverage,promotion context
2026-08-21,S02,P108,7.0,6.752,-0.24800000000000022,0.24800000000000022,,,,0.7874999999999999,HIGH,recent demand momentum,inventory coverage,promotion context
2026-08-23,S02,P108,6.0,9.192,3.192,3.192,,,,0.7874999999999999,HIGH,recent demand momentum,inventory coverage,promotion context
2026-08-24,S02,P108,3.0,9.268,6.268000000000001,6.268000000000001,,,,0.7874999999999999,HIGH,recent demand momentum,inventory coverage,promotion context
2026-08-25,S02,P108,0.0,10.064,10.064,10.064,,,,0.7874999999999999,HIGH,recent demand momentum,inventory coverage,promotion context
2026-08-20,S02,P109,72.0,39.196,-32.804,32.804,,,,0.7874999999999999,HIGH,recent demand momentum,inventory coverage,promotion context
2026-08-21,S02,P109,75.0,38.112,-36.888,36.888,,,,0.7874999999999999,HIGH,recent demand momentum,inventory coverage,promotion context
2026-08-22,S02,P109,72.0,36.268,-35.732,35.732,,,,0.7874999999999999,HIGH,recent demand momentum,inventory coverage,promotion context
2026-08-23,S02,P109,67.0,39.144,-27.856,27.856,,,,0.7874999999999999,HIGH,recent demand momentum,inventory coverage,promotion context
2026-08-24,S02,P109,73.0,35.832,-37.168,37.168,,,,0.7874999999999999,HIGH,recent demand momentum,inventory coverage,promotion context
2026-08-25,S02,P109,61.0,37.456,-23.543999999999997,23.543999999999997,,,,0.7874999999999999,HIGH,recent demand momentum,inventory coverage,promotion context
2026-08-20,S02,P110,828.0,854.532,26.53200000000004,26.53200000000004,,,,0.7874999999999999,HIGH,recent demand momentum,inventory coverage,promotion context
2026-08-21,S02,P110,809.0,854.06,45.059999999999945,45.059999999999945,,,,0.7874999999999999,HIGH,recent demand momentum,inventory coverage,promotion context
2026-08-22,S02,P110,827.0,858.244,31.244000000000028,31.244000000000028,,,,0.7874999999999999,HIGH,recent demand momentum,inventory coverage,promotion context
2026-08-23,S02,P110,819.0,855.296,36.29600000000005,36.29600000000005,,,,0.7874999999999999,HIGH,recent demand momentum,inventory coverage,promotion context
2026-08-24,S02,P110,841.0,851.368,10.368000000000052,10.368000000000052,,,,0.7874999999999999,HIGH,recent demand momentum,inventory coverage,promotion context
2026-08-25,S02,P110,735.0,845.6,110.60000000000002,110.60000000000002,0.0,LOW,0.0,0.7874999999999999,HIGH,recent demand momentum,inventory coverage,promotion context
2026-08-20,S02,P111,26.0,51.472,25.472,25.472,,,,0.7874999999999999,HIGH,recent demand momentum,inventory coverage,promotion context
2026-08-21,S02,P111,32.0,53.272,21.272,21.272,,,,0.7874999999999999,HIGH,recent demand momentum,inventory coverage,promotion context
2026-08-23,S02,P111,38.0,51.864,13.863999999999997,13.863999999999997,,,,0.7874999999999999,HIGH,recent demand momentum,inventory coverage,promotion context
2026-08-24,S02,P111,49.0,53.272,4.2719999999999985,4.2719999999999985,,,,0.7874999999999999,HIGH,recent demand momentum,inventory coverage,promotion context
2026-08-25,S02,P111,44.0,53.948,9.948,9.948,0.0,LOW,0.0,0.7874999999999999,HIGH,recent demand momentum,inventory coverage,promotion context
2026-08-20,S02,P112,9.0,11.552,2.5519999999999996,2.5519999999999996,,,,0.7874999999999999,HIGH,recent demand momentum,inventory coverage,promotion context
2026-08-23,S02,P112,11.0,11.212,0.21199999999999974,0.21199999999999974,,,,0.7874999999999999,HIGH,recent demand momentum,inventory coverage,promotion context
2026-08-24,S02,P112,12.0,13.104,1.1039999999999992,1.1039999999999992,,,,0.7874999999999999,HIGH,recent demand momentum,inventory coverage,promotion context
2026-08-25,S02,P112,8.0,12.896,4.896000000000001,4.896000000000001,0.0,LOW,0.0,0.7874999999999999,HIGH,recent demand momentum,inventory coverage,promotion context
2026-08-20,S02,P113,13.0,24.476,11.475999999999999,11.475999999999999,,,,0.7874999999999999,HIGH,recent demand momentum,inventory coverage,promotion context
2026-08-21,S02,P113,26.0,20.168,-5.832000000000001,5.832000000000001,,,,0.7874999999999999,HIGH,recent demand momentum,inventory coverage,promotion context
2026-08-22,S02,P113,24.0,25.728,1.7280000000000015,1.7280000000000015,,,,0.7874999999999999,HIGH,recent demand momentum,inventory coverage,promotion context
2026-08-23,S02,P113,29.0,29.708,0.7079999999999984,0.7079999999999984,,,,0.7874999999999999,HIGH,recent demand momentum,inventory coverage,promotion context
2026-08-25,S02,P113,29.0,26.132,-2.8679999999999986,2.8679999999999986,0.0,LOW,0.0,0.7874999999999999,HIGH,recent demand momentum,inventory coverage,promotion context
2026-08-20,S02,P114,18.0,29.3,11.3,11.3,,,,0.7874999999999999,HIGH,recent demand momentum,inventory coverage,promotion context
2026-08-21,S02,P114,18.0,29.336,11.335999999999999,11.335999999999999,,,,0.7874999999999999,HIGH,recent demand momentum,inventory coverage,promotion context
2026-08-22,S02,P114,18.0,29.432,11.431999999999999,11.431999999999999,,,,0.7874999999999999,HIGH,recent demand momentum,inventory coverage,promotion context
2026-08-23,S02,P114,12.0,27.852,15.852,15.852,,,,0.7874999999999999,HIGH,recent demand momentum,inventory coverage,promotion context
2026-08-24,S02,P114,9.0,28.624,19.624,19.624,,,,0.7874999999999999,HIGH,recent demand momentum,inventory coverage,promotion context
2026-08-25,S02,P114,8.0,29.22,21.22,21.22,0.0,LOW,0.0,0.7874999999999999,HIGH,recent demand momentum,inventory coverage,promotion context
2026-08-23,S02,P115,5.0,10.9,5.9,5.9,,,,0.7874999999999999,HIGH,recent demand momentum,inventory coverage,promotion context
2026-08-20,S02,P116,28.0,27.948,-0.0519999999999996,0.0519999999999996,,,,0.7874999999999999,HIGH,recent demand momentum,inventory coverage,promotion context
2026-08-21,S02,P116,20.0,23.052,3.0519999999999996,3.0519999999999996,,,,0.7874999999999999,HIGH,recent demand momentum,inventory coverage,promotion context
2026-08-22,S02,P116,11.0,28.716,17.716,17.716,,,,0.7874999999999999,HIGH,recent demand momentum,inventory coverage,promotion context
2026-08-23,S02,P116,16.0,31.372,15.372,15.372,,,,0.7874999999999999,HIGH,recent demand momentum,inventory coverage,promotion context
2026-08-24,S02,P116,21.0,34.728,13.728000000000002,13.728000000000002,,,,0.7874999999999999,HIGH,recent demand momentum,inventory coverage,promotion context
2026-08-25,S02,P116,19.0,24.932,5.931999999999999,5.931999999999999,,,,0.7874999999999999,HIGH,recent demand momentum,inventory coverage,promotion context
2026-08-20,S02,P117,17.0,17.924,0.9239999999999995,0.9239999999999995,,,,0.7874999999999999,HIGH,recent demand momentum,inventory coverage,promotion context
2026-08-21,S02,P117,25.0,18.964,-6.036000000000001,6.036000000000001,,,,0.7874999999999999,HIGH,recent demand momentum,inventory coverage,promotion context
2026-08-22,S02,P117,26.0,16.208,-9.792000000000002,9.792000000000002,,,,0.7874999999999999,HIGH,recent demand momentum,inventory coverage,promotion context
2026-08-23,S02,P117,32.0,16.58,-15.420000000000002,15.420000000000002,,,,0.7874999999999999,HIGH,recent demand momentum,inventory coverage,promotion context
2026-08-25,S02,P117,33.0,19.408,-13.591999999999999,13.591999999999999,,,,0.7874999999999999,HIGH,recent demand momentum,inventory coverage,promotion context
2026-08-20,S02,P118,33.0,18.052,-14.948,14.948,,,,0.7874999999999999,HIGH,recent demand momentum,inventory coverage,promotion context
2026-08-22,S02,P118,43.0,19.716,-23.284,23.284,,,,0.7874999999999999,HIGH,recent demand momentum,inventory coverage,promotion context
2026-08-23,S02,P118,43.0,19.756,-23.244,23.244,,,,0.7874999999999999,HIGH,recent demand momentum,inventory coverage,promotion context
2026-08-24,S02,P118,41.0,20.432,-20.568,20.568,,,,0.7874999999999999,HIGH,recent demand momentum,inventory coverage,promotion context
2026-08-25,S02,P118,34.0,19.784,-14.216000000000001,14.216000000000001,,,,0.7874999999999999,HIGH,recent demand momentum,inventory coverage,promotion context
2026-08-21,S02,P119,13.0,19.544,6.5440000000000005,6.5440000000000005,,,,0.7874999999999999,HIGH,recent demand momentum,inventory coverage,promotion context
2026-08-22,S02,P119,13.0,17.448,4.448,4.448,,,,0.7874999999999999,HIGH,recent demand momentum,inventory coverage,promotion context
2026-08-25,S02,P119,17.0,18.408,1.4080000000000013,1.4080000000000013,,,,0.7874999999999999,HIGH,recent demand momentum,inventory coverage,promotion context
2026-08-20,S02,P120,28.0,17.084,-10.916,10.916,,,,0.7874999999999999,HIGH,recent demand momentum,inventory coverage,promotion context
2026-08-21,S02,P120,26.0,16.96,-9.04,9.04,,,,0.7874999999999999,HIGH,recent demand momentum,inventory coverage,promotion context
2026-08-22,S02,P120,23.0,16.932,-6.068000000000001,6.068000000000001,,,,0.7874999999999999,HIGH,recent demand momentum,inventory coverage,promotion context
2026-08-23,S02,P120,21.0,18.876,-2.1239999999999988,2.1239999999999988,,,,0.7874999999999999,HIGH,recent demand momentum,inventory coverage,promotion context
2026-08-24,S02,P120,16.0,20.22,4.219999999999999,4.219999999999999,,,,0.7874999999999999,HIGH,recent demand momentum,inventory coverage,promotion context
2026-08-25,S02,P120,15.0,22.876,7.876000000000001,7.876000000000001,,,,0.7874999999999999,HIGH,recent demand momentum,inventory coverage,promotion context
2026-08-21,S02,P121,7.0,16.552,9.552,9.552,,,,0.7874999999999999,HIGH,recent demand momentum,inventory coverage,promotion context
2026-08-22,S02,P121,8.0,13.3,5.300000000000001,5.300000000000001,,,,0.7874999999999999,HIGH,recent demand momentum,inventory coverage,promotion context
2026-08-23,S02,P121,8.0,14.16,6.16,6.16,,,,0.7874999999999999,HIGH,recent demand momentum,inventory coverage,promotion context
2026-08-24,S02,P121,9.0,15.06,6.0600000000000005,6.0600000000000005,,,,0.7874999999999999,HIGH,recent demand momentum,inventory coverage,promotion context
2026-08-25,S02,P121,8.0,16.404,8.404,8.404,0.0,LOW,0.0,0.7874999999999999,HIGH,recent demand momentum,inventory coverage,promotion context
2026-08-20,S02,P122,19.0,25.88,6.879999999999999,6.879999999999999,,,,0.7874999999999999,HIGH,recent demand momentum,inventory coverage,promotion context
2026-08-21,S02,P122,18.0,25.328,7.327999999999999,7.327999999999999,,,,0.7874999999999999,HIGH,recent demand momentum,inventory coverage,promotion context
2026-08-22,S02,P122,14.0,24.616,10.616,10.616,,,,0.7874999999999999,HIGH,recent demand momentum,inventory coverage,promotion context
2026-08-23,S02,P122,14.0,24.668,10.668,10.668,,,,0.7874999999999999,HIGH,recent demand momentum,inventory coverage,promotion context
2026-08-24,S02,P122,17.0,32.668,15.668,15.668,,,,0.7874999999999999,HIGH,recent demand momentum,inventory coverage,promotion context
2026-08-25,S02,P122,12.0,33.412,21.412,21.412,,,,0.7874999999999999,HIGH,recent demand momentum,inventory coverage,promotion context
2026-08-20,S02,P123,125.0,168.98,43.97999999999999,43.97999999999999,,,,0.7874999999999999,HIGH,recent demand momentum,inventory coverage,promotion context
2026-08-21,S02,P123,95.0,168.932,73.93199999999999,73.93199999999999,,,,0.7874999999999999,HIGH,recent demand momentum,inventory coverage,promotion context
2026-08-22,S02,P123,101.0,122.684,21.683999999999997,21.683999999999997,,,,0.7874999999999999,HIGH,recent demand momentum,inventory coverage,promotion context
2026-08-23,S02,P123,104.0,166.752,62.75200000000001,62.75200000000001,,,,0.7874999999999999,HIGH,recent demand momentum,inventory coverage,promotion context
2026-08-24,S02,P123,111.0,122.648,11.647999999999996,11.647999999999996,,,,0.7874999999999999,HIGH,recent demand momentum,inventory coverage,promotion context
2026-08-25,S02,P123,101.0,122.596,21.596000000000004,21.596000000000004,0.0,LOW,0.0,0.7874999999999999,HIGH,recent demand momentum,inventory coverage,promotion context
2026-08-20,S02,P124,65.0,72.976,7.975999999999999,7.975999999999999,,,,0.7874999999999999,HIGH,recent demand momentum,inventory coverage,promotion context
2026-08-21,S02,P124,78.0,68.736,-9.263999999999996,9.263999999999996,,,,0.7874999999999999,HIGH,recent demand momentum,inventory coverage,promotion context
2026-08-22,S02,P124,80.0,72.232,-7.768000000000001,7.768000000000001,,,,0.7874999999999999,HIGH,recent demand momentum,inventory coverage,promotion context
2026-08-23,S02,P124,76.0,64.388,-11.611999999999995,11.611999999999995,,,,0.7874999999999999,HIGH,recent demand momentum,inventory coverage,promotion context
2026-08-24,S02,P124,61.0,68.576,7.575999999999993,7.575999999999993,,,,0.7874999999999999,HIGH,recent demand momentum,inventory coverage,promotion context
2026-08-25,S02,P124,51.0,70.048,19.048000000000002,19.048000000000002,,,,0.7874999999999999,HIGH,recent demand momentum,inventory coverage,promotion context
2026-08-20,S02,P125,8.0,17.528,9.527999999999999,9.527999999999999,,,,0.7874999999999999,HIGH,recent demand momentum,inventory coverage,promotion context
2026-08-21,S02,P125,9.0,16.804,7.8039999999999985,7.8039999999999985,,,,0.7874999999999999,HIGH,recent demand momentum,inventory coverage,promotion context
2026-08-22,S02,P125,14.0,16.5,2.5,2.5,,,,0.7874999999999999,HIGH,recent demand momentum,inventory coverage,promotion context
2026-08-25,S02,P125,10.0,16.528,6.527999999999999,6.527999999999999,0.0,LOW,0.0,0.7874999999999999,HIGH,recent demand momentum,inventory coverage,promotion context
2026-08-20,S02,P126,76.0,75.408,-0.5919999999999987,0.5919999999999987,,,,0.7874999999999999,HIGH,recent demand momentum,inventory coverage,promotion context
2026-08-21,S02,P126,86.0,75.872,-10.128,10.128,,,,0.7874999999999999,HIGH,recent demand momentum,inventory coverage,promotion context
2026-08-22,S02,P126,89.0,74.904,-14.096000000000004,14.096000000000004,,,,0.7874999999999999,HIGH,recent demand momentum,inventory coverage,promotion context
2026-08-23,S02,P126,88.0,75.716,-12.284000000000006,12.284000000000006,,,,0.7874999999999999,HIGH,recent demand momentum,inventory coverage,promotion context
2026-08-24,S02,P126,75.0,71.976,-3.024000000000001,3.024000000000001,,,,0.7874999999999999,HIGH,recent demand momentum,inventory coverage,promotion context
2026-08-25,S02,P126,62.0,74.308,12.308000000000007,12.308000000000007,0.0,LOW,0.0,0.7874999999999999,HIGH,recent demand momentum,inventory coverage,promotion context
2026-08-20,S02,P127,144.0,176.392,32.391999999999996,32.391999999999996,,,,0.7874999999999999,HIGH,recent demand momentum,inventory coverage,promotion context
2026-08-21,S02,P127,147.0,189.664,42.66399999999999,42.66399999999999,,,,0.7874999999999999,HIGH,recent demand momentum,inventory coverage,promotion context
2026-08-22,S02,P127,155.0,183.128,28.127999999999986,28.127999999999986,,,,0.7874999999999999,HIGH,recent demand momentum,inventory coverage,promotion context
2026-08-23,S02,P127,143.0,177.1,34.099999999999994,34.099999999999994,,,,0.7874999999999999,HIGH,recent demand momentum,inventory coverage,promotion context
2026-08-24,S02,P127,134.0,172.228,38.22800000000001,38.22800000000001,,,,0.7874999999999999,HIGH,recent demand momentum,inventory coverage,promotion context
2026-08-25,S02,P127,116.0,179.792,63.792,63.792,0.0,LOW,0.0,0.7874999999999999,HIGH,recent demand momentum,inventory coverage,promotion context
2026-08-20,S02,P128,37.0,29.588,-7.411999999999999,7.411999999999999,,,,0.7874999999999999,HIGH,recent demand momentum,inventory coverage,promotion context
2026-08-22,S02,P128,37.0,28.364,-8.636,8.636,,,,0.7874999999999999,HIGH,recent demand momentum,inventory coverage,promotion context
2026-08-23,S02,P128,38.0,25.976,-12.024000000000001,12.024000000000001,,,,0.7874999999999999,HIGH,recent demand momentum,inventory coverage,promotion context
2026-08-24,S02,P128,32.0,25.1,-6.899999999999999,6.899999999999999,,,,0.7874999999999999,HIGH,recent demand momentum,inventory coverage,promotion context
2026-08-25,S02,P128,25.0,27.188,2.187999999999999,2.187999999999999,0.0,LOW,0.0,0.7874999999999999,HIGH,recent demand momentum,inventory coverage,promotion context
2026-08-20,S02,P129,104.0,113.576,9.575999999999993,9.575999999999993,,,,0.7874999999999999,HIGH,recent demand momentum,inventory coverage,promotion context
2026-08-21,S02,P129,100.0,112.016,12.016000000000005,12.016000000000005,,,,0.7874999999999999,HIGH,recent demand momentum,inventory coverage,promotion context
2026-08-22,S02,P129,107.0,110.06,3.0600000000000023,3.0600000000000023,,,,0.7874999999999999,HIGH,recent demand momentum,inventory coverage,promotion context
2026-08-23,S02,P129,119.0,120.744,1.7439999999999998,1.7439999999999998,,,,0.7874999999999999,HIGH,recent demand momentum,inventory coverage,promotion context
2026-08-24,S02,P129,121.0,122.276,1.2759999999999962,1.2759999999999962,,,,0.7874999999999999,HIGH,recent demand momentum,inventory coverage,promotion context
2026-08-25,S02,P129,106.0,123.864,17.864000000000004,17.864000000000004,0.0,LOW,0.0,0.7874999999999999,HIGH,recent demand momentum,inventory coverage,promotion context
2026-08-20,S02,P130,158.0,211.804,53.804,53.804,,,,0.7874999999999999,HIGH,recent demand momentum,inventory coverage,promotion context
2026-08-21,S02,P130,167.0,263.864,96.86399999999998,96.86399999999998,,,,0.7874999999999999,HIGH,recent demand momentum,inventory coverage,promotion context
2026-08-22,S02,P130,198.0,267.056,69.05599999999998,69.05599999999998,,,,0.7874999999999999,HIGH,recent demand momentum,inventory coverage,promotion context
2026-08-23,S02,P130,246.0,257.708,11.708000000000027,11.708000000000027,,,,0.7874999999999999,HIGH,recent demand momentum,inventory coverage,promotion context
2026-08-24,S02,P130,248.0,205.04,-42.96000000000001,42.96000000000001,,,,0.7874999999999999,HIGH,recent demand momentum,inventory coverage,promotion context
2026-08-25,S02,P130,223.0,274.764,51.76400000000001,51.76400000000001,0.0,LOW,0.0,0.7874999999999999,HIGH,recent demand momentum,inventory coverage,promotion context
2026-08-20,S02,P131,104.0,118.404,14.403999999999996,14.403999999999996,,,,0.7874999999999999,HIGH,recent demand momentum,inventory coverage,promotion context
2026-08-21,S02,P131,101.0,113.112,12.111999999999995,12.111999999999995,,,,0.7874999999999999,HIGH,recent demand momentum,inventory coverage,promotion context
2026-08-22,S02,P131,101.0,122.02,21.019999999999996,21.019999999999996,,,,0.7874999999999999,HIGH,recent demand momentum,inventory coverage,promotion context
2026-08-23,S02,P131,108.0,135.056,27.05600000000001,27.05600000000001,,,,0.7874999999999999,HIGH,recent demand momentum,inventory coverage,promotion context
2026-08-24,S02,P131,103.0,130.98,27.97999999999999,27.97999999999999,,,,0.7874999999999999,HIGH,recent demand momentum,inventory coverage,promotion context
2026-08-25,S02,P131,86.0,127.92,41.92,41.92,0.0,LOW,0.0,0.7874999999999999,HIGH,recent demand momentum,inventory coverage,promotion context
2026-08-20,S02,P132,66.0,58.4,-7.600000000000001,7.600000000000001,,,,0.7874999999999999,HIGH,recent demand momentum,inventory coverage,promotion context
2026-08-21,S02,P132,64.0,53.58,-10.420000000000002,10.420000000000002,,,,0.7874999999999999,HIGH,recent demand momentum,inventory coverage,promotion context
2026-08-22,S02,P132,58.0,56.056,-1.9440000000000026,1.9440000000000026,,,,0.7874999999999999,HIGH,recent demand momentum,inventory coverage,promotion context
2026-08-23,S02,P132,60.0,51.276,-8.723999999999997,8.723999999999997,,,,0.7874999999999999,HIGH,recent demand momentum,inventory coverage,promotion context
2026-08-24,S02,P132,66.0,53.888,-12.112000000000002,12.112000000000002,,,,0.7874999999999999,HIGH,recent demand momentum,inventory coverage,promotion context
2026-08-25,S02,P132,55.0,55.68,0.6799999999999997,0.6799999999999997,0.0,LOW,0.0,0.7874999999999999,HIGH,recent demand momentum,inventory coverage,promotion context
2026-08-20,S02,P133,231.0,257.136,26.136000000000024,26.136000000000024,,,,0.7874999999999999,HIGH,recent demand momentum,inventory coverage,promotion context
2026-08-21,S02,P133,246.0,255.44,9.439999999999998,9.439999999999998,,,,0.7874999999999999,HIGH,recent demand momentum,inventory coverage,promotion context
2026-08-22,S02,P133,241.0,243.06,2.0600000000000023,2.0600000000000023,,,,0.7874999999999999,HIGH,recent demand momentum,inventory coverage,promotion context
2026-08-23,S02,P133,253.0,238.208,-14.792000000000002,14.792000000000002,,,,0.7874999999999999,HIGH,recent demand momentum,inventory coverage,promotion context
2026-08-24,S02,P133,264.0,237.756,-26.244,26.244,,,,0.7874999999999999,HIGH,recent demand momentum,inventory coverage,promotion context
2026-08-25,S02,P133,218.0,244.912,26.912000000000006,26.912000000000006,0.0,LOW,0.0,0.7874999999999999,HIGH,recent demand momentum,inventory coverage,promotion context
2026-08-20,S02,P134,97.0,103.744,6.744,6.744,,,,0.7874999999999999,HIGH,recent demand momentum,inventory coverage,promotion context
2026-08-21,S02,P134,97.0,104.42,7.420000000000002,7.420000000000002,,,,0.7874999999999999,HIGH,recent demand momentum,inventory coverage,promotion context
2026-08-22,S02,P134,92.0,101.06,9.060000000000002,9.060000000000002,,,,0.7874999999999999,HIGH,recent demand momentum,inventory coverage,promotion context
2026-08-23,S02,P134,78.0,108.284,30.284000000000006,30.284000000000006,,,,0.7874999999999999,HIGH,recent demand momentum,inventory coverage,promotion context
2026-08-24,S02,P134,77.0,114.232,37.232,37.232,,,,0.7874999999999999,HIGH,recent demand momentum,inventory coverage,promotion context
2026-08-25,S02,P134,59.0,103.992,44.992000000000004,44.992000000000004,0.0,LOW,0.0,0.7874999999999999,HIGH,recent demand momentum,inventory coverage,promotion context
2026-08-20,S02,P135,70.0,54.128,-15.872,15.872,,,,0.7874999999999999,HIGH,recent demand momentum,inventory coverage,promotion context
2026-08-21,S02,P135,80.0,50.532,-29.468000000000004,29.468000000000004,,,,0.7874999999999999,HIGH,recent demand momentum,inventory coverage,promotion context
2026-08-22,S02,P135,79.0,49.296,-29.704,29.704,,,,0.7874999999999999,HIGH,recent demand momentum,inventory coverage,promotion context
2026-08-23,S02,P135,62.0,48.276,-13.723999999999997,13.723999999999997,,,,0.7874999999999999,HIGH,recent demand momentum,inventory coverage,promotion context
2026-08-24,S02,P135,61.0,57.404,-3.5959999999999965,3.5959999999999965,,,,0.7874999999999999,HIGH,recent demand momentum,inventory coverage,promotion context
2026-08-25,S02,P135,54.0,54.7,0.7000000000000028,0.7000000000000028,0.0,LOW,0.0,0.7874999999999999,HIGH,recent demand momentum,inventory coverage,promotion context
2026-08-20,S02,P136,3.0,5.82,2.8200000000000003,2.8200000000000003,,,,0.7874999999999999,HIGH,recent demand momentum,inventory coverage,promotion context
2026-08-20,S02,P137,133.0,81.196,-51.804,51.804,,,,0.7874999999999999,HIGH,recent demand momentum,inventory coverage,promotion context
2026-08-21,S02,P137,125.0,80.636,-44.364000000000004,44.364000000000004,,,,0.7874999999999999,HIGH,recent demand momentum,inventory coverage,promotion context
2026-08-22,S02,P137,104.0,79.472,-24.528000000000006,24.528000000000006,,,,0.7874999999999999,HIGH,recent demand momentum,inventory coverage,promotion context
2026-08-23,S02,P137,87.0,84.42,-2.5799999999999983,2.5799999999999983,,,,0.7874999999999999,HIGH,recent demand momentum,inventory coverage,promotion context
2026-08-24,S02,P137,79.0,76.76,-2.239999999999995,2.239999999999995,,,,0.7874999999999999,HIGH,recent demand momentum,inventory coverage,promotion context
2026-08-25,S02,P137,70.0,78.504,8.504000000000005,8.504000000000005,0.0,LOW,0.0,0.7874999999999999,HIGH,recent demand momentum,inventory coverage,promotion context
2026-08-20,S02,P138,60.0,51.836,-8.164000000000001,8.164000000000001,,,,0.7874999999999999,HIGH,recent demand momentum,inventory coverage,promotion context
2026-08-21,S02,P138,57.0,53.112,-3.887999999999998,3.887999999999998,,,,0.7874999999999999,HIGH,recent demand momentum,inventory coverage,promotion context
2026-08-22,S02,P138,67.0,52.332,-14.668,14.668,,,,0.7874999999999999,HIGH,recent demand momentum,inventory coverage,promotion context
2026-08-23,S02,P138,62.0,54.348,-7.652000000000001,7.652000000000001,,,,0.7874999999999999,HIGH,recent demand momentum,inventory coverage,promotion context
2026-08-24,S02,P138,69.0,51.508,-17.491999999999997,17.491999999999997,,,,0.7874999999999999,HIGH,recent demand momentum,inventory coverage,promotion context
2026-08-25,S02,P138,68.0,50.156,-17.844,17.844,0.0,LOW,0.0,0.7874999999999999,HIGH,recent demand momentum,inventory coverage,promotion context
2026-08-20,S02,P139,26.0,13.04,-12.96,12.96,,,,0.7874999999999999,HIGH,recent demand momentum,inventory coverage,promotion context
2026-08-22,S02,P139,29.0,13.612,-15.388,15.388,,,,0.7874999999999999,HIGH,recent demand momentum,inventory coverage,promotion context
2026-08-23,S02,P139,25.0,12.292,-12.708,12.708,,,,0.7874999999999999,HIGH,recent demand momentum,inventory coverage,promotion context
2026-08-24,S02,P139,23.0,14.276,-8.724,8.724,,,,0.7874999999999999,HIGH,recent demand momentum,inventory coverage,promotion context
2026-08-25,S02,P139,20.0,12.212,-7.788,7.788,0.0,LOW,0.0,0.7874999999999999,HIGH,recent demand momentum,inventory coverage,promotion context
2026-08-20,S02,P140,24.0,27.724,3.724,3.724,,,,0.7874999999999999,HIGH,recent demand momentum,inventory coverage,promotion context
2026-08-21,S02,P140,28.0,27.888,-0.11199999999999832,0.11199999999999832,,,,0.7874999999999999,HIGH,recent demand momentum,inventory coverage,promotion context
2026-08-22,S02,P140,28.0,28.132,0.13200000000000145,0.13200000000000145,,,,0.7874999999999999,HIGH,recent demand momentum,inventory coverage,promotion context
2026-08-24,S02,P140,43.0,27.188,-15.812000000000001,15.812000000000001,,,,0.7874999999999999,HIGH,recent demand momentum,inventory coverage,promotion context
2026-08-20,S02,P141,22.0,29.916,7.916,7.916,,,,0.7874999999999999,HIGH,recent demand momentum,inventory coverage,promotion context
2026-08-21,S02,P141,24.0,28.536,4.536000000000001,4.536000000000001,,,,0.7874999999999999,HIGH,recent demand momentum,inventory coverage,promotion context
2026-08-22,S02,P141,37.0,27.64,-9.36,9.36,,,,0.7874999999999999,HIGH,recent demand momentum,inventory coverage,promotion context
2026-08-23,S02,P141,37.0,27.728,-9.271999999999998,9.271999999999998,,,,0.7874999999999999,HIGH,recent demand momentum,inventory coverage,promotion context
2026-08-24,S02,P141,40.0,29.364,-10.636,10.636,,,,0.7874999999999999,HIGH,recent demand momentum,inventory coverage,promotion context
2026-08-25,S02,P141,37.0,28.332,-8.668,8.668,0.0,LOW,0.0,0.7874999999999999,HIGH,recent demand momentum,inventory coverage,promotion context
2026-08-20,S02,P142,16.0,12.188,-3.8119999999999994,3.8119999999999994,,,,0.7874999999999999,HIGH,recent demand momentum,inventory coverage,promotion context
2026-08-22,S02,P142,24.0,11.056,-12.944,12.944,,,,0.7874999999999999,HIGH,recent demand momentum,inventory coverage,promotion context
2026-08-23,S02,P142,16.0,11.392,-4.6080000000000005,4.6080000000000005,,,,0.7874999999999999,HIGH,recent demand momentum,inventory coverage,promotion context
2026-08-24,S02,P142,16.0,12.556,-3.444000000000001,3.444000000000001,,,,0.7874999999999999,HIGH,recent demand momentum,inventory coverage,promotion context
2026-08-20,S02,P143,53.0,45.712,-7.287999999999997,7.287999999999997,,,,0.7874999999999999,HIGH,recent demand momentum,inventory coverage,promotion context
2026-08-21,S02,P143,57.0,46.988,-10.012,10.012,,,,0.7874999999999999,HIGH,recent demand momentum,inventory coverage,promotion context
2026-08-22,S02,P143,54.0,42.544,-11.456000000000003,11.456000000000003,,,,0.7874999999999999,HIGH,recent demand momentum,inventory coverage,promotion context
2026-08-23,S02,P143,55.0,43.74,-11.259999999999998,11.259999999999998,,,,0.7874999999999999,HIGH,recent demand momentum,inventory coverage,promotion context
2026-08-24,S02,P143,55.0,46.504,-8.496000000000002,8.496000000000002,,,,0.7874999999999999,HIGH,recent demand momentum,inventory coverage,promotion context
2026-08-25,S02,P143,49.0,43.076,-5.9239999999999995,5.9239999999999995,,,,0.7874999999999999,HIGH,recent demand momentum,inventory coverage,promotion context
2026-08-20,S02,P144,33.0,35.556,2.5559999999999974,2.5559999999999974,,,,0.7874999999999999,HIGH,recent demand momentum,inventory coverage,promotion context
2026-08-21,S02,P144,25.0,39.412,14.411999999999999,14.411999999999999,,,,0.7874999999999999,HIGH,recent demand momentum,inventory coverage,promotion context
2026-08-23,S02,P144,25.0,40.16,15.159999999999997,15.159999999999997,,,,0.7874999999999999,HIGH,recent demand momentum,inventory coverage,promotion context
2026-08-24,S02,P144,27.0,39.212,12.212000000000003,12.212000000000003,,,,0.7874999999999999,HIGH,recent demand momentum,inventory coverage,promotion context
2026-08-25,S02,P144,25.0,38.076,13.076,13.076,0.0,LOW,0.0,0.7874999999999999,HIGH,recent demand momentum,inventory coverage,promotion context
2026-08-20,S02,P145,12.0,28.66,16.66,16.66,,,,0.7874999999999999,HIGH,recent demand momentum,inventory coverage,promotion context
2026-08-21,S02,P145,8.0,26.388,18.388,18.388,,,,0.7874999999999999,HIGH,recent demand momentum,inventory coverage,promotion context
2026-08-22,S02,P145,13.0,26.584,13.584,13.584,,,,0.7874999999999999,HIGH,recent demand momentum,inventory coverage,promotion context
2026-08-23,S02,P145,18.0,24.48,6.48,6.48,,,,0.7874999999999999,HIGH,recent demand momentum,inventory coverage,promotion context
2026-08-24,S02,P145,17.0,24.66,7.66,7.66,,,,0.7874999999999999,HIGH,recent demand momentum,inventory coverage,promotion context
2026-08-20,S02,P146,75.0,65.948,-9.052000000000007,9.052000000000007,,,,0.7874999999999999,HIGH,recent demand momentum,inventory coverage,promotion context
2026-08-21,S02,P146,76.0,60.24,-15.759999999999998,15.759999999999998,,,,0.7874999999999999,HIGH,recent demand momentum,inventory coverage,promotion context
2026-08-22,S02,P146,66.0,62.816,-3.1839999999999975,3.1839999999999975,,,,0.7874999999999999,HIGH,recent demand momentum,inventory coverage,promotion context
2026-08-23,S02,P146,59.0,63.44,4.439999999999998,4.439999999999998,,,,0.7874999999999999,HIGH,recent demand momentum,inventory coverage,promotion context
2026-08-24,S02,P146,55.0,65.688,10.688000000000002,10.688000000000002,,,,0.7874999999999999,HIGH,recent demand momentum,inventory coverage,promotion context
2026-08-25,S02,P146,47.0,67.884,20.884,20.884,0.0,LOW,0.0,0.7874999999999999,HIGH,recent demand momentum,inventory coverage,promotion context
2026-08-20,S02,P147,37.0,39.704,2.7040000000000006,2.7040000000000006,,,,0.7874999999999999,HIGH,recent demand momentum,inventory coverage,promotion context
2026-08-21,S02,P147,35.0,40.856,5.856000000000002,5.856000000000002,,,,0.7874999999999999,HIGH,recent demand momentum,inventory coverage,promotion context
2026-08-22,S02,P147,46.0,40.832,-5.167999999999999,5.167999999999999,,,,0.7874999999999999,HIGH,recent demand momentum,inventory coverage,promotion context
2026-08-23,S02,P147,52.0,40.096,-11.904000000000003,11.904000000000003,,,,0.7874999999999999,HIGH,recent demand momentum,inventory coverage,promotion context
2026-08-24,S02,P147,49.0,39.988,-9.012,9.012,,,,0.7874999999999999,HIGH,recent demand momentum,inventory coverage,promotion context
2026-08-25,S02,P147,45.0,39.444,-5.555999999999997,5.555999999999997,0.0,LOW,0.0,0.7874999999999999,HIGH,recent demand momentum,inventory coverage,promotion context
2026-08-20,S02,P148,8.0,5.976,-2.024,2.024,,,,0.7874999999999999,HIGH,recent demand momentum,inventory coverage,promotion context
2026-08-21,S02,P148,11.0,9.476,-1.5239999999999991,1.5239999999999991,,,,0.7874999999999999,HIGH,recent demand momentum,inventory coverage,promotion context
2026-08-24,S02,P148,11.0,13.364,2.3640000000000008,2.3640000000000008,,,,0.7874999999999999,HIGH,recent demand momentum,inventory coverage,promotion context
2026-08-20,S02,P149,15.0,29.444,14.443999999999999,14.443999999999999,,,,0.7874999999999999,HIGH,recent demand momentum,inventory coverage,promotion context
2026-08-21,S02,P149,13.0,31.368,18.368,18.368,,,,0.7874999999999999,HIGH,recent demand momentum,inventory coverage,promotion context
2026-08-23,S02,P149,17.0,29.308,12.308,12.308,,,,0.7874999999999999,HIGH,recent demand momentum,inventory coverage,promotion context
2026-08-24,S02,P149,27.0,27.552,0.5519999999999996,0.5519999999999996,,,,0.7874999999999999,HIGH,recent demand momentum,inventory coverage,promotion context
2026-08-25,S02,P149,25.0,25.112,0.11199999999999832,0.11199999999999832,,,,0.7874999999999999,HIGH,recent demand momentum,inventory coverage,promotion context
2026-08-20,S02,P150,20.0,25.344,5.344000000000001,5.344000000000001,,,,0.7874999999999999,HIGH,recent demand momentum,inventory coverage,promotion context
2026-08-22,S02,P150,19.0,20.54,1.5399999999999991,1.5399999999999991,,,,0.7874999999999999,HIGH,recent demand momentum,inventory coverage,promotion context
2026-08-23,S02,P150,14.0,19.444,5.443999999999999,5.443999999999999,,,,0.7874999999999999,HIGH,recent demand momentum,inventory coverage,promotion context
2026-08-25,S02,P150,16.0,14.98,-1.0199999999999996,1.0199999999999996,0.0,LOW,0.0,0.7874999999999999,HIGH,recent demand momentum,inventory coverage,promotion context
2026-08-22,S02,P151,4.0,17.116,13.116,13.116,,,,0.7874999999999999,HIGH,recent demand momentum,inventory coverage,promotion context
2026-08-24,S02,P151,3.0,17.752,14.751999999999999,14.751999999999999,,,,0.7874999999999999,HIGH,recent demand momentum,inventory coverage,promotion context
2026-08-20,S02,P152,71.0,80.408,9.408000000000001,9.408000000000001,,,,0.7874999999999999,HIGH,recent demand momentum,inventory coverage,promotion context
2026-08-21,S02,P152,70.0,74.748,4.748000000000005,4.748000000000005,,,,0.7874999999999999,HIGH,recent demand momentum,inventory coverage,promotion context
2026-08-22,S02,P152,72.0,77.424,5.424000000000007,5.424000000000007,,,,0.7874999999999999,HIGH,recent demand momentum,inventory coverage,promotion context
2026-08-23,S02,P152,74.0,75.472,1.4719999999999942,1.4719999999999942,,,,0.7874999999999999,HIGH,recent demand momentum,inventory coverage,promotion context
2026-08-24,S02,P152,70.0,75.92,5.920000000000002,5.920000000000002,,,,0.7874999999999999,HIGH,recent demand momentum,inventory coverage,promotion context
2026-08-25,S02,P152,55.0,73.004,18.004000000000005,18.004000000000005,0.0,LOW,0.0,0.7874999999999999,HIGH,recent demand momentum,inventory coverage,promotion context
2026-08-20,S02,P153,58.0,62.948,4.948,4.948,,,,0.7874999999999999,HIGH,recent demand momentum,inventory coverage,promotion context
2026-08-21,S02,P153,65.0,57.44,-7.560000000000002,7.560000000000002,,,,0.7874999999999999,HIGH,recent demand momentum,inventory coverage,promotion context
2026-08-22,S02,P153,68.0,55.372,-12.628,12.628,,,,0.7874999999999999,HIGH,recent demand momentum,inventory coverage,promotion context
2026-08-23,S02,P153,62.0,61.168,-0.8320000000000007,0.8320000000000007,,,,0.7874999999999999,HIGH,recent demand momentum,inventory coverage,promotion context
2026-08-24,S02,P153,68.0,59.04,-8.96,8.96,,,,0.7874999999999999,HIGH,recent demand momentum,inventory coverage,promotion context
2026-08-25,S02,P153,64.0,60.76,-3.240000000000002,3.240000000000002,,,,0.7874999999999999,HIGH,recent demand momentum,inventory coverage,promotion context
2026-08-20,S02,P154,27.0,27.808,0.8079999999999998,0.8079999999999998,,,,0.7874999999999999,HIGH,recent demand momentum,inventory coverage,promotion context
2026-08-21,S02,P154,29.0,26.676,-2.3240000000000016,2.3240000000000016,,,,0.7874999999999999,HIGH,recent demand momentum,inventory coverage,promotion context
2026-08-22,S02,P154,30.0,18.312,-11.687999999999999,11.687999999999999,,,,0.7874999999999999,HIGH,recent demand momentum,inventory coverage,promotion context
2026-08-23,S02,P154,27.0,21.384,-5.616,5.616,,,,0.7874999999999999,HIGH,recent demand momentum,inventory coverage,promotion context
2026-08-24,S02,P154,27.0,21.508,-5.492000000000001,5.492000000000001,,,,0.7874999999999999,HIGH,recent demand momentum,inventory coverage,promotion context
2026-08-25,S02,P154,18.0,23.328,5.327999999999999,5.327999999999999,0.0,LOW,0.0,0.7874999999999999,HIGH,recent demand momentum,inventory coverage,promotion context
2026-08-20,S02,P155,28.0,30.016,2.0159999999999982,2.0159999999999982,,,,0.7874999999999999,HIGH,recent demand momentum,inventory coverage,promotion context
2026-08-21,S02,P155,26.0,29.652,3.652000000000001,3.652000000000001,,,,0.7874999999999999,HIGH,recent demand momentum,inventory coverage,promotion context
2026-08-22,S02,P155,42.0,33.768,-8.232,8.232,,,,0.7874999999999999,HIGH,recent demand momentum,inventory coverage,promotion context
2026-08-23,S02,P155,40.0,31.532,-8.468,8.468,,,,0.7874999999999999,HIGH,recent demand momentum,inventory coverage,promotion context
2026-08-24,S02,P155,44.0,32.672,-11.328000000000003,11.328000000000003,,,,0.7874999999999999,HIGH,recent demand momentum,inventory coverage,promotion context
2026-08-25,S02,P155,41.0,28.932,-12.068000000000001,12.068000000000001,0.0,LOW,0.0,0.7874999999999999,HIGH,recent demand momentum,inventory coverage,promotion context
2026-08-20,S02,P156,68.0,82.368,14.367999999999995,14.367999999999995,,,,0.7874999999999999,HIGH,recent demand momentum,inventory coverage,promotion context
2026-08-21,S02,P156,72.0,94.912,22.912000000000006,22.912000000000006,,,,0.7874999999999999,HIGH,recent demand momentum,inventory coverage,promotion context
2026-08-22,S02,P156,66.0,76.376,10.376000000000005,10.376000000000005,,,,0.7874999999999999,HIGH,recent demand momentum,inventory coverage,promotion context
2026-08-23,S02,P156,70.0,90.18,20.180000000000007,20.180000000000007,,,,0.7874999999999999,HIGH,recent demand momentum,inventory coverage,promotion context
2026-08-24,S02,P156,75.0,91.8,16.799999999999997,16.799999999999997,,,,0.7874999999999999,HIGH,recent demand momentum,inventory coverage,promotion context
2026-08-25,S02,P156,68.0,95.08,27.08,27.08,0.0,LOW,0.0,0.7874999999999999,HIGH,recent demand momentum,inventory coverage,promotion context
2026-08-20,S02,P157,38.0,52.652,14.652000000000001,14.652000000000001,,,,0.7874999999999999,HIGH,recent demand momentum,inventory coverage,promotion context
2026-08-21,S02,P157,36.0,52.572,16.572000000000003,16.572000000000003,,,,0.7874999999999999,HIGH,recent demand momentum,inventory coverage,promotion context
2026-08-22,S02,P157,27.0,53.144,26.144,26.144,,,,0.7874999999999999,HIGH,recent demand momentum,inventory coverage,promotion context
2026-08-23,S02,P157,32.0,53.268,21.268,21.268,,,,0.7874999999999999,HIGH,recent demand momentum,inventory coverage,promotion context
2026-08-24,S02,P157,34.0,51.22,17.22,17.22,,,,0.7874999999999999,HIGH,recent demand momentum,inventory coverage,promotion context
2026-08-25,S02,P157,25.0,51.136,26.136000000000003,26.136000000000003,0.0,LOW,0.0,0.7874999999999999,HIGH,recent demand momentum,inventory coverage,promotion context
2026-08-20,S02,P158,130.0,150.928,20.927999999999997,20.927999999999997,,,,0.7874999999999999,HIGH,recent demand momentum,inventory coverage,promotion context
2026-08-21,S02,P158,139.0,147.284,8.283999999999992,8.283999999999992,,,,0.7874999999999999,HIGH,recent demand momentum,inventory coverage,promotion context
2026-08-22,S02,P158,135.0,164.416,29.415999999999997,29.415999999999997,,,,0.7874999999999999,HIGH,recent demand momentum,inventory coverage,promotion context
2026-08-23,S02,P158,139.0,154.376,15.376000000000005,15.376000000000005,,,,0.7874999999999999,HIGH,recent demand momentum,inventory coverage,promotion context
2026-08-24,S02,P158,131.0,168.432,37.43199999999999,37.43199999999999,,,,0.7874999999999999,HIGH,recent demand momentum,inventory coverage,promotion context
2026-08-25,S02,P158,119.0,165.38,46.379999999999995,46.379999999999995,0.0,LOW,0.0,0.7874999999999999,HIGH,recent demand momentum,inventory coverage,promotion context
2026-08-20,S02,P159,165.0,205.768,40.768,40.768,,,,0.7874999999999999,HIGH,recent demand momentum,inventory coverage,promotion context
2026-08-21,S02,P159,175.0,207.86,32.860000000000014,32.860000000000014,,,,0.7874999999999999,HIGH,recent demand momentum,inventory coverage,promotion context
2026-08-22,S02,P159,194.0,206.536,12.536000000000001,12.536000000000001,,,,0.7874999999999999,HIGH,recent demand momentum,inventory coverage,promotion context
2026-08-23,S02,P159,212.0,201.192,-10.807999999999993,10.807999999999993,,,,0.7874999999999999,HIGH,recent demand momentum,inventory coverage,promotion context
2026-08-24,S02,P159,223.0,197.404,-25.596000000000004,25.596000000000004,,,,0.7874999999999999,HIGH,recent demand momentum,inventory coverage,promotion context
2026-08-25,S02,P159,189.0,185.76,-3.240000000000009,3.240000000000009,0.0,LOW,0.0,0.7874999999999999,HIGH,recent demand momentum,inventory coverage,promotion context
2026-08-21,S02,P160,1.0,3.732,2.732,2.732,,,,0.7874999999999999,HIGH,recent demand momentum,inventory coverage,promotion context
2026-08-24,S02,P160,0.0,4.028,4.028,4.028,,,,0.7874999999999999,HIGH,recent demand momentum,inventory coverage,promotion context
2026-08-20,S02,P161,102.0,123.94,21.939999999999998,21.939999999999998,,,,0.7874999999999999,HIGH,recent demand momentum,inventory coverage,promotion context
2026-08-21,S02,P161,97.0,116.456,19.456000000000003,19.456000000000003,,,,0.7874999999999999,HIGH,recent demand momentum,inventory coverage,promotion context
2026-08-22,S02,P161,106.0,124.936,18.936000000000007,18.936000000000007,,,,0.7874999999999999,HIGH,recent demand momentum,inventory coverage,promotion context
2026-08-23,S02,P161,103.0,121.452,18.451999999999998,18.451999999999998,,,,0.7874999999999999,HIGH,recent demand momentum,inventory coverage,promotion context
2026-08-24,S02,P161,105.0,124.324,19.323999999999998,19.323999999999998,,,,0.7874999999999999,HIGH,recent demand momentum,inventory coverage,promotion context
2026-08-25,S02,P161,88.0,123.068,35.068,35.068,,,,0.7874999999999999,HIGH,recent demand momentum,inventory coverage,promotion context
2026-08-20,S02,P163,165.0,115.704,-49.29600000000001,49.29600000000001,,,,0.7874999999999999,HIGH,recent demand momentum,inventory coverage,promotion context
2026-08-21,S02,P163,165.0,119.596,-45.403999999999996,45.403999999999996,,,,0.7874999999999999,HIGH,recent demand momentum,inventory coverage,promotion context
2026-08-22,S02,P163,168.0,118.984,-49.016000000000005,49.016000000000005,,,,0.7874999999999999,HIGH,recent demand momentum,inventory coverage,promotion context
2026-08-23,S02,P163,168.0,124.888,-43.111999999999995,43.111999999999995,,,,0.7874999999999999,HIGH,recent demand momentum,inventory coverage,promotion context
2026-08-24,S02,P163,144.0,123.104,-20.896,20.896,,,,0.7874999999999999,HIGH,recent demand momentum,inventory coverage,promotion context
2026-08-25,S02,P163,121.0,118.128,-2.872,2.872,0.0,LOW,0.0,0.7874999999999999,HIGH,recent demand momentum,inventory coverage,promotion context
2026-08-20,S02,P164,17.0,31.816,14.815999999999999,14.815999999999999,,,,0.7874999999999999,HIGH,recent demand momentum,inventory coverage,promotion context
2026-08-21,S02,P164,19.0,25.688,6.687999999999999,6.687999999999999,,,,0.7874999999999999,HIGH,recent demand momentum,inventory coverage,promotion context
2026-08-22,S02,P164,14.0,28.372,14.372,14.372,,,,0.7874999999999999,HIGH,recent demand momentum,inventory coverage,promotion context
2026-08-23,S02,P164,17.0,32.884,15.884,15.884,,,,0.7874999999999999,HIGH,recent demand momentum,inventory coverage,promotion context
2026-08-24,S02,P164,17.0,27.576,10.576,10.576,,,,0.7874999999999999,HIGH,recent demand momentum,inventory coverage,promotion context
2026-08-20,S02,P166,21.0,47.344,26.344,26.344,,,,0.7874999999999999,HIGH,recent demand momentum,inventory coverage,promotion context
2026-08-21,S02,P166,28.0,49.408,21.408,21.408,,,,0.7874999999999999,HIGH,recent demand momentum,inventory coverage,promotion context
2026-08-22,S02,P166,38.0,46.692,8.692,8.692,,,,0.7874999999999999,HIGH,recent demand momentum,inventory coverage,promotion context
2026-08-23,S02,P166,38.0,46.212,8.212000000000003,8.212000000000003,,,,0.7874999999999999,HIGH,recent demand momentum,inventory coverage,promotion context
2026-08-24,S02,P166,58.0,44.7,-13.299999999999997,13.299999999999997,,,,0.7874999999999999,HIGH,recent demand momentum,inventory coverage,promotion context
2026-08-25,S02,P166,54.0,49.816,-4.1839999999999975,4.1839999999999975,0.0,LOW,0.0,0.7874999999999999,HIGH,recent demand momentum,inventory coverage,promotion context
2026-08-22,S02,P167,3.0,8.812,5.811999999999999,5.811999999999999,,,,0.7874999999999999,HIGH,recent demand momentum,inventory coverage,promotion context
2026-08-20,S02,P168,17.0,12.156,-4.843999999999999,4.843999999999999,,,,0.7874999999999999,HIGH,recent demand momentum,inventory coverage,promotion context
2026-08-22,S02,P168,20.0,11.6,-8.4,8.4,,,,0.7874999999999999,HIGH,recent demand momentum,inventory coverage,promotion context
2026-08-23,S02,P168,19.0,11.468,-7.532,7.532,,,,0.7874999999999999,HIGH,recent demand momentum,inventory coverage,promotion context
2026-08-24,S02,P168,21.0,10.372,-10.628,10.628,,,,0.7874999999999999,HIGH,recent demand momentum,inventory coverage,promotion context
2026-08-25,S02,P168,18.0,11.78,-6.220000000000001,6.220000000000001,,,,0.7874999999999999,HIGH,recent demand momentum,inventory coverage,promotion context
2026-08-20,S02,P169,51.0,51.856,0.8560000000000016,0.8560000000000016,,,,0.7874999999999999,HIGH,recent demand momentum,inventory coverage,promotion context
2026-08-21,S02,P169,47.0,53.732,6.731999999999999,6.731999999999999,,,,0.7874999999999999,HIGH,recent demand momentum,inventory coverage,promotion context
2026-08-22,S02,P169,45.0,49.968,4.9680000000000035,4.9680000000000035,,,,0.7874999999999999,HIGH,recent demand momentum,inventory coverage,promotion context
2026-08-23,S02,P169,50.0,55.636,5.636000000000003,5.636000000000003,,,,0.7874999999999999,HIGH,recent demand momentum,inventory coverage,promotion context
2026-08-24,S02,P169,49.0,50.652,1.652000000000001,1.652000000000001,,,,0.7874999999999999,HIGH,recent demand momentum,inventory coverage,promotion context
2026-08-25,S02,P169,36.0,47.464,11.463999999999999,11.463999999999999,0.0,LOW,0.0,0.7874999999999999,HIGH,recent demand momentum,inventory coverage,promotion context
2026-08-22,S02,P170,4.0,7.66,3.66,3.66,,,,0.7874999999999999,HIGH,recent demand momentum,inventory coverage,promotion context
2026-08-23,S02,P170,2.0,6.744,4.744,4.744,,,,0.7874999999999999,HIGH,recent demand momentum,inventory coverage,promotion context
2026-08-24,S02,P170,5.0,6.98,1.9800000000000004,1.9800000000000004,,,,0.7874999999999999,HIGH,recent demand momentum,inventory coverage,promotion context
2026-08-20,S02,P171,35.0,37.488,2.4879999999999995,2.4879999999999995,,,,0.7874999999999999,HIGH,recent demand momentum,inventory coverage,promotion context
2026-08-21,S02,P171,36.0,38.26,2.259999999999998,2.259999999999998,,,,0.7874999999999999,HIGH,recent demand momentum,inventory coverage,promotion context
2026-08-23,S02,P171,37.0,38.148,1.1480000000000032,1.1480000000000032,,,,0.7874999999999999,HIGH,recent demand momentum,inventory coverage,promotion context
2026-08-24,S02,P171,42.0,38.168,-3.8320000000000007,3.8320000000000007,,,,0.7874999999999999,HIGH,recent demand momentum,inventory coverage,promotion context
2026-08-25,S02,P171,39.0,39.596,0.5959999999999965,0.5959999999999965,,,,0.7874999999999999,HIGH,recent demand momentum,inventory coverage,promotion context
2026-08-20,S02,P172,25.0,24.784,-0.21600000000000108,0.21600000000000108,,,,0.7874999999999999,HIGH,recent demand momentum,inventory coverage,promotion context
2026-08-21,S02,P172,27.0,26.608,-0.39199999999999946,0.39199999999999946,,,,0.7874999999999999,HIGH,recent demand momentum,inventory coverage,promotion context
2026-08-22,S02,P172,23.0,21.452,-1.5479999999999983,1.5479999999999983,,,,0.7874999999999999,HIGH,recent demand momentum,inventory coverage,promotion context
2026-08-23,S02,P172,17.0,22.88,5.879999999999999,5.879999999999999,,,,0.7874999999999999,HIGH,recent demand momentum,inventory coverage,promotion context
2026-08-24,S02,P172,17.0,28.304,11.303999999999998,11.303999999999998,,,,0.7874999999999999,HIGH,recent demand momentum,inventory coverage,promotion context
2026-08-25,S02,P172,16.0,25.356,9.356000000000002,9.356000000000002,,,,0.7874999999999999,HIGH,recent demand momentum,inventory coverage,promotion context
2026-08-23,S02,P173,3.0,8.62,5.619999999999999,5.619999999999999,,,,0.7874999999999999,HIGH,recent demand momentum,inventory coverage,promotion context
2026-08-25,S02,P173,2.0,9.124,7.1240000000000006,7.1240000000000006,0.0,LOW,0.0,0.7874999999999999,HIGH,recent demand momentum,inventory coverage,promotion context
2026-08-20,S02,P174,8.0,8.108,0.10800000000000054,0.10800000000000054,,,,0.7874999999999999,HIGH,recent demand momentum,inventory coverage,promotion context
2026-08-21,S02,P174,7.0,7.48,0.4800000000000004,0.4800000000000004,,,,0.7874999999999999,HIGH,recent demand momentum,inventory coverage,promotion context
2026-08-25,S02,P174,0.0,8.604,8.604,8.604,0.0,LOW,0.0,0.7874999999999999,HIGH,recent demand momentum,inventory coverage,promotion context
2026-08-21,S02,P175,11.0,10.64,-0.35999999999999943,0.35999999999999943,,,,0.7874999999999999,HIGH,recent demand momentum,inventory coverage,promotion context
2026-08-22,S02,P175,9.0,12.068,3.0679999999999996,3.0679999999999996,,,,0.7874999999999999,HIGH,recent demand momentum,inventory coverage,promotion context
2026-08-24,S02,P175,9.0,13.112,4.112,4.112,,,,0.7874999999999999,HIGH,recent demand momentum,inventory coverage,promotion context
2026-08-20,S02,P176,169.0,171.364,2.3640000000000043,2.3640000000000043,,,,0.7874999999999999,HIGH,recent demand momentum,inventory coverage,promotion context
2026-08-21,S02,P176,179.0,171.352,-7.647999999999996,7.647999999999996,,,,0.7874999999999999,HIGH,recent demand momentum,inventory coverage,promotion context
2026-08-22,S02,P176,185.0,174.108,-10.891999999999996,10.891999999999996,,,,0.7874999999999999,HIGH,recent demand momentum,inventory coverage,promotion context
2026-08-23,S02,P176,190.0,170.524,-19.476,19.476,,,,0.7874999999999999,HIGH,recent demand momentum,inventory coverage,promotion context
2026-08-24,S02,P176,181.0,174.136,-6.864000000000004,6.864000000000004,,,,0.7874999999999999,HIGH,recent demand momentum,inventory coverage,promotion context
2026-08-25,S02,P176,154.0,173.852,19.852000000000004,19.852000000000004,,,,0.7874999999999999,HIGH,recent demand momentum,inventory coverage,promotion context
2026-08-20,S02,P177,17.0,33.388,16.387999999999998,16.387999999999998,,,,0.7874999999999999,HIGH,recent demand momentum,inventory coverage,promotion context
2026-08-21,S02,P177,15.0,27.2,12.2,12.2,,,,0.7874999999999999,HIGH,recent demand momentum,inventory coverage,promotion context
2026-08-22,S02,P177,16.0,26.784,10.783999999999999,10.783999999999999,,,,0.7874999999999999,HIGH,recent demand momentum,inventory coverage,promotion context
2026-08-23,S02,P177,18.0,27.48,9.48,9.48,,,,0.7874999999999999,HIGH,recent demand momentum,inventory coverage,promotion context
2026-08-25,S02,P177,13.0,31.108,18.108,18.108,0.0,LOW,0.0,0.7874999999999999,HIGH,recent demand momentum,inventory coverage,promotion context
2026-08-20,S02,P178,28.0,24.084,-3.9160000000000004,3.9160000000000004,,,,0.7874999999999999,HIGH,recent demand momentum,inventory coverage,promotion context
2026-08-21,S02,P178,20.0,25.084,5.084,5.084,,,,0.7874999999999999,HIGH,recent demand momentum,inventory coverage,promotion context
2026-08-22,S02,P178,22.0,24.048,2.0479999999999983,2.0479999999999983,,,,0.7874999999999999,HIGH,recent demand momentum,inventory coverage,promotion context
2026-08-24,S02,P178,33.0,26.268,-6.731999999999999,6.731999999999999,,,,0.7874999999999999,HIGH,recent demand momentum,inventory coverage,promotion context
2026-08-25,S02,P178,32.0,27.02,-4.98,4.98,0.0,LOW,0.0,0.7874999999999999,HIGH,recent demand momentum,inventory coverage,promotion context
2026-08-23,S02,P179,3.0,7.292,4.292,4.292,,,,0.7874999999999999,HIGH,recent demand momentum,inventory coverage,promotion context
2026-08-24,S02,P179,2.0,5.4,3.4000000000000004,3.4000000000000004,,,,0.7874999999999999,HIGH,recent demand momentum,inventory coverage,promotion context
2026-08-20,S02,P180,94.0,99.008,5.007999999999996,5.007999999999996,,,,0.7874999999999999,HIGH,recent demand momentum,inventory coverage,promotion context
2026-08-21,S02,P180,80.0,98.068,18.067999999999998,18.067999999999998,,,,0.7874999999999999,HIGH,recent demand momentum,inventory coverage,promotion context
2026-08-22,S02,P180,76.0,91.148,15.147999999999996,15.147999999999996,,,,0.7874999999999999,HIGH,recent demand momentum,inventory coverage,promotion context
2026-08-23,S02,P180,74.0,99.572,25.572000000000003,25.572000000000003,,,,0.7874999999999999,HIGH,recent demand momentum,inventory coverage,promotion context
2026-08-24,S02,P180,77.0,94.148,17.147999999999996,17.147999999999996,,,,0.7874999999999999,HIGH,recent demand momentum,inventory coverage,promotion context
2026-08-25,S02,P180,66.0,88.664,22.664,22.664,,,,0.7874999999999999,HIGH,recent demand momentum,inventory coverage,promotion context
2026-08-20,S02,P181,28.0,37.232,9.232,9.232,,,,0.7874999999999999,HIGH,recent demand momentum,inventory coverage,promotion context
2026-08-21,S02,P181,29.0,39.24,10.240000000000002,10.240000000000002,,,,0.7874999999999999,HIGH,recent demand momentum,inventory coverage,promotion context
2026-08-23,S02,P181,44.0,36.504,-7.496000000000002,7.496000000000002,,,,0.7874999999999999,HIGH,recent demand momentum,inventory coverage,promotion context
2026-08-24,S02,P181,41.0,40.188,-0.8119999999999976,0.8119999999999976,,,,0.7874999999999999,HIGH,recent demand momentum,inventory coverage,promotion context
2026-08-25,S02,P181,34.0,36.384,2.3840000000000003,2.3840000000000003,0.0,LOW,0.0,0.7874999999999999,HIGH,recent demand momentum,inventory coverage,promotion context
2026-08-22,S02,P182,6.0,16.42,10.420000000000002,10.420000000000002,,,,0.7874999999999999,HIGH,recent demand momentum,inventory coverage,promotion context
2026-08-23,S02,P182,6.0,15.292,9.292,9.292,,,,0.7874999999999999,HIGH,recent demand momentum,inventory coverage,promotion context
2026-08-24,S02,P182,4.0,23.54,19.54,19.54,,,,0.7874999999999999,HIGH,recent demand momentum,inventory coverage,promotion context
2026-08-20,S02,P183,263.0,337.98,74.98000000000002,74.98000000000002,,,,0.7874999999999999,HIGH,recent demand momentum,inventory coverage,promotion context
2026-08-21,S02,P183,289.0,334.392,45.391999999999996,45.391999999999996,,,,0.7874999999999999,HIGH,recent demand momentum,inventory coverage,promotion context
2026-08-22,S02,P183,325.0,335.744,10.744000000000028,10.744000000000028,,,,0.7874999999999999,HIGH,recent demand momentum,inventory coverage,promotion context
2026-08-23,S02,P183,337.0,346.268,9.267999999999972,9.267999999999972,,,,0.7874999999999999,HIGH,recent demand momentum,inventory coverage,promotion context
2026-08-24,S02,P183,316.0,340.332,24.331999999999994,24.331999999999994,,,,0.7874999999999999,HIGH,recent demand momentum,inventory coverage,promotion context
2026-08-25,S02,P183,292.0,347.588,55.58800000000002,55.58800000000002,0.0,LOW,0.0,0.7874999999999999,HIGH,recent demand momentum,inventory coverage,promotion context
2026-08-22,S02,P184,10.0,10.884,0.8840000000000003,0.8840000000000003,,,,0.7874999999999999,HIGH,recent demand momentum,inventory coverage,promotion context
2026-08-25,S02,P184,7.0,9.624,2.6240000000000006,2.6240000000000006,,,,0.7874999999999999,HIGH,recent demand momentum,inventory coverage,promotion context
2026-08-20,S02,P185,36.0,35.328,-0.671999999999997,0.671999999999997,,,,0.7874999999999999,HIGH,recent demand momentum,inventory coverage,promotion context
2026-08-21,S02,P185,26.0,31.06,5.059999999999999,5.059999999999999,,,,0.7874999999999999,HIGH,recent demand momentum,inventory coverage,promotion context
2026-08-22,S02,P185,25.0,30.32,5.32,5.32,,,,0.7874999999999999,HIGH,recent demand momentum,inventory coverage,promotion context
2026-08-23,S02,P185,19.0,30.596,11.596,11.596,,,,0.7874999999999999,HIGH,recent demand momentum,inventory coverage,promotion context
2026-08-24,S02,P185,17.0,32.48,15.479999999999997,15.479999999999997,,,,0.7874999999999999,HIGH,recent demand momentum,inventory coverage,promotion context
2026-08-25,S02,P185,13.0,29.508,16.508,16.508,,,,0.7874999999999999,HIGH,recent demand momentum,inventory coverage,promotion context
2026-08-20,S02,P186,69.0,66.196,-2.804000000000002,2.804000000000002,,,,0.7874999999999999,HIGH,recent demand momentum,inventory coverage,promotion context
2026-08-21,S02,P186,71.0,62.08,-8.920000000000002,8.920000000000002,,,,0.7874999999999999,HIGH,recent demand momentum,inventory coverage,promotion context
2026-08-22,S02,P186,62.0,60.7,-1.2999999999999972,1.2999999999999972,,,,0.7874999999999999,HIGH,recent demand momentum,inventory coverage,promotion context
2026-08-23,S02,P186,54.0,62.144,8.143999999999998,8.143999999999998,,,,0.7874999999999999,HIGH,recent demand momentum,inventory coverage,promotion context
2026-08-24,S02,P186,54.0,69.3,15.299999999999997,15.299999999999997,,,,0.7874999999999999,HIGH,recent demand momentum,inventory coverage,promotion context
2026-08-25,S02,P186,49.0,68.504,19.504000000000005,19.504000000000005,0.0,LOW,0.0,0.7874999999999999,HIGH,recent demand momentum,inventory coverage,promotion context
2026-08-20,S02,P187,73.0,44.32,-28.68,28.68,,,,0.7874999999999999,HIGH,recent demand momentum,inventory coverage,promotion context
2026-08-21,S02,P187,69.0,47.34,-21.659999999999997,21.659999999999997,,,,0.7874999999999999,HIGH,recent demand momentum,inventory coverage,promotion context
2026-08-22,S02,P187,69.0,44.748,-24.252000000000002,24.252000000000002,,,,0.7874999999999999,HIGH,recent demand momentum,inventory coverage,promotion context
2026-08-23,S02,P187,56.0,37.516,-18.484,18.484,,,,0.7874999999999999,HIGH,recent demand momentum,inventory coverage,promotion context
2026-08-24,S02,P187,49.0,40.756,-8.244,8.244,,,,0.7874999999999999,HIGH,recent demand momentum,inventory coverage,promotion context
2026-08-25,S02,P187,33.0,42.116,9.116,9.116,,,,0.7874999999999999,HIGH,recent demand momentum,inventory coverage,promotion context
2026-08-20,S02,P188,91.0,89.1,-1.9000000000000057,1.9000000000000057,,,,0.7874999999999999,HIGH,recent demand momentum,inventory coverage,promotion context
2026-08-21,S02,P188,92.0,89.176,-2.823999999999998,2.823999999999998,,,,0.7874999999999999,HIGH,recent demand momentum,inventory coverage,promotion context
2026-08-22,S02,P188,86.0,91.444,5.444000000000003,5.444000000000003,,,,0.7874999999999999,HIGH,recent demand momentum,inventory coverage,promotion context
2026-08-23,S02,P188,92.0,91.872,-0.1280000000000001,0.1280000000000001,,,,0.7874999999999999,HIGH,recent demand momentum,inventory coverage,promotion context
2026-08-24,S02,P188,88.0,88.16,0.1599999999999966,0.1599999999999966,,,,0.7874999999999999,HIGH,recent demand momentum,inventory coverage,promotion context
2026-08-25,S02,P188,73.0,90.396,17.396,17.396,,,,0.7874999999999999,HIGH,recent demand momentum,inventory coverage,promotion context
2026-08-20,S02,P189,8.0,22.356,14.356000000000002,14.356000000000002,,,,0.7874999999999999,HIGH,recent demand momentum,inventory coverage,promotion context
2026-08-21,S02,P189,9.0,24.62,15.620000000000001,15.620000000000001,,,,0.7874999999999999,HIGH,recent demand momentum,inventory coverage,promotion context
2026-08-23,S02,P189,10.0,20.52,10.52,10.52,,,,0.7874999999999999,HIGH,recent demand momentum,inventory coverage,promotion context
2026-08-24,S02,P189,8.0,20.44,12.440000000000001,12.440000000000001,,,,0.7874999999999999,HIGH,recent demand momentum,inventory coverage,promotion context
2026-08-25,S02,P189,7.0,21.78,14.780000000000001,14.780000000000001,,,,0.7874999999999999,HIGH,recent demand momentum,inventory coverage,promotion context
2026-08-20,S02,P190,14.0,26.292,12.292000000000002,12.292000000000002,,,,0.7874999999999999,HIGH,recent demand momentum,inventory coverage,promotion context
2026-08-23,S02,P190,20.0,23.296,3.2959999999999994,3.2959999999999994,,,,0.7874999999999999,HIGH,recent demand momentum,inventory coverage,promotion context
2026-08-25,S02,P190,17.0,24.364,7.364000000000001,7.364000000000001,0.0,LOW,0.0,0.7874999999999999,HIGH,recent demand momentum,inventory coverage,promotion context
2026-08-20,S02,P191,45.0,39.892,-5.107999999999997,5.107999999999997,,,,0.7874999999999999,HIGH,recent demand momentum,inventory coverage,promotion context
2026-08-21,S02,P191,40.0,39.828,-0.17199999999999704,0.17199999999999704,,,,0.7874999999999999,HIGH,recent demand momentum,inventory coverage,promotion context
2026-08-22,S02,P191,41.0,39.156,-1.8440000000000012,1.8440000000000012,,,,0.7874999999999999,HIGH,recent demand momentum,inventory coverage,promotion context
2026-08-23,S02,P191,43.0,39.356,-3.6439999999999984,3.6439999999999984,,,,0.7874999999999999,HIGH,recent demand momentum,inventory coverage,promotion context
2026-08-24,S02,P191,37.0,43.24,6.240000000000002,6.240000000000002,,,,0.7874999999999999,HIGH,recent demand momentum,inventory coverage,promotion context
2026-08-25,S02,P191,35.0,42.832,7.832000000000001,7.832000000000001,,,,0.7874999999999999,HIGH,recent demand momentum,inventory coverage,promotion context
2026-08-20,S02,P192,53.0,34.616,-18.384,18.384,,,,0.7874999999999999,HIGH,recent demand momentum,inventory coverage,promotion context
2026-08-21,S02,P192,48.0,33.22,-14.780000000000001,14.780000000000001,,,,0.7874999999999999,HIGH,recent demand momentum,inventory coverage,promotion context
2026-08-22,S02,P192,42.0,34.384,-7.616,7.616,,,,0.7874999999999999,HIGH,recent demand momentum,inventory coverage,promotion context
2026-08-23,S02,P192,36.0,36.996,0.9960000000000022,0.9960000000000022,,,,0.7874999999999999,HIGH,recent demand momentum,inventory coverage,promotion context
2026-08-24,S02,P192,30.0,34.972,4.972000000000001,4.972000000000001,,,,0.7874999999999999,HIGH,recent demand momentum,inventory coverage,promotion context
2026-08-25,S02,P192,26.0,35.724,9.723999999999997,9.723999999999997,0.0,LOW,0.0,0.7874999999999999,HIGH,recent demand momentum,inventory coverage,promotion context
2026-08-20,S02,P193,49.0,60.604,11.604,11.604,,,,0.7874999999999999,HIGH,recent demand momentum,inventory coverage,promotion context
2026-08-21,S02,P193,40.0,56.74,16.740000000000002,16.740000000000002,,,,0.7874999999999999,HIGH,recent demand momentum,inventory coverage,promotion context
2026-08-22,S02,P193,49.0,69.984,20.983999999999995,20.983999999999995,,,,0.7874999999999999,HIGH,recent demand momentum,inventory coverage,promotion context
2026-08-23,S02,P193,53.0,62.172,9.171999999999997,9.171999999999997,,,,0.7874999999999999,HIGH,recent demand momentum,inventory coverage,promotion context
2026-08-24,S02,P193,53.0,61.94,8.939999999999998,8.939999999999998,,,,0.7874999999999999,HIGH,recent demand momentum,inventory coverage,promotion context
2026-08-25,S02,P193,50.0,64.324,14.323999999999998,14.323999999999998,,,,0.7874999999999999,HIGH,recent demand momentum,inventory coverage,promotion context
2026-08-20,S02,P194,34.0,41.244,7.244,7.244,,,,0.7874999999999999,HIGH,recent demand momentum,inventory coverage,promotion context
2026-08-21,S02,P194,34.0,42.196,8.195999999999998,8.195999999999998,,,,0.7874999999999999,HIGH,recent demand momentum,inventory coverage,promotion context
2026-08-22,S02,P194,33.0,41.372,8.372,8.372,,,,0.7874999999999999,HIGH,recent demand momentum,inventory coverage,promotion context
2026-08-23,S02,P194,32.0,41.868,9.868000000000002,9.868000000000002,,,,0.7874999999999999,HIGH,recent demand momentum,inventory coverage,promotion context
2026-08-25,S02,P194,31.0,42.04,11.04,11.04,0.0,LOW,0.0,0.7874999999999999,HIGH,recent demand momentum,inventory coverage,promotion context
2026-08-20,S02,P195,67.0,73.472,6.471999999999994,6.471999999999994,,,,0.7874999999999999,HIGH,recent demand momentum,inventory coverage,promotion context
2026-08-21,S02,P195,77.0,68.564,-8.436000000000007,8.436000000000007,,,,0.7874999999999999,HIGH,recent demand momentum,inventory coverage,promotion context
2026-08-22,S02,P195,80.0,67.536,-12.463999999999999,12.463999999999999,,,,0.7874999999999999,HIGH,recent demand momentum,inventory coverage,promotion context
2026-08-23,S02,P195,83.0,72.936,-10.063999999999993,10.063999999999993,,,,0.7874999999999999,HIGH,recent demand momentum,inventory coverage,promotion context
2026-08-24,S02,P195,82.0,75.164,-6.8359999999999985,6.8359999999999985,,,,0.7874999999999999,HIGH,recent demand momentum,inventory coverage,promotion context
2026-08-25,S02,P195,70.0,73.228,3.2279999999999944,3.2279999999999944,0.0,LOW,0.0,0.7874999999999999,HIGH,recent demand momentum,inventory coverage,promotion context
2026-08-20,S02,P196,41.0,39.0,-2.0,2.0,,,,0.7874999999999999,HIGH,recent demand momentum,inventory coverage,promotion context
2026-08-21,S02,P196,40.0,33.532,-6.4680000000000035,6.4680000000000035,,,,0.7874999999999999,HIGH,recent demand momentum,inventory coverage,promotion context
2026-08-22,S02,P196,48.0,32.428,-15.572000000000003,15.572000000000003,,,,0.7874999999999999,HIGH,recent demand momentum,inventory coverage,promotion context
2026-08-23,S02,P196,51.0,36.616,-14.384,14.384,,,,0.7874999999999999,HIGH,recent demand momentum,inventory coverage,promotion context
2026-08-24,S02,P196,42.0,37.248,-4.7520000000000024,4.7520000000000024,,,,0.7874999999999999,HIGH,recent demand momentum,inventory coverage,promotion context
2026-08-25,S02,P196,33.0,40.2,7.200000000000003,7.200000000000003,0.0,LOW,0.0,0.7874999999999999,HIGH,recent demand momentum,inventory coverage,promotion context
2026-08-20,S02,P197,21.0,34.052,13.052,13.052,,,,0.7874999999999999,HIGH,recent demand momentum,inventory coverage,promotion context
2026-08-21,S02,P197,28.0,32.156,4.155999999999999,4.155999999999999,,,,0.7874999999999999,HIGH,recent demand momentum,inventory coverage,promotion context
2026-08-22,S02,P197,18.0,27.62,9.620000000000001,9.620000000000001,,,,0.7874999999999999,HIGH,recent demand momentum,inventory coverage,promotion context
2026-08-23,S02,P197,14.0,31.536,17.536,17.536,,,,0.7874999999999999,HIGH,recent demand momentum,inventory coverage,promotion context
2026-08-24,S02,P197,13.0,27.824,14.824000000000002,14.824000000000002,,,,0.7874999999999999,HIGH,recent demand momentum,inventory coverage,promotion context
2026-08-25,S02,P197,12.0,34.916,22.915999999999997,22.915999999999997,0.0,LOW,0.0,0.7874999999999999,HIGH,recent demand momentum,inventory coverage,promotion context
2026-08-20,S02,P198,22.0,37.852,15.851999999999997,15.851999999999997,,,,0.7874999999999999,HIGH,recent demand momentum,inventory coverage,promotion context
2026-08-21,S02,P198,21.0,37.512,16.512,16.512,,,,0.7874999999999999,HIGH,recent demand momentum,inventory coverage,promotion context
2026-08-23,S02,P198,26.0,37.82,11.82,11.82,,,,0.7874999999999999,HIGH,recent demand momentum,inventory coverage,promotion context
2026-08-24,S02,P198,22.0,37.776,15.776000000000003,15.776000000000003,,,,0.7874999999999999,HIGH,recent demand momentum,inventory coverage,promotion context
2026-08-20,S02,P199,135.0,143.324,8.324000000000012,8.324000000000012,,,,0.7874999999999999,HIGH,recent demand momentum,inventory coverage,promotion context
2026-08-21,S02,P199,149.0,142.032,-6.967999999999989,6.967999999999989,,,,0.7874999999999999,HIGH,recent demand momentum,inventory coverage,promotion context
2026-08-22,S02,P199,160.0,140.916,-19.084000000000003,19.084000000000003,,,,0.7874999999999999,HIGH,recent demand momentum,inventory coverage,promotion context
2026-08-23,S02,P199,160.0,143.716,-16.283999999999992,16.283999999999992,,,,0.7874999999999999,HIGH,recent demand momentum,inventory coverage,promotion context
2026-08-24,S02,P199,150.0,143.908,-6.092000000000013,6.092000000000013,,,,0.7874999999999999,HIGH,recent demand momentum,inventory coverage,promotion context
2026-08-25,S02,P199,120.0,139.736,19.73599999999999,19.73599999999999,0.0,LOW,0.0,0.7874999999999999,HIGH,recent demand momentum,inventory coverage,promotion context
2026-08-20,S02,P200,93.0,73.972,-19.028000000000006,19.028000000000006,,,,0.7874999999999999,HIGH,recent demand momentum,inventory coverage,promotion context
2026-08-21,S02,P200,91.0,67.308,-23.691999999999993,23.691999999999993,,,,0.7874999999999999,HIGH,recent demand momentum,inventory coverage,promotion context
2026-08-22,S02,P200,91.0,70.008,-20.992000000000004,20.992000000000004,,,,0.7874999999999999,HIGH,recent demand momentum,inventory coverage,promotion context
2026-08-23,S02,P200,87.0,67.86,-19.14,19.14,,,,0.7874999999999999,HIGH,recent demand momentum,inventory coverage,promotion context
2026-08-24,S02,P200,80.0,73.948,-6.052000000000007,6.052000000000007,,,,0.7874999999999999,HIGH,recent demand momentum,inventory coverage,promotion context
2026-08-25,S02,P200,67.0,69.592,2.5919999999999987,2.5919999999999987,0.0,LOW,0.0,0.7874999999999999,HIGH,recent demand momentum,inventory coverage,promotion context
2026-08-20,S02,P201,136.0,141.084,5.084000000000003,5.084000000000003,,,,0.7874999999999999,HIGH,recent demand momentum,inventory coverage,promotion context
2026-08-21,S02,P201,152.0,145.752,-6.2479999999999905,6.2479999999999905,,,,0.7874999999999999,HIGH,recent demand momentum,inventory coverage,promotion context
2026-08-22,S02,P201,149.0,146.476,-2.524000000000001,2.524000000000001,,,,0.7874999999999999,HIGH,recent demand momentum,inventory coverage,promotion context
2026-08-23,S02,P201,163.0,144.328,-18.671999999999997,18.671999999999997,,,,0.7874999999999999,HIGH,recent demand momentum,inventory coverage,promotion context
2026-08-24,S02,P201,166.0,145.992,-20.00800000000001,20.00800000000001,,,,0.7874999999999999,HIGH,recent demand momentum,inventory coverage,promotion context
2026-08-25,S02,P201,145.0,142.984,-2.015999999999991,2.015999999999991,0.0,LOW,0.0,0.7874999999999999,HIGH,recent demand momentum,inventory coverage,promotion context
2026-08-20,S02,P202,2.0,6.08,4.08,4.08,,,,0.7874999999999999,HIGH,recent demand momentum,inventory coverage,promotion context
2026-08-25,S02,P202,0.0,5.404,5.404,5.404,0.0,LOW,0.0,0.7874999999999999,HIGH,recent demand momentum,inventory coverage,promotion context
2026-08-21,S02,P203,1.0,9.16,8.16,8.16,,,,0.7874999999999999,HIGH,recent demand momentum,inventory coverage,promotion context
2026-08-23,S02,P203,8.0,7.156,-0.8440000000000003,0.8440000000000003,,,,0.7874999999999999,HIGH,recent demand momentum,inventory coverage,promotion context
2026-08-22,S02,P204,3.0,8.684,5.683999999999999,5.683999999999999,,,,0.7874999999999999,HIGH,recent demand momentum,inventory coverage,promotion context
2026-08-23,S02,P204,2.0,10.092,8.092,8.092,,,,0.7874999999999999,HIGH,recent demand momentum,inventory coverage,promotion context
2026-08-24,S02,P204,2.0,8.184,6.183999999999999,6.183999999999999,,,,0.7874999999999999,HIGH,recent demand momentum,inventory coverage,promotion context
2026-08-21,S02,P205,19.0,16.232,-2.7680000000000007,2.7680000000000007,,,,0.7874999999999999,HIGH,recent demand momentum,inventory coverage,promotion context
2026-08-22,S02,P205,21.0,17.124,-3.8760000000000012,3.8760000000000012,,,,0.7874999999999999,HIGH,recent demand momentum,inventory coverage,promotion context
2026-08-24,S02,P205,17.0,14.78,-2.2200000000000006,2.2200000000000006,,,,0.7874999999999999,HIGH,recent demand momentum,inventory coverage,promotion context
2026-08-20,S02,P206,9.0,7.416,-1.5839999999999996,1.5839999999999996,,,,0.7874999999999999,HIGH,recent demand momentum,inventory coverage,promotion context
2026-08-22,S02,P206,5.0,8.456,3.4559999999999995,3.4559999999999995,,,,0.7874999999999999,HIGH,recent demand momentum,inventory coverage,promotion context
2026-08-23,S02,P206,8.0,8.56,0.5600000000000005,0.5600000000000005,,,,0.7874999999999999,HIGH,recent demand momentum,inventory coverage,promotion context
2026-08-24,S02,P206,6.0,9.556,3.555999999999999,3.555999999999999,,,,0.7874999999999999,HIGH,recent demand momentum,inventory coverage,promotion context
2026-08-20,S02,P208,13.0,18.028,5.027999999999999,5.027999999999999,,,,0.7874999999999999,HIGH,recent demand momentum,inventory coverage,promotion context
2026-08-21,S02,P208,10.0,22.104,12.104,12.104,,,,0.7874999999999999,HIGH,recent demand momentum,inventory coverage,promotion context
2026-08-22,S02,P208,14.0,17.468,3.468,3.468,,,,0.7874999999999999,HIGH,recent demand momentum,inventory coverage,promotion context
2026-08-23,S02,P208,12.0,16.544,4.5440000000000005,4.5440000000000005,,,,0.7874999999999999,HIGH,recent demand momentum,inventory coverage,promotion context
2026-08-24,S02,P208,11.0,15.708,4.708,4.708,,,,0.7874999999999999,HIGH,recent demand momentum,inventory coverage,promotion context
2026-08-21,S02,P209,8.0,12.692,4.692,4.692,,,,0.7874999999999999,HIGH,recent demand momentum,inventory coverage,promotion context
2026-08-22,S02,P209,6.0,12.66,6.66,6.66,,,,0.7874999999999999,HIGH,recent demand momentum,inventory coverage,promotion context
2026-08-20,S02,P211,61.0,50.452,-10.548000000000002,10.548000000000002,,,,0.7874999999999999,HIGH,recent demand momentum,inventory coverage,promotion context
2026-08-21,S02,P211,69.0,51.092,-17.908,17.908,,,,0.7874999999999999,HIGH,recent demand momentum,inventory coverage,promotion context
2026-08-22,S02,P211,75.0,55.552,-19.448,19.448,,,,0.7874999999999999,HIGH,recent demand momentum,inventory coverage,promotion context
2026-08-23,S02,P211,66.0,55.4,-10.600000000000001,10.600000000000001,,,,0.7874999999999999,HIGH,recent demand momentum,inventory coverage,promotion context
2026-08-24,S02,P211,69.0,58.488,-10.512,10.512,,,,0.7874999999999999,HIGH,recent demand momentum,inventory coverage,promotion context
2026-08-25,S02,P211,56.0,55.064,-0.9359999999999999,0.9359999999999999,,,,0.7874999999999999,HIGH,recent demand momentum,inventory coverage,promotion context
2026-08-20,S02,P212,50.0,74.224,24.224000000000004,24.224000000000004,,,,0.7874999999999999,HIGH,recent demand momentum,inventory coverage,promotion context
2026-08-21,S02,P212,57.0,71.12,14.120000000000005,14.120000000000005,,,,0.7874999999999999,HIGH,recent demand momentum,inventory coverage,promotion context
2026-08-23,S02,P212,68.0,77.356,9.355999999999995,9.355999999999995,,,,0.7874999999999999,HIGH,recent demand momentum,inventory coverage,promotion context
2026-08-24,S02,P212,88.0,74.648,-13.352000000000004,13.352000000000004,,,,0.7874999999999999,HIGH,recent demand momentum,inventory coverage,promotion context
2026-08-25,S02,P212,78.0,67.208,-10.792000000000002,10.792000000000002,0.0,LOW,0.0,0.7874999999999999,HIGH,recent demand momentum,inventory coverage,promotion context
2026-08-20,S02,P213,68.0,69.028,1.0280000000000058,1.0280000000000058,,,,0.7874999999999999,HIGH,recent demand momentum,inventory coverage,promotion context
2026-08-21,S02,P213,75.0,71.444,-3.5559999999999974,3.5559999999999974,,,,0.7874999999999999,HIGH,recent demand momentum,inventory coverage,promotion context
2026-08-22,S02,P213,77.0,71.232,-5.768000000000001,5.768000000000001,,,,0.7874999999999999,HIGH,recent demand momentum,inventory coverage,promotion context
2026-08-23,S02,P213,108.0,68.772,-39.227999999999994,39.227999999999994,,,,0.7874999999999999,HIGH,recent demand momentum,inventory coverage,promotion context
2026-08-24,S02,P213,99.0,68.32,-30.680000000000007,30.680000000000007,,,,0.7874999999999999,HIGH,recent demand momentum,inventory coverage,promotion context
2026-08-25,S02,P213,89.0,68.476,-20.524,20.524,0.0,LOW,0.0,0.7874999999999999,HIGH,recent demand momentum,inventory coverage,promotion context
2026-08-20,S02,P214,16.0,10.684,-5.316000000000001,5.316000000000001,,,,0.7874999999999999,HIGH,recent demand momentum,inventory coverage,promotion context
2026-08-21,S02,P214,15.0,12.776,-2.224,2.224,,,,0.7874999999999999,HIGH,recent demand momentum,inventory coverage,promotion context
2026-08-22,S02,P214,13.0,13.28,0.27999999999999936,0.27999999999999936,,,,0.7874999999999999,HIGH,recent demand momentum,inventory coverage,promotion context
2026-08-24,S02,P214,10.0,14.024,4.023999999999999,4.023999999999999,,,,0.7874999999999999,HIGH,recent demand momentum,inventory coverage,promotion context
2026-08-25,S02,P214,8.0,12.096,4.096,4.096,0.0,LOW,0.0,0.7874999999999999,HIGH,recent demand momentum,inventory coverage,promotion context
2026-08-20,S02,P215,57.0,49.38,-7.619999999999997,7.619999999999997,,,,0.7874999999999999,HIGH,recent demand momentum,inventory coverage,promotion context
2026-08-21,S02,P215,57.0,49.348,-7.652000000000001,7.652000000000001,,,,0.7874999999999999,HIGH,recent demand momentum,inventory coverage,promotion context
2026-08-22,S02,P215,52.0,44.952,-7.048000000000002,7.048000000000002,,,,0.7874999999999999,HIGH,recent demand momentum,inventory coverage,promotion context
2026-08-23,S02,P215,46.0,47.892,1.892000000000003,1.892000000000003,,,,0.7874999999999999,HIGH,recent demand momentum,inventory coverage,promotion context
2026-08-24,S02,P215,31.0,50.848,19.848,19.848,,,,0.7874999999999999,HIGH,recent demand momentum,inventory coverage,promotion context
2026-08-25,S02,P215,25.0,52.392,27.392000000000003,27.392000000000003,0.0,LOW,0.0,0.7874999999999999,HIGH,recent demand momentum,inventory coverage,promotion context
2026-08-20,S02,P216,26.0,26.064,0.06400000000000006,0.06400000000000006,,,,0.7874999999999999,HIGH,recent demand momentum,inventory coverage,promotion context
2026-08-21,S02,P216,24.0,21.788,-2.2119999999999997,2.2119999999999997,,,,0.7874999999999999,HIGH,recent demand momentum,inventory coverage,promotion context
2026-08-22,S02,P216,24.0,24.452,0.45200000000000173,0.45200000000000173,,,,0.7874999999999999,HIGH,recent demand momentum,inventory coverage,promotion context
2026-08-23,S02,P216,23.0,25.108,2.1080000000000005,2.1080000000000005,,,,0.7874999999999999,HIGH,recent demand momentum,inventory coverage,promotion context
2026-08-24,S02,P216,30.0,24.844,-5.155999999999999,5.155999999999999,,,,0.7874999999999999,HIGH,recent demand momentum,inventory coverage,promotion context
2026-08-25,S02,P216,24.0,24.5,0.5,0.5,0.0,LOW,0.0,0.7874999999999999,HIGH,recent demand momentum,inventory coverage,promotion context
2026-08-20,S02,P217,18.0,16.156,-1.8440000000000012,1.8440000000000012,,,,0.7874999999999999,HIGH,recent demand momentum,inventory coverage,promotion context
2026-08-21,S02,P217,21.0,18.316,-2.684000000000001,2.684000000000001,,,,0.7874999999999999,HIGH,recent demand momentum,inventory coverage,promotion context
2026-08-22,S02,P217,15.0,17.312,2.312000000000001,2.312000000000001,,,,0.7874999999999999,HIGH,recent demand momentum,inventory coverage,promotion context
2026-08-23,S02,P217,7.0,16.512,9.512,9.512,,,,0.7874999999999999,HIGH,recent demand momentum,inventory coverage,promotion context
2026-08-25,S02,P217,7.0,17.472,10.472000000000001,10.472000000000001,0.0,LOW,0.0,0.7874999999999999,HIGH,recent demand momentum,inventory coverage,promotion context
2026-08-20,S02,P218,39.0,34.184,-4.8160000000000025,4.8160000000000025,,,,0.7874999999999999,HIGH,recent demand momentum,inventory coverage,promotion context
2026-08-21,S02,P218,36.0,37.44,1.4399999999999977,1.4399999999999977,,,,0.7874999999999999,HIGH,recent demand momentum,inventory coverage,promotion context
2026-08-22,S02,P218,36.0,34.852,-1.1480000000000032,1.1480000000000032,,,,0.7874999999999999,HIGH,recent demand momentum,inventory coverage,promotion context
2026-08-24,S02,P218,40.0,35.256,-4.744,4.744,,,,0.7874999999999999,HIGH,recent demand momentum,inventory coverage,promotion context
2026-08-25,S02,P218,37.0,36.46,-0.5399999999999991,0.5399999999999991,0.0,LOW,0.0,0.7874999999999999,HIGH,recent demand momentum,inventory coverage,promotion context
2026-08-20,S02,P219,18.0,13.52,-4.48,4.48,,,,0.7874999999999999,HIGH,recent demand momentum,inventory coverage,promotion context
2026-08-21,S02,P219,19.0,12.776,-6.224,6.224,,,,0.7874999999999999,HIGH,recent demand momentum,inventory coverage,promotion context
2026-08-22,S02,P219,17.0,27.32,10.32,10.32,,,,0.7874999999999999,HIGH,recent demand momentum,inventory coverage,promotion context
2026-08-25,S02,P219,19.0,12.112,-6.888,6.888,0.0,LOW,0.0,0.7874999999999999,HIGH,recent demand momentum,inventory coverage,promotion context
2026-08-22,S02,P220,25.0,7.256,-17.744,17.744,,,,0.7874999999999999,HIGH,recent demand momentum,inventory coverage,promotion context
2026-08-25,S02,P220,18.0,7.08,-10.92,10.92,0.0,LOW,0.0,0.7874999999999999,HIGH,recent demand momentum,inventory coverage,promotion context
2026-08-20,S03,P101,80.0,98.012,18.012,18.012,,,,0.7874999999999999,HIGH,recent demand momentum,inventory coverage,promotion context
2026-08-21,S03,P101,73.0,105.256,32.256,32.256,,,,0.7874999999999999,HIGH,recent demand momentum,inventory coverage,promotion context
2026-08-22,S03,P101,80.0,100.276,20.275999999999996,20.275999999999996,,,,0.7874999999999999,HIGH,recent demand momentum,inventory coverage,promotion context
2026-08-23,S03,P101,84.0,99.06,15.060000000000002,15.060000000000002,,,,0.7874999999999999,HIGH,recent demand momentum,inventory coverage,promotion context
2026-08-24,S03,P101,70.0,96.492,26.492000000000004,26.492000000000004,,,,0.7874999999999999,HIGH,recent demand momentum,inventory coverage,promotion context
2026-08-25,S03,P101,60.0,97.212,37.212,37.212,0.0,LOW,0.0,0.7874999999999999,HIGH,recent demand momentum,inventory coverage,promotion context
2026-08-20,S03,P102,3.0,5.424,2.4240000000000004,2.4240000000000004,,,,0.7874999999999999,HIGH,recent demand momentum,inventory coverage,promotion context
2026-08-24,S03,P102,1.0,4.888,3.888,3.888,,,,0.7874999999999999,HIGH,recent demand momentum,inventory coverage,promotion context
2026-08-25,S03,P102,0.0,7.06,7.06,7.06,0.0,LOW,0.0,0.7874999999999999,HIGH,recent demand momentum,inventory coverage,promotion context
2026-08-20,S03,P103,159.0,168.68,9.680000000000007,9.680000000000007,,,,0.7874999999999999,HIGH,recent demand momentum,inventory coverage,promotion context
2026-08-21,S03,P103,177.0,173.096,-3.9039999999999964,3.9039999999999964,,,,0.7874999999999999,HIGH,recent demand momentum,inventory coverage,promotion context
2026-08-22,S03,P103,186.0,170.8,-15.199999999999989,15.199999999999989,,,,0.7874999999999999,HIGH,recent demand momentum,inventory coverage,promotion context
2026-08-23,S03,P103,211.0,169.816,-41.184,41.184,,,,0.7874999999999999,HIGH,recent demand momentum,inventory coverage,promotion context
2026-08-24,S03,P103,205.0,170.768,-34.232,34.232,,,,0.7874999999999999,HIGH,recent demand momentum,inventory coverage,promotion context
2026-08-25,S03,P103,176.0,170.364,-5.635999999999996,5.635999999999996,0.0,LOW,0.0,0.7874999999999999,HIGH,recent demand momentum,inventory coverage,promotion context
2026-08-20,S03,P104,29.0,24.532,-4.468,4.468,,,,0.7874999999999999,HIGH,recent demand momentum,inventory coverage,promotion context
2026-08-21,S03,P104,30.0,23.612,-6.388000000000002,6.388000000000002,,,,0.7874999999999999,HIGH,recent demand momentum,inventory coverage,promotion context
2026-08-22,S03,P104,32.0,29.308,-2.692,2.692,,,,0.7874999999999999,HIGH,recent demand momentum,inventory coverage,promotion context
2026-08-23,S03,P104,32.0,31.78,-0.21999999999999886,0.21999999999999886,,,,0.7874999999999999,HIGH,recent demand momentum,inventory coverage,promotion context
2026-08-24,S03,P104,33.0,32.352,-0.6480000000000032,0.6480000000000032,,,,0.7874999999999999,HIGH,recent demand momentum,inventory coverage,promotion context
2026-08-25,S03,P104,27.0,22.364,-4.635999999999999,4.635999999999999,,,,0.7874999999999999,HIGH,recent demand momentum,inventory coverage,promotion context
2026-08-20,S03,P105,6.0,12.732,6.731999999999999,6.731999999999999,,,,0.7874999999999999,HIGH,recent demand momentum,inventory coverage,promotion context
2026-08-21,S03,P105,7.0,14.768,7.768000000000001,7.768000000000001,,,,0.7874999999999999,HIGH,recent demand momentum,inventory coverage,promotion context
2026-08-22,S03,P105,5.0,12.368,7.368,7.368,,,,0.7874999999999999,HIGH,recent demand momentum,inventory coverage,promotion context
2026-08-25,S03,P105,5.0,11.564,6.564,6.564,0.0,LOW,0.0,0.7874999999999999,HIGH,recent demand momentum,inventory coverage,promotion context
2026-08-20,S03,P106,6.0,9.696,3.6959999999999997,3.6959999999999997,,,,0.7874999999999999,HIGH,recent demand momentum,inventory coverage,promotion context
2026-08-23,S03,P106,10.0,9.644,-0.35599999999999987,0.35599999999999987,,,,0.7874999999999999,HIGH,recent demand momentum,inventory coverage,promotion context
2026-08-24,S03,P106,8.0,6.608,-1.3920000000000003,1.3920000000000003,,,,0.7874999999999999,HIGH,recent demand momentum,inventory coverage,promotion context
2026-08-25,S03,P106,7.0,10.116,3.1159999999999997,3.1159999999999997,0.0,LOW,0.0,0.7874999999999999,HIGH,recent demand momentum,inventory coverage,promotion context
2026-08-20,S03,P107,1.0,6.844,5.844,5.844,,,,0.7874999999999999,HIGH,recent demand momentum,inventory coverage,promotion context
2026-08-23,S03,P107,4.0,4.228,0.22799999999999976,0.22799999999999976,,,,0.7874999999999999,HIGH,recent demand momentum,inventory coverage,promotion context
2026-08-21,S03,P108,4.0,6.832,2.832,2.832,,,,0.7874999999999999,HIGH,recent demand momentum,inventory coverage,promotion context
2026-08-23,S03,P108,2.0,9.548,7.548,7.548,,,,0.7874999999999999,HIGH,recent demand momentum,inventory coverage,promotion context
2026-08-24,S03,P108,0.0,9.468,9.468,9.468,,,,0.7874999999999999,HIGH,recent demand momentum,inventory coverage,promotion context
2026-08-20,S03,P109,32.0,35.024,3.024000000000001,3.024000000000001,,,,0.7874999999999999,HIGH,recent demand momentum,inventory coverage,promotion context
2026-08-21,S03,P109,32.0,38.104,6.103999999999999,6.103999999999999,,,,0.7874999999999999,HIGH,recent demand momentum,inventory coverage,promotion context
2026-08-22,S03,P109,30.0,36.548,6.548000000000002,6.548000000000002,,,,0.7874999999999999,HIGH,recent demand momentum,inventory coverage,promotion context
2026-08-23,S03,P109,28.0,37.824,9.823999999999998,9.823999999999998,,,,0.7874999999999999,HIGH,recent demand momentum,inventory coverage,promotion context
2026-08-24,S03,P109,37.0,39.04,2.039999999999999,2.039999999999999,,,,0.7874999999999999,HIGH,recent demand momentum,inventory coverage,promotion context
2026-08-25,S03,P109,28.0,40.88,12.880000000000003,12.880000000000003,0.0,LOW,0.0,0.7874999999999999,HIGH,recent demand momentum,inventory coverage,promotion context
2026-08-20,S03,P110,871.0,797.308,-73.69200000000001,73.69200000000001,,,,0.7874999999999999,HIGH,recent demand momentum,inventory coverage,promotion context
2026-08-21,S03,P110,874.0,776.252,-97.74800000000005,97.74800000000005,,,,0.7874999999999999,HIGH,recent demand momentum,inventory coverage,promotion context
2026-08-22,S03,P110,874.0,771.024,-102.976,102.976,,,,0.7874999999999999,HIGH,recent demand momentum,inventory coverage,promotion context
2026-08-23,S03,P110,912.0,819.224,-92.77599999999995,92.77599999999995,,,,0.7874999999999999,HIGH,recent demand momentum,inventory coverage,promotion context
2026-08-24,S03,P110,866.0,822.276,-43.724000000000046,43.724000000000046,,,,0.7874999999999999,HIGH,recent demand momentum,inventory coverage,promotion context
2026-08-25,S03,P110,730.0,835.14,105.13999999999999,105.13999999999999,,,,0.7874999999999999,HIGH,recent demand momentum,inventory coverage,promotion context
2026-08-20,S03,P111,78.0,48.444,-29.555999999999997,29.555999999999997,,,,0.7874999999999999,HIGH,recent demand momentum,inventory coverage,promotion context
2026-08-21,S03,P111,67.0,44.24,-22.759999999999998,22.759999999999998,,,,0.7874999999999999,HIGH,recent demand momentum,inventory coverage,promotion context
2026-08-22,S03,P111,63.0,50.28,-12.719999999999999,12.719999999999999,,,,0.7874999999999999,HIGH,recent demand momentum,inventory coverage,promotion context
2026-08-23,S03,P111,51.0,51.224,0.22399999999999665,0.22399999999999665,,,,0.7874999999999999,HIGH,recent demand momentum,inventory coverage,promotion context
2026-08-24,S03,P111,43.0,54.264,11.264000000000003,11.264000000000003,,,,0.7874999999999999,HIGH,recent demand momentum,inventory coverage,promotion context
2026-08-25,S03,P111,33.0,52.132,19.131999999999998,19.131999999999998,0.0,LOW,0.0,0.7874999999999999,HIGH,recent demand momentum,inventory coverage,promotion context
2026-08-20,S03,P112,14.0,11.752,-2.2479999999999993,2.2479999999999993,,,,0.7874999999999999,HIGH,recent demand momentum,inventory coverage,promotion context
2026-08-22,S03,P112,12.0,11.672,-0.3279999999999994,0.3279999999999994,,,,0.7874999999999999,HIGH,recent demand momentum,inventory coverage,promotion context
2026-08-23,S03,P112,14.0,10.912,-3.087999999999999,3.087999999999999,,,,0.7874999999999999,HIGH,recent demand momentum,inventory coverage,promotion context
2026-08-24,S03,P112,12.0,13.556,1.5559999999999992,1.5559999999999992,,,,0.7874999999999999,HIGH,recent demand momentum,inventory coverage,promotion context
2026-08-25,S03,P112,11.0,11.772,0.7720000000000002,0.7720000000000002,0.0,LOW,0.0,0.7874999999999999,HIGH,recent demand momentum,inventory coverage,promotion context
2026-08-20,S03,P113,17.0,23.816,6.815999999999999,6.815999999999999,,,,0.7874999999999999,HIGH,recent demand momentum,inventory coverage,promotion context
2026-08-21,S03,P113,18.0,22.884,4.884,4.884,,,,0.7874999999999999,HIGH,recent demand momentum,inventory coverage,promotion context
2026-08-22,S03,P113,15.0,24.372,9.372,9.372,,,,0.7874999999999999,HIGH,recent demand momentum,inventory coverage,promotion context
2026-08-23,S03,P113,12.0,24.792,12.792000000000002,12.792000000000002,,,,0.7874999999999999,HIGH,recent demand momentum,inventory coverage,promotion context
2026-08-24,S03,P113,11.0,24.648,13.648,13.648,,,,0.7874999999999999,HIGH,recent demand momentum,inventory coverage,promotion context
2026-08-20,S03,P114,37.0,27.512,-9.488,9.488,,,,0.7874999999999999,HIGH,recent demand momentum,inventory coverage,promotion context
2026-08-21,S03,P114,38.0,30.74,-7.260000000000002,7.260000000000002,,,,0.7874999999999999,HIGH,recent demand momentum,inventory coverage,promotion context
2026-08-22,S03,P114,46.0,27.896,-18.104,18.104,,,,0.7874999999999999,HIGH,recent demand momentum,inventory coverage,promotion context
2026-08-23,S03,P114,62.0,28.348,-33.652,33.652,,,,0.7874999999999999,HIGH,recent demand momentum,inventory coverage,promotion context
2026-08-24,S03,P114,66.0,30.484,-35.516,35.516,,,,0.7874999999999999,HIGH,recent demand momentum,inventory coverage,promotion context
2026-08-25,S03,P114,55.0,28.9,-26.1,26.1,0.0,LOW,0.0,0.7874999999999999,HIGH,recent demand momentum,inventory coverage,promotion context
2026-08-21,S03,P115,11.0,8.54,-2.460000000000001,2.460000000000001,,,,0.7874999999999999,HIGH,recent demand momentum,inventory coverage,promotion context
2026-08-22,S03,P115,8.0,7.888,-0.1120000000000001,0.1120000000000001,,,,0.7874999999999999,HIGH,recent demand momentum,inventory coverage,promotion context
2026-08-23,S03,P115,9.0,10.228,1.2279999999999998,1.2279999999999998,,,,0.7874999999999999,HIGH,recent demand momentum,inventory coverage,promotion context
2026-08-24,S03,P115,6.0,9.408,3.4079999999999995,3.4079999999999995,,,,0.7874999999999999,HIGH,recent demand momentum,inventory coverage,promotion context
2026-08-25,S03,P115,4.0,9.256,5.256,5.256,0.0,LOW,0.0,0.7874999999999999,HIGH,recent demand momentum,inventory coverage,promotion context
2026-08-20,S03,P116,35.0,25.696,-9.303999999999998,9.303999999999998,,,,0.7874999999999999,HIGH,recent demand momentum,inventory coverage,promotion context
2026-08-21,S03,P116,29.0,21.972,-7.027999999999999,7.027999999999999,,,,0.7874999999999999,HIGH,recent demand momentum,inventory coverage,promotion context
2026-08-22,S03,P116,35.0,24.632,-10.367999999999999,10.367999999999999,,,,0.7874999999999999,HIGH,recent demand momentum,inventory coverage,promotion context
2026-08-23,S03,P116,32.0,25.688,-6.312000000000001,6.312000000000001,,,,0.7874999999999999,HIGH,recent demand momentum,inventory coverage,promotion context
2026-08-24,S03,P116,31.0,26.94,-4.059999999999999,4.059999999999999,,,,0.7874999999999999,HIGH,recent demand momentum,inventory coverage,promotion context
2026-08-25,S03,P116,27.0,23.788,-3.2119999999999997,3.2119999999999997,,,,0.7874999999999999,HIGH,recent demand momentum,inventory coverage,promotion context
2026-08-21,S03,P117,27.0,19.14,-7.859999999999999,7.859999999999999,,,,0.7874999999999999,HIGH,recent demand momentum,inventory coverage,promotion context
2026-08-22,S03,P117,31.0,20.316,-10.684000000000001,10.684000000000001,,,,0.7874999999999999,HIGH,recent demand momentum,inventory coverage,promotion context
2026-08-23,S03,P117,27.0,21.38,-5.620000000000001,5.620000000000001,,,,0.7874999999999999,HIGH,recent demand momentum,inventory coverage,promotion context
2026-08-20,S03,P118,17.0,21.42,4.420000000000002,4.420000000000002,,,,0.7874999999999999,HIGH,recent demand momentum,inventory coverage,promotion context
2026-08-21,S03,P118,16.0,19.372,3.372,3.372,,,,0.7874999999999999,HIGH,recent demand momentum,inventory coverage,promotion context
2026-08-22,S03,P118,14.0,19.104,5.103999999999999,5.103999999999999,,,,0.7874999999999999,HIGH,recent demand momentum,inventory coverage,promotion context
2026-08-23,S03,P118,11.0,19.44,8.440000000000001,8.440000000000001,,,,0.7874999999999999,HIGH,recent demand momentum,inventory coverage,promotion context
2026-08-24,S03,P118,5.0,19.4,14.399999999999999,14.399999999999999,,,,0.7874999999999999,HIGH,recent demand momentum,inventory coverage,promotion context
2026-08-20,S03,P119,6.0,18.592,12.591999999999999,12.591999999999999,,,,0.7874999999999999,HIGH,recent demand momentum,inventory coverage,promotion context
2026-08-21,S03,P119,6.0,17.976,11.975999999999999,11.975999999999999,,,,0.7874999999999999,HIGH,recent demand momentum,inventory coverage,promotion context
2026-08-23,S03,P119,11.0,17.88,6.879999999999999,6.879999999999999,,,,0.7874999999999999,HIGH,recent demand momentum,inventory coverage,promotion context
2026-08-20,S03,P120,9.0,16.3,7.300000000000001,7.300000000000001,,,,0.7874999999999999,HIGH,recent demand momentum,inventory coverage,promotion context
2026-08-21,S03,P120,12.0,18.228,6.2280000000000015,6.2280000000000015,,,,0.7874999999999999,HIGH,recent demand momentum,inventory coverage,promotion context
2026-08-22,S03,P120,12.0,18.456,6.4559999999999995,6.4559999999999995,,,,0.7874999999999999,HIGH,recent demand momentum,inventory coverage,promotion context
2026-08-23,S03,P120,13.0,19.504,6.504000000000001,6.504000000000001,,,,0.7874999999999999,HIGH,recent demand momentum,inventory coverage,promotion context
2026-08-24,S03,P120,12.0,21.892,9.892,9.892,,,,0.7874999999999999,HIGH,recent demand momentum,inventory coverage,promotion context
2026-08-25,S03,P120,11.0,21.632,10.632000000000001,10.632000000000001,,,,0.7874999999999999,HIGH,recent demand momentum,inventory coverage,promotion context
2026-08-21,S03,P121,7.0,16.16,9.16,9.16,,,,0.7874999999999999,HIGH,recent demand momentum,inventory coverage,promotion context
2026-08-22,S03,P121,3.0,12.12,9.12,9.12,,,,0.7874999999999999,HIGH,recent demand momentum,inventory coverage,promotion context
2026-08-23,S03,P121,3.0,14.96,11.96,11.96,,,,0.7874999999999999,HIGH,recent demand momentum,inventory coverage,promotion context
2026-08-25,S03,P121,6.0,15.328,9.328,9.328,,,,0.7874999999999999,HIGH,recent demand momentum,inventory coverage,promotion context
2026-08-21,S03,P122,22.0,23.684,1.684000000000001,1.684000000000001,,,,0.7874999999999999,HIGH,recent demand momentum,inventory coverage,promotion context
2026-08-22,S03,P122,22.0,25.72,3.719999999999999,3.719999999999999,,,,0.7874999999999999,HIGH,recent demand momentum,inventory coverage,promotion context
2026-08-23,S03,P122,29.0,23.668,-5.332000000000001,5.332000000000001,,,,0.7874999999999999,HIGH,recent demand momentum,inventory coverage,promotion context
2026-08-24,S03,P122,31.0,30.96,-0.03999999999999915,0.03999999999999915,,,,0.7874999999999999,HIGH,recent demand momentum,inventory coverage,promotion context
2026-08-20,S03,P123,123.0,165.74,42.74000000000001,42.74000000000001,,,,0.7874999999999999,HIGH,recent demand momentum,inventory coverage,promotion context
2026-08-21,S03,P123,122.0,166.168,44.168000000000006,44.168000000000006,,,,0.7874999999999999,HIGH,recent demand momentum,inventory coverage,promotion context
2026-08-22,S03,P123,131.0,120.688,-10.311999999999998,10.311999999999998,,,,0.7874999999999999,HIGH,recent demand momentum,inventory coverage,promotion context
2026-08-23,S03,P123,165.0,165.732,0.7319999999999993,0.7319999999999993,,,,0.7874999999999999,HIGH,recent demand momentum,inventory coverage,promotion context
2026-08-24,S03,P123,169.0,125.548,-43.452,43.452,,,,0.7874999999999999,HIGH,recent demand momentum,inventory coverage,promotion context
2026-08-25,S03,P123,151.0,125.092,-25.908,25.908,0.0,LOW,0.0,0.7874999999999999,HIGH,recent demand momentum,inventory coverage,promotion context
2026-08-20,S03,P124,59.0,62.264,3.264000000000003,3.264000000000003,,,,0.7874999999999999,HIGH,recent demand momentum,inventory coverage,promotion context
2026-08-21,S03,P124,62.0,62.132,0.1319999999999979,0.1319999999999979,,,,0.7874999999999999,HIGH,recent demand momentum,inventory coverage,promotion context
2026-08-22,S03,P124,59.0,63.924,4.9239999999999995,4.9239999999999995,,,,0.7874999999999999,HIGH,recent demand momentum,inventory coverage,promotion context
2026-08-23,S03,P124,62.0,62.204,0.20400000000000063,0.20400000000000063,,,,0.7874999999999999,HIGH,recent demand momentum,inventory coverage,promotion context
2026-08-24,S03,P124,62.0,60.36,-1.6400000000000006,1.6400000000000006,,,,0.7874999999999999,HIGH,recent demand momentum,inventory coverage,promotion context
2026-08-25,S03,P124,61.0,65.524,4.524000000000001,4.524000000000001,0.0,LOW,0.0,0.7874999999999999,HIGH,recent demand momentum,inventory coverage,promotion context
2026-08-21,S03,P125,6.0,15.964,9.964,9.964,,,,0.7874999999999999,HIGH,recent demand momentum,inventory coverage,promotion context
2026-08-22,S03,P125,6.0,14.996,8.996,8.996,,,,0.7874999999999999,HIGH,recent demand momentum,inventory coverage,promotion context
2026-08-23,S03,P125,4.0,14.852,10.852,10.852,,,,0.7874999999999999,HIGH,recent demand momentum,inventory coverage,promotion context
2026-08-24,S03,P125,4.0,17.68,13.68,13.68,,,,0.7874999999999999,HIGH,recent demand momentum,inventory coverage,promotion context
2026-08-20,S03,P126,63.0,78.792,15.792000000000002,15.792000000000002,,,,0.7874999999999999,HIGH,recent demand momentum,inventory coverage,promotion context
2026-08-21,S03,P126,63.0,80.512,17.512,17.512,,,,0.7874999999999999,HIGH,recent demand momentum,inventory coverage,promotion context
2026-08-22,S03,P126,67.0,75.744,8.744,8.744,,,,0.7874999999999999,HIGH,recent demand momentum,inventory coverage,promotion context
2026-08-23,S03,P126,75.0,74.0,-1.0,1.0,,,,0.7874999999999999,HIGH,recent demand momentum,inventory coverage,promotion context
2026-08-24,S03,P126,83.0,76.892,-6.108000000000004,6.108000000000004,,,,0.7874999999999999,HIGH,recent demand momentum,inventory coverage,promotion context
2026-08-25,S03,P126,71.0,71.608,0.6080000000000041,0.6080000000000041,,,,0.7874999999999999,HIGH,recent demand momentum,inventory coverage,promotion context
2026-08-20,S03,P127,154.0,161.804,7.804000000000002,7.804000000000002,,,,0.7874999999999999,HIGH,recent demand momentum,inventory coverage,promotion context
2026-08-21,S03,P127,160.0,159.308,-0.6920000000000073,0.6920000000000073,,,,0.7874999999999999,HIGH,recent demand momentum,inventory coverage,promotion context
2026-08-22,S03,P127,152.0,163.552,11.551999999999992,11.551999999999992,,,,0.7874999999999999,HIGH,recent demand momentum,inventory coverage,promotion context
2026-08-23,S03,P127,173.0,157.692,-15.307999999999993,15.307999999999993,,,,0.7874999999999999,HIGH,recent demand momentum,inventory coverage,promotion context
2026-08-24,S03,P127,165.0,163.776,-1.2239999999999895,1.2239999999999895,,,,0.7874999999999999,HIGH,recent demand momentum,inventory coverage,promotion context
2026-08-25,S03,P127,149.0,161.38,12.379999999999995,12.379999999999995,0.0,LOW,0.0,0.7874999999999999,HIGH,recent demand momentum,inventory coverage,promotion context
2026-08-20,S03,P128,32.0,23.5,-8.5,8.5,,,,0.7874999999999999,HIGH,recent demand momentum,inventory coverage,promotion context
2026-08-23,S03,P128,38.0,24.004,-13.995999999999999,13.995999999999999,,,,0.7874999999999999,HIGH,recent demand momentum,inventory coverage,promotion context
2026-08-24,S03,P128,35.0,25.956,-9.044,9.044,,,,0.7874999999999999,HIGH,recent demand momentum,inventory coverage,promotion context
2026-08-25,S03,P128,31.0,24.3,-6.699999999999999,6.699999999999999,,,,0.7874999999999999,HIGH,recent demand momentum,inventory coverage,promotion context
2026-08-20,S03,P129,110.0,98.684,-11.316000000000003,11.316000000000003,,,,0.7874999999999999,HIGH,recent demand momentum,inventory coverage,promotion context
2026-08-21,S03,P129,113.0,111.08,-1.9200000000000017,1.9200000000000017,,,,0.7874999999999999,HIGH,recent demand momentum,inventory coverage,promotion context
2026-08-22,S03,P129,113.0,116.848,3.847999999999999,3.847999999999999,,,,0.7874999999999999,HIGH,recent demand momentum,inventory coverage,promotion context
2026-08-23,S03,P129,113.0,112.016,-0.9839999999999947,0.9839999999999947,,,,0.7874999999999999,HIGH,recent demand momentum,inventory coverage,promotion context
2026-08-24,S03,P129,104.0,114.368,10.367999999999995,10.367999999999995,,,,0.7874999999999999,HIGH,recent demand momentum,inventory coverage,promotion context
2026-08-25,S03,P129,85.0,109.196,24.195999999999998,24.195999999999998,0.0,LOW,0.0,0.7874999999999999,HIGH,recent demand momentum,inventory coverage,promotion context
2026-08-20,S03,P130,220.0,183.188,-36.81200000000001,36.81200000000001,,,,0.7874999999999999,HIGH,recent demand momentum,inventory coverage,promotion context
2026-08-21,S03,P130,220.0,247.884,27.883999999999986,27.883999999999986,,,,0.7874999999999999,HIGH,recent demand momentum,inventory coverage,promotion context
2026-08-22,S03,P130,189.0,257.6,68.60000000000002,68.60000000000002,,,,0.7874999999999999,HIGH,recent demand momentum,inventory coverage,promotion context
2026-08-23,S03,P130,193.0,264.168,71.168,71.168,,,,0.7874999999999999,HIGH,recent demand momentum,inventory coverage,promotion context
2026-08-24,S03,P130,180.0,184.32,4.319999999999993,4.319999999999993,,,,0.7874999999999999,HIGH,recent demand momentum,inventory coverage,promotion context
2026-08-25,S03,P130,143.0,262.164,119.16399999999999,119.16399999999999,0.0,LOW,0.0,0.7874999999999999,HIGH,recent demand momentum,inventory coverage,promotion context
2026-08-20,S03,P131,82.0,110.208,28.208,28.208,,,,0.7874999999999999,HIGH,recent demand momentum,inventory coverage,promotion context
2026-08-21,S03,P131,91.0,106.248,15.248000000000005,15.248000000000005,,,,0.7874999999999999,HIGH,recent demand momentum,inventory coverage,promotion context
2026-08-22,S03,P131,92.0,112.76,20.760000000000005,20.760000000000005,,,,0.7874999999999999,HIGH,recent demand momentum,inventory coverage,promotion context
2026-08-23,S03,P131,77.0,109.1,32.099999999999994,32.099999999999994,,,,0.7874999999999999,HIGH,recent demand momentum,inventory coverage,promotion context
2026-08-24,S03,P131,78.0,106.648,28.647999999999996,28.647999999999996,,,,0.7874999999999999,HIGH,recent demand momentum,inventory coverage,promotion context
2026-08-25,S03,P131,62.0,106.34,44.34,44.34,0.0,LOW,0.0,0.7874999999999999,HIGH,recent demand momentum,inventory coverage,promotion context
2026-08-20,S03,P132,30.0,55.88,25.880000000000003,25.880000000000003,,,,0.7874999999999999,HIGH,recent demand momentum,inventory coverage,promotion context
2026-08-21,S03,P132,39.0,49.324,10.323999999999998,10.323999999999998,,,,0.7874999999999999,HIGH,recent demand momentum,inventory coverage,promotion context
2026-08-22,S03,P132,37.0,51.26,14.259999999999998,14.259999999999998,,,,0.7874999999999999,HIGH,recent demand momentum,inventory coverage,promotion context
2026-08-23,S03,P132,49.0,51.144,2.1439999999999984,2.1439999999999984,,,,0.7874999999999999,HIGH,recent demand momentum,inventory coverage,promotion context
2026-08-24,S03,P132,57.0,52.884,-4.116,4.116,,,,0.7874999999999999,HIGH,recent demand momentum,inventory coverage,promotion context
2026-08-25,S03,P132,54.0,52.056,-1.9440000000000026,1.9440000000000026,,,,0.7874999999999999,HIGH,recent demand momentum,inventory coverage,promotion context
2026-08-20,S03,P133,256.0,268.236,12.23599999999999,12.23599999999999,,,,0.7874999999999999,HIGH,recent demand momentum,inventory coverage,promotion context
2026-08-21,S03,P133,256.0,276.204,20.204000000000008,20.204000000000008,,,,0.7874999999999999,HIGH,recent demand momentum,inventory coverage,promotion context
2026-08-22,S03,P133,269.0,281.048,12.048000000000002,12.048000000000002,,,,0.7874999999999999,HIGH,recent demand momentum,inventory coverage,promotion context
2026-08-23,S03,P133,275.0,277.436,2.4359999999999786,2.4359999999999786,,,,0.7874999999999999,HIGH,recent demand momentum,inventory coverage,promotion context
2026-08-24,S03,P133,293.0,273.868,-19.132000000000005,19.132000000000005,,,,0.7874999999999999,HIGH,recent demand momentum,inventory coverage,promotion context
2026-08-25,S03,P133,241.0,275.284,34.28399999999999,34.28399999999999,0.0,LOW,0.0,0.7874999999999999,HIGH,recent demand momentum,inventory coverage,promotion context
2026-08-20,S03,P134,103.0,102.176,-0.8239999999999981,0.8239999999999981,,,,0.7874999999999999,HIGH,recent demand momentum,inventory coverage,promotion context
2026-08-21,S03,P134,91.0,97.412,6.412000000000006,6.412000000000006,,,,0.7874999999999999,HIGH,recent demand momentum,inventory coverage,promotion context
2026-08-22,S03,P134,90.0,102.468,12.468000000000004,12.468000000000004,,,,0.7874999999999999,HIGH,recent demand momentum,inventory coverage,promotion context
2026-08-23,S03,P134,87.0,100.14,13.14,13.14,,,,0.7874999999999999,HIGH,recent demand momentum,inventory coverage,promotion context
2026-08-24,S03,P134,93.0,98.96,5.959999999999994,5.959999999999994,,,,0.7874999999999999,HIGH,recent demand momentum,inventory coverage,promotion context
2026-08-25,S03,P134,75.0,103.956,28.956000000000003,28.956000000000003,0.0,LOW,0.0,0.7874999999999999,HIGH,recent demand momentum,inventory coverage,promotion context
2026-08-20,S03,P135,53.0,49.128,-3.872,3.872,,,,0.7874999999999999,HIGH,recent demand momentum,inventory coverage,promotion context
2026-08-21,S03,P135,65.0,45.076,-19.924,19.924,,,,0.7874999999999999,HIGH,recent demand momentum,inventory coverage,promotion context
2026-08-22,S03,P135,52.0,48.256,-3.7439999999999998,3.7439999999999998,,,,0.7874999999999999,HIGH,recent demand momentum,inventory coverage,promotion context
2026-08-23,S03,P135,47.0,45.868,-1.131999999999998,1.131999999999998,,,,0.7874999999999999,HIGH,recent demand momentum,inventory coverage,promotion context
2026-08-24,S03,P135,48.0,53.376,5.375999999999998,5.375999999999998,,,,0.7874999999999999,HIGH,recent demand momentum,inventory coverage,promotion context
2026-08-25,S03,P135,41.0,51.628,10.628,10.628,0.0,LOW,0.0,0.7874999999999999,HIGH,recent demand momentum,inventory coverage,promotion context
2026-08-20,S03,P136,8.0,6.204,-1.7960000000000003,1.7960000000000003,,,,0.7874999999999999,HIGH,recent demand momentum,inventory coverage,promotion context
2026-08-21,S03,P136,6.0,8.092,2.0920000000000005,2.0920000000000005,,,,0.7874999999999999,HIGH,recent demand momentum,inventory coverage,promotion context
2026-08-22,S03,P136,5.0,6.892,1.8920000000000003,1.8920000000000003,,,,0.7874999999999999,HIGH,recent demand momentum,inventory coverage,promotion context
2026-08-20,S03,P137,85.0,79.592,-5.408000000000001,5.408000000000001,,,,0.7874999999999999,HIGH,recent demand momentum,inventory coverage,promotion context
2026-08-21,S03,P137,81.0,74.512,-6.4879999999999995,6.4879999999999995,,,,0.7874999999999999,HIGH,recent demand momentum,inventory coverage,promotion context
2026-08-22,S03,P137,75.0,73.5,-1.5,1.5,,,,0.7874999999999999,HIGH,recent demand momentum,inventory coverage,promotion context
2026-08-23,S03,P137,84.0,88.304,4.304000000000002,4.304000000000002,,,,0.7874999999999999,HIGH,recent demand momentum,inventory coverage,promotion context
2026-08-24,S03,P137,69.0,88.144,19.144000000000005,19.144000000000005,,,,0.7874999999999999,HIGH,recent demand momentum,inventory coverage,promotion context
2026-08-25,S03,P137,65.0,79.96,14.959999999999994,14.959999999999994,0.0,LOW,0.0,0.7874999999999999,HIGH,recent demand momentum,inventory coverage,promotion context
2026-08-20,S03,P138,35.0,46.748,11.747999999999998,11.747999999999998,,,,0.7874999999999999,HIGH,recent demand momentum,inventory coverage,promotion context
2026-08-21,S03,P138,39.0,49.188,10.188000000000002,10.188000000000002,,,,0.7874999999999999,HIGH,recent demand momentum,inventory coverage,promotion context
2026-08-22,S03,P138,39.0,49.252,10.252000000000002,10.252000000000002,,,,0.7874999999999999,HIGH,recent demand momentum,inventory coverage,promotion context
2026-08-23,S03,P138,34.0,52.572,18.572000000000003,18.572000000000003,,,,0.7874999999999999,HIGH,recent demand momentum,inventory coverage,promotion context
2026-08-24,S03,P138,32.0,46.4,14.399999999999999,14.399999999999999,,,,0.7874999999999999,HIGH,recent demand momentum,inventory coverage,promotion context
2026-08-25,S03,P138,28.0,48.488,20.488,20.488,0.0,LOW,0.0,0.7874999999999999,HIGH,recent demand momentum,inventory coverage,promotion context
2026-08-21,S03,P139,12.0,13.444,1.4440000000000008,1.4440000000000008,,,,0.7874999999999999,HIGH,recent demand momentum,inventory coverage,promotion context
2026-08-23,S03,P139,15.0,13.896,-1.1039999999999992,1.1039999999999992,,,,0.7874999999999999,HIGH,recent demand momentum,inventory coverage,promotion context
2026-08-24,S03,P139,13.0,15.268,2.2680000000000007,2.2680000000000007,,,,0.7874999999999999,HIGH,recent demand momentum,inventory coverage,promotion context
2026-08-20,S03,P140,23.0,27.848,4.847999999999999,4.847999999999999,,,,0.7874999999999999,HIGH,recent demand momentum,inventory coverage,promotion context
2026-08-21,S03,P140,25.0,27.244,2.2439999999999998,2.2439999999999998,,,,0.7874999999999999,HIGH,recent demand momentum,inventory coverage,promotion context
2026-08-22,S03,P140,25.0,27.472,2.4720000000000013,2.4720000000000013,,,,0.7874999999999999,HIGH,recent demand momentum,inventory coverage,promotion context
2026-08-25,S03,P140,27.0,22.22,-4.780000000000001,4.780000000000001,,,,0.7874999999999999,HIGH,recent demand momentum,inventory coverage,promotion context
2026-08-20,S03,P141,14.0,26.024,12.024000000000001,12.024000000000001,,,,0.7874999999999999,HIGH,recent demand momentum,inventory coverage,promotion context
2026-08-21,S03,P141,14.0,26.62,12.620000000000001,12.620000000000001,,,,0.7874999999999999,HIGH,recent demand momentum,inventory coverage,promotion context
2026-08-22,S03,P141,18.0,24.176,6.175999999999998,6.175999999999998,,,,0.7874999999999999,HIGH,recent demand momentum,inventory coverage,promotion context
2026-08-23,S03,P141,17.0,26.052,9.052,9.052,,,,0.7874999999999999,HIGH,recent demand momentum,inventory coverage,promotion context
2026-08-25,S03,P141,18.0,25.868,7.8679999999999986,7.8679999999999986,0.0,LOW,0.0,0.7874999999999999,HIGH,recent demand momentum,inventory coverage,promotion context
2026-08-20,S03,P142,18.0,11.244,-6.756,6.756,,,,0.7874999999999999,HIGH,recent demand momentum,inventory coverage,promotion context
2026-08-22,S03,P142,30.0,9.156,-20.844,20.844,,,,0.7874999999999999,HIGH,recent demand momentum,inventory coverage,promotion context
2026-08-23,S03,P142,28.0,10.268,-17.732,17.732,,,,0.7874999999999999,HIGH,recent demand momentum,inventory coverage,promotion context
2026-08-25,S03,P142,19.0,8.748,-10.252,10.252,0.0,LOW,0.0,0.7874999999999999,HIGH,recent demand momentum,inventory coverage,promotion context
2026-08-20,S03,P143,62.0,44.136,-17.863999999999997,17.863999999999997,,,,0.7874999999999999,HIGH,recent demand momentum,inventory coverage,promotion context
2026-08-21,S03,P143,53.0,46.632,-6.368000000000002,6.368000000000002,,,,0.7874999999999999,HIGH,recent demand momentum,inventory coverage,promotion context
2026-08-22,S03,P143,48.0,47.036,-0.9639999999999986,0.9639999999999986,,,,0.7874999999999999,HIGH,recent demand momentum,inventory coverage,promotion context
2026-08-23,S03,P143,50.0,46.444,-3.5559999999999974,3.5559999999999974,,,,0.7874999999999999,HIGH,recent demand momentum,inventory coverage,promotion context
2026-08-24,S03,P143,48.0,49.324,1.323999999999998,1.323999999999998,,,,0.7874999999999999,HIGH,recent demand momentum,inventory coverage,promotion context
2026-08-25,S03,P143,45.0,46.904,1.9040000000000035,1.9040000000000035,0.0,LOW,0.0,0.7874999999999999,HIGH,recent demand momentum,inventory coverage,promotion context
2026-08-20,S03,P144,39.0,35.768,-3.2319999999999993,3.2319999999999993,,,,0.7874999999999999,HIGH,recent demand momentum,inventory coverage,promotion context
2026-08-21,S03,P144,42.0,33.776,-8.223999999999997,8.223999999999997,,,,0.7874999999999999,HIGH,recent demand momentum,inventory coverage,promotion context
2026-08-22,S03,P144,42.0,33.916,-8.084000000000003,8.084000000000003,,,,0.7874999999999999,HIGH,recent demand momentum,inventory coverage,promotion context
2026-08-23,S03,P144,48.0,34.448,-13.552,13.552,,,,0.7874999999999999,HIGH,recent demand momentum,inventory coverage,promotion context
2026-08-24,S03,P144,41.0,37.068,-3.932000000000002,3.932000000000002,,,,0.7874999999999999,HIGH,recent demand momentum,inventory coverage,promotion context
2026-08-25,S03,P144,32.0,37.108,5.107999999999997,5.107999999999997,0.0,LOW,0.0,0.7874999999999999,HIGH,recent demand momentum,inventory coverage,promotion context
2026-08-20,S03,P145,29.0,29.136,0.13599999999999923,0.13599999999999923,,,,0.7874999999999999,HIGH,recent demand momentum,inventory coverage,promotion context
2026-08-21,S03,P145,23.0,26.452,3.4520000000000017,3.4520000000000017,,,,0.7874999999999999,HIGH,recent demand momentum,inventory coverage,promotion context
2026-08-22,S03,P145,23.0,25.976,2.975999999999999,2.975999999999999,,,,0.7874999999999999,HIGH,recent demand momentum,inventory coverage,promotion context
2026-08-23,S03,P145,9.0,26.184,17.184,17.184,,,,0.7874999999999999,HIGH,recent demand momentum,inventory coverage,promotion context
2026-08-24,S03,P145,8.0,28.188,20.188,20.188,,,,0.7874999999999999,HIGH,recent demand momentum,inventory coverage,promotion context
2026-08-25,S03,P145,6.0,28.008,22.008,22.008,0.0,LOW,0.0,0.7874999999999999,HIGH,recent demand momentum,inventory coverage,promotion context
2026-08-20,S03,P146,76.0,64.324,-11.676000000000002,11.676000000000002,,,,0.7874999999999999,HIGH,recent demand momentum,inventory coverage,promotion context
2026-08-21,S03,P146,85.0,62.004,-22.996000000000002,22.996000000000002,,,,0.7874999999999999,HIGH,recent demand momentum,inventory coverage,promotion context
2026-08-22,S03,P146,69.0,62.292,-6.707999999999998,6.707999999999998,,,,0.7874999999999999,HIGH,recent demand momentum,inventory coverage,promotion context
2026-08-23,S03,P146,79.0,64.572,-14.427999999999997,14.427999999999997,,,,0.7874999999999999,HIGH,recent demand momentum,inventory coverage,promotion context
2026-08-24,S03,P146,82.0,59.216,-22.784,22.784,,,,0.7874999999999999,HIGH,recent demand momentum,inventory coverage,promotion context
2026-08-25,S03,P146,65.0,57.812,-7.188000000000002,7.188000000000002,0.0,LOW,0.0,0.7874999999999999,HIGH,recent demand momentum,inventory coverage,promotion context
2026-08-20,S03,P147,30.0,38.492,8.491999999999997,8.491999999999997,,,,0.7874999999999999,HIGH,recent demand momentum,inventory coverage,promotion context
2026-08-21,S03,P147,30.0,39.536,9.536000000000001,9.536000000000001,,,,0.7874999999999999,HIGH,recent demand momentum,inventory coverage,promotion context
2026-08-23,S03,P147,38.0,38.224,0.22399999999999665,0.22399999999999665,,,,0.7874999999999999,HIGH,recent demand momentum,inventory coverage,promotion context
2026-08-24,S03,P147,27.0,40.132,13.131999999999998,13.131999999999998,,,,0.7874999999999999,HIGH,recent demand momentum,inventory coverage,promotion context
2026-08-25,S03,P147,26.0,36.404,10.404000000000003,10.404000000000003,0.0,LOW,0.0,0.7874999999999999,HIGH,recent demand momentum,inventory coverage,promotion context
2026-08-20,S03,P148,16.0,10.64,-5.359999999999999,5.359999999999999,,,,0.7874999999999999,HIGH,recent demand momentum,inventory coverage,promotion context
2026-08-21,S03,P148,19.0,10.256,-8.744,8.744,,,,0.7874999999999999,HIGH,recent demand momentum,inventory coverage,promotion context
2026-08-23,S03,P148,18.0,12.496,-5.504,5.504,,,,0.7874999999999999,HIGH,recent demand momentum,inventory coverage,promotion context
2026-08-24,S03,P148,19.0,12.856,-6.144,6.144,,,,0.7874999999999999,HIGH,recent demand momentum,inventory coverage,promotion context
2026-08-20,S03,P149,31.0,25.936,-5.064,5.064,,,,0.7874999999999999,HIGH,recent demand momentum,inventory coverage,promotion context
2026-08-21,S03,P149,26.0,25.376,-0.6239999999999988,0.6239999999999988,,,,0.7874999999999999,HIGH,recent demand momentum,inventory coverage,promotion context
2026-08-22,S03,P149,25.0,26.348,1.347999999999999,1.347999999999999,,,,0.7874999999999999,HIGH,recent demand momentum,inventory coverage,promotion context
2026-08-23,S03,P149,26.0,28.672,2.6720000000000006,2.6720000000000006,,,,0.7874999999999999,HIGH,recent demand momentum,inventory coverage,promotion context
2026-08-24,S03,P149,23.0,27.236,4.236000000000001,4.236000000000001,,,,0.7874999999999999,HIGH,recent demand momentum,inventory coverage,promotion context
2026-08-25,S03,P149,16.0,26.56,10.559999999999999,10.559999999999999,,,,0.7874999999999999,HIGH,recent demand momentum,inventory coverage,promotion context
2026-08-21,S03,P150,12.0,23.912,11.911999999999999,11.911999999999999,,,,0.7874999999999999,HIGH,recent demand momentum,inventory coverage,promotion context
2026-08-22,S03,P150,10.0,16.296,6.295999999999999,6.295999999999999,,,,0.7874999999999999,HIGH,recent demand momentum,inventory coverage,promotion context
2026-08-24,S03,P150,17.0,28.68,11.68,11.68,,,,0.7874999999999999,HIGH,recent demand momentum,inventory coverage,promotion context
2026-08-25,S03,P150,15.0,15.036,0.03599999999999959,0.03599999999999959,0.0,LOW,0.0,0.7874999999999999,HIGH,recent demand momentum,inventory coverage,promotion context
2026-08-21,S03,P151,13.0,19.5,6.5,6.5,,,,0.7874999999999999,HIGH,recent demand momentum,inventory coverage,promotion context
2026-08-22,S03,P151,12.0,16.168,4.167999999999999,4.167999999999999,,,,0.7874999999999999,HIGH,recent demand momentum,inventory coverage,promotion context
2026-08-23,S03,P151,9.0,17.9,8.899999999999999,8.899999999999999,,,,0.7874999999999999,HIGH,recent demand momentum,inventory coverage,promotion context
2026-08-24,S03,P151,9.0,16.184,7.184000000000001,7.184000000000001,,,,0.7874999999999999,HIGH,recent demand momentum,inventory coverage,promotion context
2026-08-20,S03,P152,89.0,71.74,-17.260000000000005,17.260000000000005,,,,0.7874999999999999,HIGH,recent demand momentum,inventory coverage,promotion context
2026-08-21,S03,P152,86.0,69.572,-16.427999999999997,16.427999999999997,,,,0.7874999999999999,HIGH,recent demand momentum,inventory coverage,promotion context
2026-08-22,S03,P152,89.0,71.688,-17.311999999999998,17.311999999999998,,,,0.7874999999999999,HIGH,recent demand momentum,inventory coverage,promotion context
2026-08-23,S03,P152,80.0,68.98,-11.019999999999996,11.019999999999996,,,,0.7874999999999999,HIGH,recent demand momentum,inventory coverage,promotion context
2026-08-24,S03,P152,84.0,70.456,-13.543999999999997,13.543999999999997,,,,0.7874999999999999,HIGH,recent demand momentum,inventory coverage,promotion context
2026-08-25,S03,P152,61.0,66.856,5.8559999999999945,5.8559999999999945,,,,0.7874999999999999,HIGH,recent demand momentum,inventory coverage,promotion context
2026-08-20,S03,P153,36.0,55.776,19.776000000000003,19.776000000000003,,,,0.7874999999999999,HIGH,recent demand momentum,inventory coverage,promotion context
2026-08-22,S03,P153,47.0,56.212,9.212000000000003,9.212000000000003,,,,0.7874999999999999,HIGH,recent demand momentum,inventory coverage,promotion context
2026-08-23,S03,P153,51.0,61.408,10.408000000000001,10.408000000000001,,,,0.7874999999999999,HIGH,recent demand momentum,inventory coverage,promotion context
2026-08-24,S03,P153,47.0,59.756,12.756,12.756,,,,0.7874999999999999,HIGH,recent demand momentum,inventory coverage,promotion context
2026-08-25,S03,P153,42.0,56.444,14.444000000000003,14.444000000000003,0.0,LOW,0.0,0.7874999999999999,HIGH,recent demand momentum,inventory coverage,promotion context
2026-08-20,S03,P154,19.0,23.328,4.327999999999999,4.327999999999999,,,,0.7874999999999999,HIGH,recent demand momentum,inventory coverage,promotion context
2026-08-23,S03,P154,27.0,20.784,-6.216000000000001,6.216000000000001,,,,0.7874999999999999,HIGH,recent demand momentum,inventory coverage,promotion context
2026-08-24,S03,P154,29.0,22.7,-6.300000000000001,6.300000000000001,,,,0.7874999999999999,HIGH,recent demand momentum,inventory coverage,promotion context
2026-08-25,S03,P154,21.0,25.5,4.5,4.5,0.0,LOW,0.0,0.7874999999999999,HIGH,recent demand momentum,inventory coverage,promotion context
2026-08-20,S03,P155,25.0,29.612,4.611999999999998,4.611999999999998,,,,0.7874999999999999,HIGH,recent demand momentum,inventory coverage,promotion context
2026-08-21,S03,P155,30.0,28.5,-1.5,1.5,,,,0.7874999999999999,HIGH,recent demand momentum,inventory coverage,promotion context
2026-08-22,S03,P155,33.0,29.268,-3.7319999999999993,3.7319999999999993,,,,0.7874999999999999,HIGH,recent demand momentum,inventory coverage,promotion context
2026-08-23,S03,P155,28.0,30.372,2.372,2.372,,,,0.7874999999999999,HIGH,recent demand momentum,inventory coverage,promotion context
2026-08-24,S03,P155,31.0,29.388,-1.6119999999999983,1.6119999999999983,,,,0.7874999999999999,HIGH,recent demand momentum,inventory coverage,promotion context
2026-08-20,S03,P156,67.0,77.848,10.847999999999999,10.847999999999999,,,,0.7874999999999999,HIGH,recent demand momentum,inventory coverage,promotion context
2026-08-21,S03,P156,86.0,85.652,-0.347999999999999,0.347999999999999,,,,0.7874999999999999,HIGH,recent demand momentum,inventory coverage,promotion context
2026-08-22,S03,P156,87.0,75.916,-11.084000000000003,11.084000000000003,,,,0.7874999999999999,HIGH,recent demand momentum,inventory coverage,promotion context
2026-08-23,S03,P156,91.0,89.952,-1.0480000000000018,1.0480000000000018,,,,0.7874999999999999,HIGH,recent demand momentum,inventory coverage,promotion context
2026-08-24,S03,P156,80.0,90.848,10.847999999999999,10.847999999999999,,,,0.7874999999999999,HIGH,recent demand momentum,inventory coverage,promotion context
2026-08-25,S03,P156,73.0,88.252,15.251999999999995,15.251999999999995,,,,0.7874999999999999,HIGH,recent demand momentum,inventory coverage,promotion context
2026-08-20,S03,P157,67.0,48.7,-18.299999999999997,18.299999999999997,,,,0.7874999999999999,HIGH,recent demand momentum,inventory coverage,promotion context
2026-08-21,S03,P157,64.0,46.412,-17.588,17.588,,,,0.7874999999999999,HIGH,recent demand momentum,inventory coverage,promotion context
2026-08-22,S03,P157,55.0,47.924,-7.0760000000000005,7.0760000000000005,,,,0.7874999999999999,HIGH,recent demand momentum,inventory coverage,promotion context
2026-08-23,S03,P157,61.0,49.984,-11.015999999999998,11.015999999999998,,,,0.7874999999999999,HIGH,recent demand momentum,inventory coverage,promotion context
2026-08-24,S03,P157,55.0,48.996,-6.003999999999998,6.003999999999998,,,,0.7874999999999999,HIGH,recent demand momentum,inventory coverage,promotion context
2026-08-25,S03,P157,43.0,48.828,5.828000000000003,5.828000000000003,0.0,LOW,0.0,0.7874999999999999,HIGH,recent demand momentum,inventory coverage,promotion context
2026-08-20,S03,P158,162.0,144.468,-17.53200000000001,17.53200000000001,,,,0.7874999999999999,HIGH,recent demand momentum,inventory coverage,promotion context
2026-08-21,S03,P158,160.0,145.664,-14.336000000000013,14.336000000000013,,,,0.7874999999999999,HIGH,recent demand momentum,inventory coverage,promotion context
2026-08-22,S03,P158,156.0,144.724,-11.27600000000001,11.27600000000001,,,,0.7874999999999999,HIGH,recent demand momentum,inventory coverage,promotion context
2026-08-23,S03,P158,154.0,141.528,-12.472000000000008,12.472000000000008,,,,0.7874999999999999,HIGH,recent demand momentum,inventory coverage,promotion context
2026-08-24,S03,P158,149.0,160.232,11.232,11.232,,,,0.7874999999999999,HIGH,recent demand momentum,inventory coverage,promotion context
2026-08-25,S03,P158,118.0,162.596,44.596000000000004,44.596000000000004,0.0,LOW,0.0,0.7874999999999999,HIGH,recent demand momentum,inventory coverage,promotion context
2026-08-20,S03,P159,183.0,187.728,4.728000000000009,4.728000000000009,,,,0.7874999999999999,HIGH,recent demand momentum,inventory coverage,promotion context
2026-08-21,S03,P159,191.0,199.676,8.675999999999988,8.675999999999988,,,,0.7874999999999999,HIGH,recent demand momentum,inventory coverage,promotion context
2026-08-22,S03,P159,200.0,195.12,-4.8799999999999955,4.8799999999999955,,,,0.7874999999999999,HIGH,recent demand momentum,inventory coverage,promotion context
2026-08-23,S03,P159,217.0,192.56,-24.439999999999998,24.439999999999998,,,,0.7874999999999999,HIGH,recent demand momentum,inventory coverage,promotion context
2026-08-24,S03,P159,225.0,183.04,-41.96000000000001,41.96000000000001,,,,0.7874999999999999,HIGH,recent demand momentum,inventory coverage,promotion context
2026-08-25,S03,P159,192.0,188.52,-3.4799999999999898,3.4799999999999898,0.0,LOW,0.0,0.7874999999999999,HIGH,recent demand momentum,inventory coverage,promotion context
2026-08-21,S03,P160,0.0,8.032,8.032,8.032,,,,0.7874999999999999,HIGH,recent demand momentum,inventory coverage,promotion context
2026-08-20,S03,P161,118.0,112.648,-5.352000000000004,5.352000000000004,,,,0.7874999999999999,HIGH,recent demand momentum,inventory coverage,promotion context
2026-08-21,S03,P161,127.0,122.68,-4.319999999999993,4.319999999999993,,,,0.7874999999999999,HIGH,recent demand momentum,inventory coverage,promotion context
2026-08-22,S03,P161,107.0,114.436,7.436000000000007,7.436000000000007,,,,0.7874999999999999,HIGH,recent demand momentum,inventory coverage,promotion context
2026-08-23,S03,P161,110.0,115.644,5.6440000000000055,5.6440000000000055,,,,0.7874999999999999,HIGH,recent demand momentum,inventory coverage,promotion context
2026-08-24,S03,P161,116.0,120.3,4.299999999999997,4.299999999999997,,,,0.7874999999999999,HIGH,recent demand momentum,inventory coverage,promotion context
2026-08-25,S03,P161,92.0,110.344,18.343999999999994,18.343999999999994,0.0,LOW,0.0,0.7874999999999999,HIGH,recent demand momentum,inventory coverage,promotion context
2026-08-20,S03,P163,110.0,122.968,12.968000000000004,12.968000000000004,,,,0.7874999999999999,HIGH,recent demand momentum,inventory coverage,promotion context
2026-08-21,S03,P163,107.0,121.992,14.992000000000004,14.992000000000004,,,,0.7874999999999999,HIGH,recent demand momentum,inventory coverage,promotion context
2026-08-22,S03,P163,114.0,121.764,7.763999999999996,7.763999999999996,,,,0.7874999999999999,HIGH,recent demand momentum,inventory coverage,promotion context
2026-08-23,S03,P163,117.0,119.58,2.5799999999999983,2.5799999999999983,,,,0.7874999999999999,HIGH,recent demand momentum,inventory coverage,promotion context
2026-08-24,S03,P163,127.0,120.248,-6.751999999999995,6.751999999999995,,,,0.7874999999999999,HIGH,recent demand momentum,inventory coverage,promotion context
2026-08-25,S03,P163,110.0,127.604,17.604,17.604,,,,0.7874999999999999,HIGH,recent demand momentum,inventory coverage,promotion context
2026-08-20,S03,P164,25.0,30.304,5.3039999999999985,5.3039999999999985,,,,0.7874999999999999,HIGH,recent demand momentum,inventory coverage,promotion context
2026-08-21,S03,P164,21.0,25.428,4.428000000000001,4.428000000000001,,,,0.7874999999999999,HIGH,recent demand momentum,inventory coverage,promotion context
2026-08-22,S03,P164,26.0,27.408,1.4080000000000013,1.4080000000000013,,,,0.7874999999999999,HIGH,recent demand momentum,inventory coverage,promotion context
2026-08-23,S03,P164,25.0,30.912,5.911999999999999,5.911999999999999,,,,0.7874999999999999,HIGH,recent demand momentum,inventory coverage,promotion context
2026-08-24,S03,P164,21.0,26.568,5.568000000000001,5.568000000000001,,,,0.7874999999999999,HIGH,recent demand momentum,inventory coverage,promotion context
2026-08-25,S03,P164,19.0,37.076,18.076,18.076,,,,0.7874999999999999,HIGH,recent demand momentum,inventory coverage,promotion context
2026-08-20,S03,P165,5.0,7.616,2.6159999999999997,2.6159999999999997,,,,0.7874999999999999,HIGH,recent demand momentum,inventory coverage,promotion context
2026-08-21,S03,P165,3.0,7.128,4.128,4.128,,,,0.7874999999999999,HIGH,recent demand momentum,inventory coverage,promotion context
2026-08-22,S03,P165,2.0,8.144,6.144,6.144,,,,0.7874999999999999,HIGH,recent demand momentum,inventory coverage,promotion context
2026-08-24,S03,P165,3.0,14.948,11.948,11.948,,,,0.7874999999999999,HIGH,recent demand momentum,inventory coverage,promotion context
2026-08-20,S03,P166,54.0,40.52,-13.479999999999997,13.479999999999997,,,,0.7874999999999999,HIGH,recent demand momentum,inventory coverage,promotion context
2026-08-21,S03,P166,52.0,40.512,-11.488,11.488,,,,0.7874999999999999,HIGH,recent demand momentum,inventory coverage,promotion context
2026-08-22,S03,P166,57.0,42.572,-14.427999999999997,14.427999999999997,,,,0.7874999999999999,HIGH,recent demand momentum,inventory coverage,promotion context
2026-08-23,S03,P166,53.0,42.216,-10.783999999999999,10.783999999999999,,,,0.7874999999999999,HIGH,recent demand momentum,inventory coverage,promotion context
2026-08-24,S03,P166,55.0,37.824,-17.176000000000002,17.176000000000002,,,,0.7874999999999999,HIGH,recent demand momentum,inventory coverage,promotion context
2026-08-25,S03,P166,43.0,51.08,8.079999999999998,8.079999999999998,0.0,LOW,0.0,0.7874999999999999,HIGH,recent demand momentum,inventory coverage,promotion context
2026-08-24,S03,P167,8.0,6.116,-1.8840000000000003,1.8840000000000003,,,,0.7874999999999999,HIGH,recent demand momentum,inventory coverage,promotion context
2026-08-25,S03,P167,5.0,6.804,1.8040000000000003,1.8040000000000003,0.0,LOW,0.0,0.7874999999999999,HIGH,recent demand momentum,inventory coverage,promotion context
2026-08-20,S03,P168,13.0,11.276,-1.7240000000000002,1.7240000000000002,,,,0.7874999999999999,HIGH,recent demand momentum,inventory coverage,promotion context
2026-08-21,S03,P168,7.0,9.136,2.1359999999999992,2.1359999999999992,,,,0.7874999999999999,HIGH,recent demand momentum,inventory coverage,promotion context
2026-08-22,S03,P168,10.0,13.4,3.4000000000000004,3.4000000000000004,,,,0.7874999999999999,HIGH,recent demand momentum,inventory coverage,promotion context
2026-08-24,S03,P168,19.0,10.808,-8.192,8.192,,,,0.7874999999999999,HIGH,recent demand momentum,inventory coverage,promotion context
2026-08-20,S03,P169,39.0,51.684,12.683999999999997,12.683999999999997,,,,0.7874999999999999,HIGH,recent demand momentum,inventory coverage,promotion context
2026-08-21,S03,P169,34.0,49.652,15.652000000000001,15.652000000000001,,,,0.7874999999999999,HIGH,recent demand momentum,inventory coverage,promotion context
2026-08-22,S03,P169,40.0,49.844,9.844000000000001,9.844000000000001,,,,0.7874999999999999,HIGH,recent demand momentum,inventory coverage,promotion context
2026-08-23,S03,P169,40.0,50.14,10.14,10.14,,,,0.7874999999999999,HIGH,recent demand momentum,inventory coverage,promotion context
2026-08-24,S03,P169,39.0,50.128,11.128,11.128,,,,0.7874999999999999,HIGH,recent demand momentum,inventory coverage,promotion context
2026-08-25,S03,P169,37.0,52.664,15.664000000000001,15.664000000000001,,,,0.7874999999999999,HIGH,recent demand momentum,inventory coverage,promotion context
2026-08-22,S03,P170,11.0,9.02,-1.9800000000000004,1.9800000000000004,,,,0.7874999999999999,HIGH,recent demand momentum,inventory coverage,promotion context
2026-08-24,S03,P170,11.0,7.02,-3.9800000000000004,3.9800000000000004,,,,0.7874999999999999,HIGH,recent demand momentum,inventory coverage,promotion context
2026-08-20,S03,P171,39.0,41.688,2.6880000000000024,2.6880000000000024,,,,0.7874999999999999,HIGH,recent demand momentum,inventory coverage,promotion context
2026-08-21,S03,P171,36.0,42.48,6.479999999999997,6.479999999999997,,,,0.7874999999999999,HIGH,recent demand momentum,inventory coverage,promotion context
2026-08-22,S03,P171,44.0,39.932,-4.067999999999998,4.067999999999998,,,,0.7874999999999999,HIGH,recent demand momentum,inventory coverage,promotion context
2026-08-23,S03,P171,45.0,35.392,-9.607999999999997,9.607999999999997,,,,0.7874999999999999,HIGH,recent demand momentum,inventory coverage,promotion context
2026-08-24,S03,P171,48.0,33.464,-14.536000000000001,14.536000000000001,,,,0.7874999999999999,HIGH,recent demand momentum,inventory coverage,promotion context
2026-08-25,S03,P171,46.0,34.308,-11.692,11.692,0.0,LOW,0.0,0.7874999999999999,HIGH,recent demand momentum,inventory coverage,promotion context
2026-08-20,S03,P172,15.0,28.232,13.232,13.232,,,,0.7874999999999999,HIGH,recent demand momentum,inventory coverage,promotion context
2026-08-21,S03,P172,15.0,28.944,13.943999999999999,13.943999999999999,,,,0.7874999999999999,HIGH,recent demand momentum,inventory coverage,promotion context
2026-08-22,S03,P172,15.0,27.36,12.36,12.36,,,,0.7874999999999999,HIGH,recent demand momentum,inventory coverage,promotion context
2026-08-24,S03,P172,19.0,28.448,9.448,9.448,,,,0.7874999999999999,HIGH,recent demand momentum,inventory coverage,promotion context
2026-08-25,S03,P172,16.0,29.016,13.015999999999998,13.015999999999998,0.0,LOW,0.0,0.7874999999999999,HIGH,recent demand momentum,inventory coverage,promotion context
2026-08-20,S03,P173,10.0,7.104,-2.896,2.896,,,,0.7874999999999999,HIGH,recent demand momentum,inventory coverage,promotion context
2026-08-22,S03,P173,9.0,8.416,-0.5839999999999996,0.5839999999999996,,,,0.7874999999999999,HIGH,recent demand momentum,inventory coverage,promotion context
2026-08-23,S03,P173,6.0,8.276,2.276,2.276,,,,0.7874999999999999,HIGH,recent demand momentum,inventory coverage,promotion context
2026-08-25,S03,P173,4.0,8.3,4.300000000000001,4.300000000000001,,,,0.7874999999999999,HIGH,recent demand momentum,inventory coverage,promotion context
2026-08-21,S03,P174,11.0,7.74,-3.26,3.26,,,,0.7874999999999999,HIGH,recent demand momentum,inventory coverage,promotion context
2026-08-22,S03,P174,10.0,10.284,0.2840000000000007,0.2840000000000007,,,,0.7874999999999999,HIGH,recent demand momentum,inventory coverage,promotion context
2026-08-24,S03,P174,9.0,11.232,2.2319999999999993,2.2319999999999993,,,,0.7874999999999999,HIGH,recent demand momentum,inventory coverage,promotion context
2026-08-21,S03,P175,13.0,8.408,-4.5920000000000005,4.5920000000000005,,,,0.7874999999999999,HIGH,recent demand momentum,inventory coverage,promotion context
2026-08-23,S03,P175,14.0,11.064,-2.936,2.936,,,,0.7874999999999999,HIGH,recent demand momentum,inventory coverage,promotion context
2026-08-24,S03,P175,16.0,14.672,-1.3279999999999994,1.3279999999999994,,,,0.7874999999999999,HIGH,recent demand momentum,inventory coverage,promotion context
2026-08-25,S03,P175,11.0,12.696,1.6959999999999997,1.6959999999999997,0.0,LOW,0.0,0.7874999999999999,HIGH,recent demand momentum,inventory coverage,promotion context
2026-08-20,S03,P176,163.0,165.032,2.0320000000000107,2.0320000000000107,,,,0.7874999999999999,HIGH,recent demand momentum,inventory coverage,promotion context
2026-08-21,S03,P176,156.0,166.148,10.147999999999996,10.147999999999996,,,,0.7874999999999999,HIGH,recent demand momentum,inventory coverage,promotion context
2026-08-22,S03,P176,175.0,165.796,-9.204000000000008,9.204000000000008,,,,0.7874999999999999,HIGH,recent demand momentum,inventory coverage,promotion context
2026-08-23,S03,P176,169.0,167.084,-1.9159999999999968,1.9159999999999968,,,,0.7874999999999999,HIGH,recent demand momentum,inventory coverage,promotion context
2026-08-24,S03,P176,173.0,163.86,-9.139999999999986,9.139999999999986,,,,0.7874999999999999,HIGH,recent demand momentum,inventory coverage,promotion context
2026-08-25,S03,P176,150.0,163.516,13.515999999999991,13.515999999999991,0.0,LOW,0.0,0.7874999999999999,HIGH,recent demand momentum,inventory coverage,promotion context
2026-08-20,S03,P177,32.0,36.24,4.240000000000002,4.240000000000002,,,,0.7874999999999999,HIGH,recent demand momentum,inventory coverage,promotion context
2026-08-21,S03,P177,37.0,28.856,-8.143999999999998,8.143999999999998,,,,0.7874999999999999,HIGH,recent demand momentum,inventory coverage,promotion context
2026-08-22,S03,P177,40.0,30.288,-9.712,9.712,,,,0.7874999999999999,HIGH,recent demand momentum,inventory coverage,promotion context
2026-08-24,S03,P177,50.0,25.956,-24.044,24.044,,,,0.7874999999999999,HIGH,recent demand momentum,inventory coverage,promotion context
2026-08-25,S03,P177,48.0,27.384,-20.616,20.616,0.0,LOW,0.0,0.7874999999999999,HIGH,recent demand momentum,inventory coverage,promotion context
2026-08-20,S03,P178,16.0,23.108,7.1080000000000005,7.1080000000000005,,,,0.7874999999999999,HIGH,recent demand momentum,inventory coverage,promotion context
2026-08-22,S03,P178,19.0,25.232,6.231999999999999,6.231999999999999,,,,0.7874999999999999,HIGH,recent demand momentum,inventory coverage,promotion context
2026-08-23,S03,P178,18.0,25.408,7.408000000000001,7.408000000000001,,,,0.7874999999999999,HIGH,recent demand momentum,inventory coverage,promotion context
2026-08-24,S03,P178,19.0,26.128,7.128,7.128,,,,0.7874999999999999,HIGH,recent demand momentum,inventory coverage,promotion context
2026-08-25,S03,P178,14.0,23.156,9.155999999999999,9.155999999999999,0.0,LOW,0.0,0.7874999999999999,HIGH,recent demand momentum,inventory coverage,promotion context
2026-08-20,S03,P179,14.0,6.064,-7.936,7.936,,,,0.7874999999999999,HIGH,recent demand momentum,inventory coverage,promotion context
2026-08-21,S03,P179,13.0,8.296,-4.704000000000001,4.704000000000001,,,,0.7874999999999999,HIGH,recent demand momentum,inventory coverage,promotion context
2026-08-22,S03,P179,10.0,7.396,-2.604,2.604,,,,0.7874999999999999,HIGH,recent demand momentum,inventory coverage,promotion context
2026-08-25,S03,P179,7.0,8.28,1.2799999999999994,1.2799999999999994,,,,0.7874999999999999,HIGH,recent demand momentum,inventory coverage,promotion context
2026-08-20,S03,P180,86.0,91.572,5.572000000000003,5.572000000000003,,,,0.7874999999999999,HIGH,recent demand momentum,inventory coverage,promotion context
2026-08-21,S03,P180,83.0,93.004,10.004000000000005,10.004000000000005,,,,0.7874999999999999,HIGH,recent demand momentum,inventory coverage,promotion context
2026-08-22,S03,P180,93.0,97.056,4.055999999999997,4.055999999999997,,,,0.7874999999999999,HIGH,recent demand momentum,inventory coverage,promotion context
2026-08-23,S03,P180,88.0,99.396,11.396,11.396,,,,0.7874999999999999,HIGH,recent demand momentum,inventory coverage,promotion context
2026-08-24,S03,P180,94.0,91.94,-2.0600000000000023,2.0600000000000023,,,,0.7874999999999999,HIGH,recent demand momentum,inventory coverage,promotion context
2026-08-25,S03,P180,76.0,97.768,21.768,21.768,,,,0.7874999999999999,HIGH,recent demand momentum,inventory coverage,promotion context
2026-08-20,S03,P181,58.0,34.004,-23.996000000000002,23.996000000000002,,,,0.7874999999999999,HIGH,recent demand momentum,inventory coverage,promotion context
2026-08-21,S03,P181,51.0,32.912,-18.088,18.088,,,,0.7874999999999999,HIGH,recent demand momentum,inventory coverage,promotion context
2026-08-22,S03,P181,46.0,33.836,-12.164000000000001,12.164000000000001,,,,0.7874999999999999,HIGH,recent demand momentum,inventory coverage,promotion context
2026-08-23,S03,P181,48.0,36.428,-11.572000000000003,11.572000000000003,,,,0.7874999999999999,HIGH,recent demand momentum,inventory coverage,promotion context
2026-08-24,S03,P181,44.0,33.696,-10.304000000000002,10.304000000000002,,,,0.7874999999999999,HIGH,recent demand momentum,inventory coverage,promotion context
2026-08-25,S03,P181,41.0,33.54,-7.460000000000001,7.460000000000001,0.0,LOW,0.0,0.7874999999999999,HIGH,recent demand momentum,inventory coverage,promotion context
2026-08-20,S03,P182,15.0,15.936,0.9359999999999999,0.9359999999999999,,,,0.7874999999999999,HIGH,recent demand momentum,inventory coverage,promotion context
2026-08-21,S03,P182,20.0,22.7,2.6999999999999993,2.6999999999999993,,,,0.7874999999999999,HIGH,recent demand momentum,inventory coverage,promotion context
2026-08-22,S03,P182,19.0,14.628,-4.372,4.372,,,,0.7874999999999999,HIGH,recent demand momentum,inventory coverage,promotion context
2026-08-23,S03,P182,15.0,14.508,-0.4920000000000009,0.4920000000000009,,,,0.7874999999999999,HIGH,recent demand momentum,inventory coverage,promotion context
2026-08-24,S03,P182,13.0,21.956,8.956,8.956,,,,0.7874999999999999,HIGH,recent demand momentum,inventory coverage,promotion context
2026-08-25,S03,P182,12.0,23.392,11.392,11.392,0.0,LOW,0.0,0.7874999999999999,HIGH,recent demand momentum,inventory coverage,promotion context
2026-08-20,S03,P183,358.0,342.488,-15.512,15.512,,,,0.7874999999999999,HIGH,recent demand momentum,inventory coverage,promotion context
2026-08-21,S03,P183,349.0,342.748,-6.2520000000000095,6.2520000000000095,,,,0.7874999999999999,HIGH,recent demand momentum,inventory coverage,promotion context
2026-08-22,S03,P183,375.0,338.648,-36.351999999999975,36.351999999999975,,,,0.7874999999999999,HIGH,recent demand momentum,inventory coverage,promotion context
2026-08-23,S03,P183,387.0,344.452,-42.548,42.548,,,,0.7874999999999999,HIGH,recent demand momentum,inventory coverage,promotion context
2026-08-24,S03,P183,357.0,343.796,-13.204000000000008,13.204000000000008,,,,0.7874999999999999,HIGH,recent demand momentum,inventory coverage,promotion context
2026-08-25,S03,P183,294.0,329.636,35.636000000000024,35.636000000000024,0.0,LOW,0.0,0.7874999999999999,HIGH,recent demand momentum,inventory coverage,promotion context
2026-08-20,S03,P184,13.0,10.912,-2.087999999999999,2.087999999999999,,,,0.7874999999999999,HIGH,recent demand momentum,inventory coverage,promotion context
2026-08-21,S03,P184,7.0,11.556,4.555999999999999,4.555999999999999,,,,0.7874999999999999,HIGH,recent demand momentum,inventory coverage,promotion context
2026-08-22,S03,P184,6.0,11.76,5.76,5.76,,,,0.7874999999999999,HIGH,recent demand momentum,inventory coverage,promotion context
2026-08-23,S03,P184,11.0,10.972,-0.02800000000000047,0.02800000000000047,,,,0.7874999999999999,HIGH,recent demand momentum,inventory coverage,promotion context
2026-08-25,S03,P184,11.0,13.5,2.5,2.5,,,,0.7874999999999999,HIGH,recent demand momentum,inventory coverage,promotion context
2026-08-20,S03,P185,33.0,32.684,-0.3160000000000025,0.3160000000000025,,,,0.7874999999999999,HIGH,recent demand momentum,inventory coverage,promotion context
2026-08-21,S03,P185,27.0,31.0,4.0,4.0,,,,0.7874999999999999,HIGH,recent demand momentum,inventory coverage,promotion context
2026-08-23,S03,P185,24.0,31.488,7.4879999999999995,7.4879999999999995,,,,0.7874999999999999,HIGH,recent demand momentum,inventory coverage,promotion context
2026-08-24,S03,P185,27.0,28.748,1.748000000000001,1.748000000000001,,,,0.7874999999999999,HIGH,recent demand momentum,inventory coverage,promotion context
2026-08-25,S03,P185,23.0,30.276,7.276,7.276,0.0,LOW,0.0,0.7874999999999999,HIGH,recent demand momentum,inventory coverage,promotion context
2026-08-20,S03,P186,78.0,67.732,-10.268,10.268,,,,0.7874999999999999,HIGH,recent demand momentum,inventory coverage,promotion context
2026-08-21,S03,P186,74.0,67.824,-6.176000000000002,6.176000000000002,,,,0.7874999999999999,HIGH,recent demand momentum,inventory coverage,promotion context
2026-08-22,S03,P186,68.0,68.404,0.40399999999999636,0.40399999999999636,,,,0.7874999999999999,HIGH,recent demand momentum,inventory coverage,promotion context
2026-08-23,S03,P186,57.0,64.232,7.231999999999999,7.231999999999999,,,,0.7874999999999999,HIGH,recent demand momentum,inventory coverage,promotion context
2026-08-24,S03,P186,69.0,68.376,-0.6239999999999952,0.6239999999999952,,,,0.7874999999999999,HIGH,recent demand momentum,inventory coverage,promotion context
2026-08-25,S03,P186,54.0,65.536,11.536000000000001,11.536000000000001,0.0,LOW,0.0,0.7874999999999999,HIGH,recent demand momentum,inventory coverage,promotion context
2026-08-20,S03,P187,35.0,40.54,5.539999999999999,5.539999999999999,,,,0.7874999999999999,HIGH,recent demand momentum,inventory coverage,promotion context
2026-08-21,S03,P187,38.0,44.632,6.631999999999998,6.631999999999998,,,,0.7874999999999999,HIGH,recent demand momentum,inventory coverage,promotion context
2026-08-22,S03,P187,35.0,41.896,6.896000000000001,6.896000000000001,,,,0.7874999999999999,HIGH,recent demand momentum,inventory coverage,promotion context
2026-08-23,S03,P187,40.0,40.404,0.40400000000000347,0.40400000000000347,,,,0.7874999999999999,HIGH,recent demand momentum,inventory coverage,promotion context
2026-08-24,S03,P187,33.0,41.152,8.152000000000001,8.152000000000001,,,,0.7874999999999999,HIGH,recent demand momentum,inventory coverage,promotion context
2026-08-20,S03,P188,85.0,89.032,4.0319999999999965,4.0319999999999965,,,,0.7874999999999999,HIGH,recent demand momentum,inventory coverage,promotion context
2026-08-21,S03,P188,97.0,88.148,-8.852000000000004,8.852000000000004,,,,0.7874999999999999,HIGH,recent demand momentum,inventory coverage,promotion context
2026-08-22,S03,P188,89.0,84.012,-4.9879999999999995,4.9879999999999995,,,,0.7874999999999999,HIGH,recent demand momentum,inventory coverage,promotion context
2026-08-23,S03,P188,93.0,87.228,-5.772000000000006,5.772000000000006,,,,0.7874999999999999,HIGH,recent demand momentum,inventory coverage,promotion context
2026-08-24,S03,P188,90.0,83.588,-6.412000000000006,6.412000000000006,,,,0.7874999999999999,HIGH,recent demand momentum,inventory coverage,promotion context
2026-08-25,S03,P188,85.0,91.304,6.304000000000002,6.304000000000002,0.0,LOW,0.0,0.7874999999999999,HIGH,recent demand momentum,inventory coverage,promotion context
2026-08-20,S03,P189,15.0,23.328,8.328,8.328,,,,0.7874999999999999,HIGH,recent demand momentum,inventory coverage,promotion context
2026-08-22,S03,P189,17.0,25.516,8.515999999999998,8.515999999999998,,,,0.7874999999999999,HIGH,recent demand momentum,inventory coverage,promotion context
2026-08-23,S03,P189,16.0,22.08,6.079999999999998,6.079999999999998,,,,0.7874999999999999,HIGH,recent demand momentum,inventory coverage,promotion context
2026-08-24,S03,P189,11.0,22.5,11.5,11.5,,,,0.7874999999999999,HIGH,recent demand momentum,inventory coverage,promotion context
2026-08-25,S03,P189,9.0,21.928,12.928,12.928,0.0,LOW,0.0,0.7874999999999999,HIGH,recent demand momentum,inventory coverage,promotion context
2026-08-20,S03,P190,16.0,25.408,9.408000000000001,9.408000000000001,,,,0.7874999999999999,HIGH,recent demand momentum,inventory coverage,promotion context
2026-08-21,S03,P190,14.0,28.344,14.344000000000001,14.344000000000001,,,,0.7874999999999999,HIGH,recent demand momentum,inventory coverage,promotion context
2026-08-22,S03,P190,15.0,28.196,13.196000000000002,13.196000000000002,,,,0.7874999999999999,HIGH,recent demand momentum,inventory coverage,promotion context
2026-08-24,S03,P190,15.0,23.792,8.792000000000002,8.792000000000002,,,,0.7874999999999999,HIGH,recent demand momentum,inventory coverage,promotion context
2026-08-20,S03,P191,38.0,40.972,2.9720000000000013,2.9720000000000013,,,,0.7874999999999999,HIGH,recent demand momentum,inventory coverage,promotion context
2026-08-21,S03,P191,36.0,37.508,1.5080000000000027,1.5080000000000027,,,,0.7874999999999999,HIGH,recent demand momentum,inventory coverage,promotion context
2026-08-22,S03,P191,26.0,38.624,12.624000000000002,12.624000000000002,,,,0.7874999999999999,HIGH,recent demand momentum,inventory coverage,promotion context
2026-08-23,S03,P191,27.0,40.284,13.283999999999999,13.283999999999999,,,,0.7874999999999999,HIGH,recent demand momentum,inventory coverage,promotion context
2026-08-24,S03,P191,25.0,42.588,17.588,17.588,,,,0.7874999999999999,HIGH,recent demand momentum,inventory coverage,promotion context
2026-08-25,S03,P191,22.0,41.74,19.740000000000002,19.740000000000002,0.0,LOW,0.0,0.7874999999999999,HIGH,recent demand momentum,inventory coverage,promotion context
2026-08-20,S03,P192,36.0,30.828,-5.172000000000001,5.172000000000001,,,,0.7874999999999999,HIGH,recent demand momentum,inventory coverage,promotion context
2026-08-21,S03,P192,37.0,34.18,-2.8200000000000003,2.8200000000000003,,,,0.7874999999999999,HIGH,recent demand momentum,inventory coverage,promotion context
2026-08-22,S03,P192,37.0,32.552,-4.448,4.448,,,,0.7874999999999999,HIGH,recent demand momentum,inventory coverage,promotion context
2026-08-23,S03,P192,37.0,33.928,-3.0720000000000027,3.0720000000000027,,,,0.7874999999999999,HIGH,recent demand momentum,inventory coverage,promotion context
2026-08-24,S03,P192,39.0,43.056,4.055999999999997,4.055999999999997,,,,0.7874999999999999,HIGH,recent demand momentum,inventory coverage,promotion context
2026-08-25,S03,P192,35.0,36.512,1.5120000000000005,1.5120000000000005,0.0,LOW,0.0,0.7874999999999999,HIGH,recent demand momentum,inventory coverage,promotion context
2026-08-20,S03,P193,72.0,63.14,-8.86,8.86,,,,0.7874999999999999,HIGH,recent demand momentum,inventory coverage,promotion context
2026-08-21,S03,P193,70.0,58.132,-11.868000000000002,11.868000000000002,,,,0.7874999999999999,HIGH,recent demand momentum,inventory coverage,promotion context
2026-08-22,S03,P193,67.0,65.964,-1.0360000000000014,1.0360000000000014,,,,0.7874999999999999,HIGH,recent demand momentum,inventory coverage,promotion context
2026-08-23,S03,P193,69.0,60.42,-8.579999999999998,8.579999999999998,,,,0.7874999999999999,HIGH,recent demand momentum,inventory coverage,promotion context
2026-08-24,S03,P193,67.0,56.584,-10.415999999999997,10.415999999999997,,,,0.7874999999999999,HIGH,recent demand momentum,inventory coverage,promotion context
2026-08-25,S03,P193,55.0,60.384,5.384,5.384,0.0,LOW,0.0,0.7874999999999999,HIGH,recent demand momentum,inventory coverage,promotion context
2026-08-20,S03,P194,22.0,38.132,16.131999999999998,16.131999999999998,,,,0.7874999999999999,HIGH,recent demand momentum,inventory coverage,promotion context
2026-08-21,S03,P194,22.0,39.28,17.28,17.28,,,,0.7874999999999999,HIGH,recent demand momentum,inventory coverage,promotion context
2026-08-22,S03,P194,28.0,40.06,12.060000000000002,12.060000000000002,,,,0.7874999999999999,HIGH,recent demand momentum,inventory coverage,promotion context
2026-08-23,S03,P194,28.0,42.224,14.223999999999997,14.223999999999997,,,,0.7874999999999999,HIGH,recent demand momentum,inventory coverage,promotion context
2026-08-24,S03,P194,29.0,41.896,12.896,12.896,,,,0.7874999999999999,HIGH,recent demand momentum,inventory coverage,promotion context
2026-08-25,S03,P194,23.0,39.168,16.168,16.168,0.0,LOW,0.0,0.7874999999999999,HIGH,recent demand momentum,inventory coverage,promotion context
2026-08-20,S03,P195,41.0,70.312,29.311999999999998,29.311999999999998,,,,0.7874999999999999,HIGH,recent demand momentum,inventory coverage,promotion context
2026-08-21,S03,P195,44.0,64.7,20.700000000000003,20.700000000000003,,,,0.7874999999999999,HIGH,recent demand momentum,inventory coverage,promotion context
2026-08-22,S03,P195,39.0,65.016,26.016000000000005,26.016000000000005,,,,0.7874999999999999,HIGH,recent demand momentum,inventory coverage,promotion context
2026-08-23,S03,P195,42.0,64.44,22.439999999999998,22.439999999999998,,,,0.7874999999999999,HIGH,recent demand momentum,inventory coverage,promotion context
2026-08-24,S03,P195,48.0,68.048,20.048000000000002,20.048000000000002,,,,0.7874999999999999,HIGH,recent demand momentum,inventory coverage,promotion context
2026-08-25,S03,P195,38.0,75.004,37.004000000000005,37.004000000000005,,,,0.7874999999999999,HIGH,recent demand momentum,inventory coverage,promotion context
2026-08-20,S03,P196,37.0,44.52,7.520000000000003,7.520000000000003,,,,0.7874999999999999,HIGH,recent demand momentum,inventory coverage,promotion context
2026-08-21,S03,P196,36.0,38.628,2.628,2.628,,,,0.7874999999999999,HIGH,recent demand momentum,inventory coverage,promotion context
2026-08-22,S03,P196,37.0,35.648,-1.3519999999999968,1.3519999999999968,,,,0.7874999999999999,HIGH,recent demand momentum,inventory coverage,promotion context
2026-08-23,S03,P196,30.0,30.88,0.879999999999999,0.879999999999999,,,,0.7874999999999999,HIGH,recent demand momentum,inventory coverage,promotion context
2026-08-24,S03,P196,38.0,33.7,-4.299999999999997,4.299999999999997,,,,0.7874999999999999,HIGH,recent demand momentum,inventory coverage,promotion context
2026-08-25,S03,P196,35.0,38.772,3.7719999999999985,3.7719999999999985,0.0,LOW,0.0,0.7874999999999999,HIGH,recent demand momentum,inventory coverage,promotion context
2026-08-22,S03,P197,33.0,27.604,-5.396000000000001,5.396000000000001,,,,0.7874999999999999,HIGH,recent demand momentum,inventory coverage,promotion context
2026-08-23,S03,P197,29.0,33.544,4.543999999999997,4.543999999999997,,,,0.7874999999999999,HIGH,recent demand momentum,inventory coverage,promotion context
2026-08-24,S03,P197,28.0,25.652,-2.347999999999999,2.347999999999999,,,,0.7874999999999999,HIGH,recent demand momentum,inventory coverage,promotion context
2026-08-25,S03,P197,26.0,34.836,8.835999999999999,8.835999999999999,0.0,LOW,0.0,0.7874999999999999,HIGH,recent demand momentum,inventory coverage,promotion context
2026-08-20,S03,P198,44.0,36.124,-7.875999999999998,7.875999999999998,,,,0.7874999999999999,HIGH,recent demand momentum,inventory coverage,promotion context
2026-08-22,S03,P198,53.0,37.476,-15.524000000000001,15.524000000000001,,,,0.7874999999999999,HIGH,recent demand momentum,inventory coverage,promotion context
2026-08-23,S03,P198,58.0,35.464,-22.536,22.536,,,,0.7874999999999999,HIGH,recent demand momentum,inventory coverage,promotion context
2026-08-24,S03,P198,51.0,37.944,-13.055999999999997,13.055999999999997,,,,0.7874999999999999,HIGH,recent demand momentum,inventory coverage,promotion context
2026-08-25,S03,P198,43.0,38.556,-4.444000000000003,4.444000000000003,0.0,LOW,0.0,0.7874999999999999,HIGH,recent demand momentum,inventory coverage,promotion context
2026-08-20,S03,P199,111.0,136.652,25.651999999999987,25.651999999999987,,,,0.7874999999999999,HIGH,recent demand momentum,inventory coverage,promotion context
2026-08-21,S03,P199,131.0,135.58,4.5800000000000125,4.5800000000000125,,,,0.7874999999999999,HIGH,recent demand momentum,inventory coverage,promotion context
2026-08-22,S03,P199,146.0,134.94,-11.060000000000002,11.060000000000002,,,,0.7874999999999999,HIGH,recent demand momentum,inventory coverage,promotion context
2026-08-23,S03,P199,133.0,143.144,10.144000000000005,10.144000000000005,,,,0.7874999999999999,HIGH,recent demand momentum,inventory coverage,promotion context
2026-08-24,S03,P199,129.0,136.904,7.903999999999996,7.903999999999996,,,,0.7874999999999999,HIGH,recent demand momentum,inventory coverage,promotion context
2026-08-25,S03,P199,118.0,135.516,17.51599999999999,17.51599999999999,0.0,LOW,0.0,0.7874999999999999,HIGH,recent demand momentum,inventory coverage,promotion context
2026-08-20,S03,P200,90.0,68.988,-21.012,21.012,,,,0.7874999999999999,HIGH,recent demand momentum,inventory coverage,promotion context
2026-08-21,S03,P200,106.0,67.128,-38.872,38.872,,,,0.7874999999999999,HIGH,recent demand momentum,inventory coverage,promotion context
2026-08-22,S03,P200,98.0,71.604,-26.396,26.396,,,,0.7874999999999999,HIGH,recent demand momentum,inventory coverage,promotion context
2026-08-23,S03,P200,91.0,72.504,-18.495999999999995,18.495999999999995,,,,0.7874999999999999,HIGH,recent demand momentum,inventory coverage,promotion context
2026-08-24,S03,P200,76.0,68.384,-7.616,7.616,,,,0.7874999999999999,HIGH,recent demand momentum,inventory coverage,promotion context
2026-08-25,S03,P200,68.0,68.292,0.2920000000000016,0.2920000000000016,0.0,LOW,0.0,0.7874999999999999,HIGH,recent demand momentum,inventory coverage,promotion context
2026-08-20,S03,P201,142.0,140.492,-1.5080000000000098,1.5080000000000098,,,,0.7874999999999999,HIGH,recent demand momentum,inventory coverage,promotion context
2026-08-21,S03,P201,139.0,141.02,2.0200000000000102,2.0200000000000102,,,,0.7874999999999999,HIGH,recent demand momentum,inventory coverage,promotion context
2026-08-22,S03,P201,152.0,137.068,-14.931999999999988,14.931999999999988,,,,0.7874999999999999,HIGH,recent demand momentum,inventory coverage,promotion context
2026-08-23,S03,P201,157.0,144.42,-12.580000000000013,12.580000000000013,,,,0.7874999999999999,HIGH,recent demand momentum,inventory coverage,promotion context
2026-08-24,S03,P201,152.0,136.956,-15.044000000000011,15.044000000000011,,,,0.7874999999999999,HIGH,recent demand momentum,inventory coverage,promotion context
2026-08-25,S03,P201,131.0,142.62,11.620000000000005,11.620000000000005,,,,0.7874999999999999,HIGH,recent demand momentum,inventory coverage,promotion context
2026-08-21,S03,P202,0.0,4.54,4.54,4.54,,,,0.7874999999999999,HIGH,recent demand momentum,inventory coverage,promotion context
2026-08-20,S03,P203,4.0,9.14,5.140000000000001,5.140000000000001,,,,0.7874999999999999,HIGH,recent demand momentum,inventory coverage,promotion context
2026-08-22,S03,P203,8.0,7.524,-0.476,0.476,,,,0.7874999999999999,HIGH,recent demand momentum,inventory coverage,promotion context
2026-08-23,S03,P203,6.0,6.568,0.5679999999999996,0.5679999999999996,,,,0.7874999999999999,HIGH,recent demand momentum,inventory coverage,promotion context
2026-08-22,S03,P204,5.0,8.464,3.4640000000000004,3.4640000000000004,,,,0.7874999999999999,HIGH,recent demand momentum,inventory coverage,promotion context
2026-08-23,S03,P204,4.0,9.04,5.039999999999999,5.039999999999999,,,,0.7874999999999999,HIGH,recent demand momentum,inventory coverage,promotion context
2026-08-20,S03,P205,9.0,17.124,8.123999999999999,8.123999999999999,,,,0.7874999999999999,HIGH,recent demand momentum,inventory coverage,promotion context
2026-08-22,S03,P205,7.0,17.556,10.556000000000001,10.556000000000001,,,,0.7874999999999999,HIGH,recent demand momentum,inventory coverage,promotion context
2026-08-24,S03,P205,6.0,15.152,9.152,9.152,,,,0.7874999999999999,HIGH,recent demand momentum,inventory coverage,promotion context
2026-08-25,S03,P205,5.0,16.54,11.54,11.54,,,,0.7874999999999999,HIGH,recent demand momentum,inventory coverage,promotion context
2026-08-24,S03,P206,10.0,8.148,-1.8520000000000003,1.8520000000000003,,,,0.7874999999999999,HIGH,recent demand momentum,inventory coverage,promotion context
2026-08-20,S03,P207,0.0,5.472,5.472,5.472,,,,0.7874999999999999,HIGH,recent demand momentum,inventory coverage,promotion context
2026-08-20,S03,P208,11.0,15.092,4.0920000000000005,4.0920000000000005,,,,0.7874999999999999,HIGH,recent demand momentum,inventory coverage,promotion context
2026-08-21,S03,P208,7.0,22.552,15.552,15.552,,,,0.7874999999999999,HIGH,recent demand momentum,inventory coverage,promotion context
2026-08-25,S03,P208,4.0,16.532,12.532,12.532,0.0,LOW,0.0,0.7874999999999999,HIGH,recent demand momentum,inventory coverage,promotion context
2026-08-20,S03,P209,13.0,9.06,-3.9399999999999995,3.9399999999999995,,,,0.7874999999999999,HIGH,recent demand momentum,inventory coverage,promotion context
2026-08-21,S03,P209,15.0,12.1,-2.9000000000000004,2.9000000000000004,,,,0.7874999999999999,HIGH,recent demand momentum,inventory coverage,promotion context
2026-08-22,S03,P209,15.0,15.016,0.016000000000000014,0.016000000000000014,,,,0.7874999999999999,HIGH,recent demand momentum,inventory coverage,promotion context
2026-08-24,S03,P209,12.0,10.672,-1.3279999999999994,1.3279999999999994,,,,0.7874999999999999,HIGH,recent demand momentum,inventory coverage,promotion context
2026-08-25,S03,P209,11.0,13.6,2.5999999999999996,2.5999999999999996,,,,0.7874999999999999,HIGH,recent demand momentum,inventory coverage,promotion context
2026-08-20,S03,P210,7.0,9.624,2.6240000000000006,2.6240000000000006,,,,0.7874999999999999,HIGH,recent demand momentum,inventory coverage,promotion context
2026-08-21,S03,P210,6.0,14.116,8.116,8.116,,,,0.7874999999999999,HIGH,recent demand momentum,inventory coverage,promotion context
2026-08-25,S03,P210,5.0,7.38,2.38,2.38,0.0,LOW,0.0,0.7874999999999999,HIGH,recent demand momentum,inventory coverage,promotion context
2026-08-20,S03,P211,56.0,51.92,-4.079999999999998,4.079999999999998,,,,0.7874999999999999,HIGH,recent demand momentum,inventory coverage,promotion context
2026-08-21,S03,P211,49.0,52.1,3.1000000000000014,3.1000000000000014,,,,0.7874999999999999,HIGH,recent demand momentum,inventory coverage,promotion context
2026-08-22,S03,P211,53.0,53.276,0.27600000000000335,0.27600000000000335,,,,0.7874999999999999,HIGH,recent demand momentum,inventory coverage,promotion context
2026-08-23,S03,P211,46.0,50.14,4.140000000000001,4.140000000000001,,,,0.7874999999999999,HIGH,recent demand momentum,inventory coverage,promotion context
2026-08-24,S03,P211,48.0,58.048,10.048000000000002,10.048000000000002,,,,0.7874999999999999,HIGH,recent demand momentum,inventory coverage,promotion context
2026-08-25,S03,P211,42.0,59.528,17.528,17.528,0.0,LOW,0.0,0.7874999999999999,HIGH,recent demand momentum,inventory coverage,promotion context
2026-08-20,S03,P212,67.0,77.392,10.391999999999996,10.391999999999996,,,,0.7874999999999999,HIGH,recent demand momentum,inventory coverage,promotion context
2026-08-21,S03,P212,84.0,70.728,-13.272000000000006,13.272000000000006,,,,0.7874999999999999,HIGH,recent demand momentum,inventory coverage,promotion context
2026-08-22,S03,P212,79.0,75.672,-3.328000000000003,3.328000000000003,,,,0.7874999999999999,HIGH,recent demand momentum,inventory coverage,promotion context
2026-08-23,S03,P212,80.0,69.68,-10.319999999999993,10.319999999999993,,,,0.7874999999999999,HIGH,recent demand momentum,inventory coverage,promotion context
2026-08-24,S03,P212,72.0,66.856,-5.1440000000000055,5.1440000000000055,,,,0.7874999999999999,HIGH,recent demand momentum,inventory coverage,promotion context
2026-08-25,S03,P212,60.0,72.592,12.591999999999999,12.591999999999999,0.0,LOW,0.0,0.7874999999999999,HIGH,recent demand momentum,inventory coverage,promotion context
2026-08-20,S03,P213,61.0,70.648,9.647999999999996,9.647999999999996,,,,0.7874999999999999,HIGH,recent demand momentum,inventory coverage,promotion context
2026-08-21,S03,P213,74.0,68.116,-5.884,5.884,,,,0.7874999999999999,HIGH,recent demand momentum,inventory coverage,promotion context
2026-08-22,S03,P213,69.0,67.804,-1.195999999999998,1.195999999999998,,,,0.7874999999999999,HIGH,recent demand momentum,inventory coverage,promotion context
2026-08-23,S03,P213,70.0,69.704,-0.2960000000000065,0.2960000000000065,,,,0.7874999999999999,HIGH,recent demand momentum,inventory coverage,promotion context
2026-08-24,S03,P213,67.0,65.484,-1.5160000000000053,1.5160000000000053,,,,0.7874999999999999,HIGH,recent demand momentum,inventory coverage,promotion context
2026-08-25,S03,P213,56.0,66.3,10.299999999999997,10.299999999999997,0.0,LOW,0.0,0.7874999999999999,HIGH,recent demand momentum,inventory coverage,promotion context
2026-08-20,S03,P214,23.0,11.56,-11.44,11.44,,,,0.7874999999999999,HIGH,recent demand momentum,inventory coverage,promotion context
2026-08-22,S03,P214,23.0,9.488,-13.512,13.512,,,,0.7874999999999999,HIGH,recent demand momentum,inventory coverage,promotion context
2026-08-23,S03,P214,30.0,11.208,-18.792,18.792,,,,0.7874999999999999,HIGH,recent demand momentum,inventory coverage,promotion context
2026-08-25,S03,P214,28.0,10.36,-17.64,17.64,,,,0.7874999999999999,HIGH,recent demand momentum,inventory coverage,promotion context
2026-08-20,S03,P215,37.0,43.052,6.052,6.052,,,,0.7874999999999999,HIGH,recent demand momentum,inventory coverage,promotion context
2026-08-21,S03,P215,38.0,44.728,6.7280000000000015,6.7280000000000015,,,,0.7874999999999999,HIGH,recent demand momentum,inventory coverage,promotion context
2026-08-22,S03,P215,44.0,40.764,-3.235999999999997,3.235999999999997,,,,0.7874999999999999,HIGH,recent demand momentum,inventory coverage,promotion context
2026-08-23,S03,P215,50.0,44.508,-5.491999999999997,5.491999999999997,,,,0.7874999999999999,HIGH,recent demand momentum,inventory coverage,promotion context
2026-08-24,S03,P215,44.0,45.7,1.7000000000000028,1.7000000000000028,,,,0.7874999999999999,HIGH,recent demand momentum,inventory coverage,promotion context
2026-08-25,S03,P215,38.0,46.2,8.200000000000003,8.200000000000003,0.0,LOW,0.0,0.7874999999999999,HIGH,recent demand momentum,inventory coverage,promotion context
2026-08-20,S03,P216,16.0,26.004,10.004000000000001,10.004000000000001,,,,0.7874999999999999,HIGH,recent demand momentum,inventory coverage,promotion context
2026-08-21,S03,P216,19.0,27.16,8.16,8.16,,,,0.7874999999999999,HIGH,recent demand momentum,inventory coverage,promotion context
2026-08-22,S03,P216,15.0,26.836,11.835999999999999,11.835999999999999,,,,0.7874999999999999,HIGH,recent demand momentum,inventory coverage,promotion context
2026-08-23,S03,P216,14.0,25.284,11.283999999999999,11.283999999999999,,,,0.7874999999999999,HIGH,recent demand momentum,inventory coverage,promotion context
2026-08-24,S03,P216,17.0,27.44,10.440000000000001,10.440000000000001,,,,0.7874999999999999,HIGH,recent demand momentum,inventory coverage,promotion context
2026-08-21,S03,P217,14.0,19.308,5.308,5.308,,,,0.7874999999999999,HIGH,recent demand momentum,inventory coverage,promotion context
2026-08-22,S03,P217,15.0,15.332,0.33200000000000074,0.33200000000000074,,,,0.7874999999999999,HIGH,recent demand momentum,inventory coverage,promotion context
2026-08-23,S03,P217,13.0,15.284,2.2840000000000007,2.2840000000000007,,,,0.7874999999999999,HIGH,recent demand momentum,inventory coverage,promotion context
2026-08-24,S03,P217,17.0,14.972,-2.0280000000000005,2.0280000000000005,,,,0.7874999999999999,HIGH,recent demand momentum,inventory coverage,promotion context
2026-08-25,S03,P217,12.0,18.048,6.047999999999998,6.047999999999998,0.0,LOW,0.0,0.7874999999999999,HIGH,recent demand momentum,inventory coverage,promotion context
2026-08-20,S03,P218,36.0,36.412,0.41199999999999903,0.41199999999999903,,,,0.7874999999999999,HIGH,recent demand momentum,inventory coverage,promotion context
2026-08-21,S03,P218,36.0,35.988,-0.012000000000000455,0.012000000000000455,,,,0.7874999999999999,HIGH,recent demand momentum,inventory coverage,promotion context
2026-08-22,S03,P218,32.0,34.3,2.299999999999997,2.299999999999997,,,,0.7874999999999999,HIGH,recent demand momentum,inventory coverage,promotion context
2026-08-23,S03,P218,38.0,34.204,-3.7959999999999994,3.7959999999999994,,,,0.7874999999999999,HIGH,recent demand momentum,inventory coverage,promotion context
2026-08-24,S03,P218,21.0,36.24,15.240000000000002,15.240000000000002,,,,0.7874999999999999,HIGH,recent demand momentum,inventory coverage,promotion context
2026-08-25,S03,P218,20.0,35.832,15.832,15.832,0.0,LOW,0.0,0.7874999999999999,HIGH,recent demand momentum,inventory coverage,promotion context
2026-08-20,S03,P219,3.0,15.228,12.228,12.228,,,,0.7874999999999999,HIGH,recent demand momentum,inventory coverage,promotion context
2026-08-25,S03,P219,5.0,11.396,6.396000000000001,6.396000000000001,0.0,LOW,0.0,0.7874999999999999,HIGH,recent demand momentum,inventory coverage,promotion context
2026-08-21,S03,P220,14.0,9.376,-4.6240000000000006,4.6240000000000006,,,,0.7874999999999999,HIGH,recent demand momentum,inventory coverage,promotion context
2026-08-25,S03,P220,16.0,7.908,-8.091999999999999,8.091999999999999,0.0,LOW,0.0,0.7874999999999999,HIGH,recent demand momentum,inventory coverage,promotion context
2026-08-20,S04,P101,85.0,102.428,17.427999999999997,17.427999999999997,,,,0.7874999999999999,HIGH,recent demand momentum,inventory coverage,promotion context
2026-08-21,S04,P101,89.0,100.604,11.604,11.604,,,,0.7874999999999999,HIGH,recent demand momentum,inventory coverage,promotion context
2026-08-22,S04,P101,82.0,93.052,11.052000000000007,11.052000000000007,,,,0.7874999999999999,HIGH,recent demand momentum,inventory coverage,promotion context
2026-08-23,S04,P101,80.0,96.8,16.799999999999997,16.799999999999997,,,,0.7874999999999999,HIGH,recent demand momentum,inventory coverage,promotion context
2026-08-24,S04,P101,81.0,97.332,16.331999999999994,16.331999999999994,,,,0.7874999999999999,HIGH,recent demand momentum,inventory coverage,promotion context
2026-08-25,S04,P101,66.0,99.24,33.239999999999995,33.239999999999995,0.0,LOW,0.0,0.7874999999999999,HIGH,recent demand momentum,inventory coverage,promotion context
2026-08-25,S04,P102,7.0,5.88,-1.12,1.12,0.0,LOW,0.0,0.7874999999999999,HIGH,recent demand momentum,inventory coverage,promotion context
2026-08-20,S04,P103,148.0,174.124,26.123999999999995,26.123999999999995,,,,0.7874999999999999,HIGH,recent demand momentum,inventory coverage,promotion context
2026-08-21,S04,P103,159.0,174.596,15.596000000000004,15.596000000000004,,,,0.7874999999999999,HIGH,recent demand momentum,inventory coverage,promotion context
2026-08-22,S04,P103,162.0,172.62,10.620000000000005,10.620000000000005,,,,0.7874999999999999,HIGH,recent demand momentum,inventory coverage,promotion context
2026-08-23,S04,P103,171.0,171.312,0.3120000000000118,0.3120000000000118,,,,0.7874999999999999,HIGH,recent demand momentum,inventory coverage,promotion context
2026-08-24,S04,P103,193.0,176.384,-16.616000000000014,16.616000000000014,,,,0.7874999999999999,HIGH,recent demand momentum,inventory coverage,promotion context
2026-08-25,S04,P103,163.0,171.652,8.651999999999987,8.651999999999987,0.0,LOW,0.0,0.7874999999999999,HIGH,recent demand momentum,inventory coverage,promotion context
2026-08-20,S04,P104,18.0,25.676,7.675999999999998,7.675999999999998,,,,0.7874999999999999,HIGH,recent demand momentum,inventory coverage,promotion context
2026-08-22,S04,P104,19.0,32.512,13.512,13.512,,,,0.7874999999999999,HIGH,recent demand momentum,inventory coverage,promotion context
2026-08-23,S04,P104,14.0,34.992,20.991999999999997,20.991999999999997,,,,0.7874999999999999,HIGH,recent demand momentum,inventory coverage,promotion context
2026-08-24,S04,P104,17.0,35.36,18.36,18.36,,,,0.7874999999999999,HIGH,recent demand momentum,inventory coverage,promotion context
2026-08-21,S04,P105,12.0,12.544,0.5440000000000005,0.5440000000000005,,,,0.7874999999999999,HIGH,recent demand momentum,inventory coverage,promotion context
2026-08-23,S04,P105,20.0,13.288,-6.712,6.712,,,,0.7874999999999999,HIGH,recent demand momentum,inventory coverage,promotion context
2026-08-24,S04,P105,16.0,10.884,-5.116,5.116,,,,0.7874999999999999,HIGH,recent demand momentum,inventory coverage,promotion context
2026-08-21,S04,P106,6.0,6.612,0.6120000000000001,0.6120000000000001,,,,0.7874999999999999,HIGH,recent demand momentum,inventory coverage,promotion context
2026-08-22,S04,P106,5.0,11.596,6.596,6.596,,,,0.7874999999999999,HIGH,recent demand momentum,inventory coverage,promotion context
2026-08-21,S04,P108,8.0,7.748,-0.2519999999999998,0.2519999999999998,,,,0.7874999999999999,HIGH,recent demand momentum,inventory coverage,promotion context
2026-08-23,S04,P108,10.0,10.376,0.37599999999999945,0.37599999999999945,,,,0.7874999999999999,HIGH,recent demand momentum,inventory coverage,promotion context
2026-08-24,S04,P108,8.0,9.456,1.4559999999999995,1.4559999999999995,,,,0.7874999999999999,HIGH,recent demand momentum,inventory coverage,promotion context
2026-08-25,S04,P108,6.0,10.856,4.856,4.856,0.0,LOW,0.0,0.7874999999999999,HIGH,recent demand momentum,inventory coverage,promotion context
2026-08-20,S04,P109,45.0,35.608,-9.392000000000003,9.392000000000003,,,,0.7874999999999999,HIGH,recent demand momentum,inventory coverage,promotion context
2026-08-21,S04,P109,42.0,33.78,-8.219999999999999,8.219999999999999,,,,0.7874999999999999,HIGH,recent demand momentum,inventory coverage,promotion context
2026-08-22,S04,P109,35.0,36.744,1.7439999999999998,1.7439999999999998,,,,0.7874999999999999,HIGH,recent demand momentum,inventory coverage,promotion context
2026-08-23,S04,P109,39.0,36.324,-2.676000000000002,2.676000000000002,,,,0.7874999999999999,HIGH,recent demand momentum,inventory coverage,promotion context
2026-08-24,S04,P109,40.0,37.488,-2.5120000000000005,2.5120000000000005,,,,0.7874999999999999,HIGH,recent demand momentum,inventory coverage,promotion context
2026-08-20,S04,P110,885.0,809.704,-75.29600000000005,75.29600000000005,,,,0.7874999999999999,HIGH,recent demand momentum,inventory coverage,promotion context
2026-08-21,S04,P110,879.0,825.08,-53.91999999999996,53.91999999999996,,,,0.7874999999999999,HIGH,recent demand momentum,inventory coverage,promotion context
2026-08-22,S04,P110,841.0,769.888,-71.11199999999997,71.11199999999997,,,,0.7874999999999999,HIGH,recent demand momentum,inventory coverage,promotion context
2026-08-23,S04,P110,857.0,783.856,-73.144,73.144,,,,0.7874999999999999,HIGH,recent demand momentum,inventory coverage,promotion context
2026-08-24,S04,P110,826.0,787.676,-38.323999999999955,38.323999999999955,,,,0.7874999999999999,HIGH,recent demand momentum,inventory coverage,promotion context
2026-08-25,S04,P110,710.0,789.864,79.86400000000003,79.86400000000003,,,,0.7874999999999999,HIGH,recent demand momentum,inventory coverage,promotion context
2026-08-20,S04,P111,43.0,52.104,9.104,9.104,,,,0.7874999999999999,HIGH,recent demand momentum,inventory coverage,promotion context
2026-08-21,S04,P111,41.0,48.36,7.359999999999999,7.359999999999999,,,,0.7874999999999999,HIGH,recent demand momentum,inventory coverage,promotion context
2026-08-22,S04,P111,46.0,46.492,0.49199999999999733,0.49199999999999733,,,,0.7874999999999999,HIGH,recent demand momentum,inventory coverage,promotion context
2026-08-23,S04,P111,41.0,48.276,7.276000000000003,7.276000000000003,,,,0.7874999999999999,HIGH,recent demand momentum,inventory coverage,promotion context
2026-08-24,S04,P111,39.0,51.516,12.515999999999998,12.515999999999998,,,,0.7874999999999999,HIGH,recent demand momentum,inventory coverage,promotion context
2026-08-25,S04,P111,33.0,49.492,16.491999999999997,16.491999999999997,0.0,LOW,0.0,0.7874999999999999,HIGH,recent demand momentum,inventory coverage,promotion context
2026-08-23,S04,P112,21.0,12.528,-8.472,8.472,,,,0.7874999999999999,HIGH,recent demand momentum,inventory coverage,promotion context
2026-08-25,S04,P112,23.0,11.192,-11.808,11.808,0.0,LOW,0.0,0.7874999999999999,HIGH,recent demand momentum,inventory coverage,promotion context
2026-08-20,S04,P113,30.0,27.616,-2.3840000000000003,2.3840000000000003,,,,0.7874999999999999,HIGH,recent demand momentum,inventory coverage,promotion context
2026-08-21,S04,P113,27.0,25.808,-1.1920000000000002,1.1920000000000002,,,,0.7874999999999999,HIGH,recent demand momentum,inventory coverage,promotion context
2026-08-22,S04,P113,23.0,27.604,4.603999999999999,4.603999999999999,,,,0.7874999999999999,HIGH,recent demand momentum,inventory coverage,promotion context
2026-08-23,S04,P113,22.0,26.252,4.251999999999999,4.251999999999999,,,,0.7874999999999999,HIGH,recent demand momentum,inventory coverage,promotion context
2026-08-24,S04,P113,15.0,29.684,14.684000000000001,14.684000000000001,,,,0.7874999999999999,HIGH,recent demand momentum,inventory coverage,promotion context
2026-08-25,S04,P113,14.0,28.424,14.424,14.424,0.0,LOW,0.0,0.7874999999999999,HIGH,recent demand momentum,inventory coverage,promotion context
2026-08-20,S04,P114,21.0,27.396,6.396000000000001,6.396000000000001,,,,0.7874999999999999,HIGH,recent demand momentum,inventory coverage,promotion context
2026-08-22,S04,P114,24.0,33.732,9.732,9.732,,,,0.7874999999999999,HIGH,recent demand momentum,inventory coverage,promotion context
2026-08-23,S04,P114,22.0,33.668,11.668,11.668,,,,0.7874999999999999,HIGH,recent demand momentum,inventory coverage,promotion context
2026-08-24,S04,P114,25.0,33.38,8.380000000000003,8.380000000000003,,,,0.7874999999999999,HIGH,recent demand momentum,inventory coverage,promotion context
2026-08-25,S04,P114,15.0,29.876,14.876000000000001,14.876000000000001,0.0,LOW,0.0,0.7874999999999999,HIGH,recent demand momentum,inventory coverage,promotion context
2026-08-20,S04,P115,4.0,8.512,4.5120000000000005,4.5120000000000005,,,,0.7874999999999999,HIGH,recent demand momentum,inventory coverage,promotion context
2026-08-21,S04,P115,2.0,12.556,10.556,10.556,,,,0.7874999999999999,HIGH,recent demand momentum,inventory coverage,promotion context
2026-08-23,S04,P115,0.0,11.436,11.436,11.436,,,,0.7874999999999999,HIGH,recent demand momentum,inventory coverage,promotion context
2026-08-20,S04,P116,23.0,27.016,4.015999999999998,4.015999999999998,,,,0.7874999999999999,HIGH,recent demand momentum,inventory coverage,promotion context
2026-08-21,S04,P116,30.0,29.688,-0.31200000000000117,0.31200000000000117,,,,0.7874999999999999,HIGH,recent demand momentum,inventory coverage,promotion context
2026-08-23,S04,P116,28.0,31.236,3.2360000000000007,3.2360000000000007,,,,0.7874999999999999,HIGH,recent demand momentum,inventory coverage,promotion context
2026-08-24,S04,P116,27.0,37.944,10.944000000000003,10.944000000000003,,,,0.7874999999999999,HIGH,recent demand momentum,inventory coverage,promotion context
2026-08-25,S04,P116,26.0,30.216,4.216000000000001,4.216000000000001,,,,0.7874999999999999,HIGH,recent demand momentum,inventory coverage,promotion context
2026-08-20,S04,P117,14.0,18.104,4.103999999999999,4.103999999999999,,,,0.7874999999999999,HIGH,recent demand momentum,inventory coverage,promotion context
2026-08-21,S04,P117,14.0,18.204,4.204000000000001,4.204000000000001,,,,0.7874999999999999,HIGH,recent demand momentum,inventory coverage,promotion context
2026-08-24,S04,P117,13.0,19.448,6.448,6.448,,,,0.7874999999999999,HIGH,recent demand momentum,inventory coverage,promotion context
2026-08-20,S04,P118,15.0,18.12,3.120000000000001,3.120000000000001,,,,0.7874999999999999,HIGH,recent demand momentum,inventory coverage,promotion context
2026-08-21,S04,P118,18.0,19.328,1.3279999999999994,1.3279999999999994,,,,0.7874999999999999,HIGH,recent demand momentum,inventory coverage,promotion context
2026-08-22,S04,P118,20.0,17.18,-2.8200000000000003,2.8200000000000003,,,,0.7874999999999999,HIGH,recent demand momentum,inventory coverage,promotion context
2026-08-23,S04,P118,19.0,16.416,-2.5839999999999996,2.5839999999999996,,,,0.7874999999999999,HIGH,recent demand momentum,inventory coverage,promotion context
2026-08-24,S04,P118,16.0,17.676,1.6759999999999984,1.6759999999999984,,,,0.7874999999999999,HIGH,recent demand momentum,inventory coverage,promotion context
2026-08-25,S04,P118,15.0,19.436,4.436,4.436,,,,0.7874999999999999,HIGH,recent demand momentum,inventory coverage,promotion context
2026-08-21,S04,P119,15.0,18.924,3.9239999999999995,3.9239999999999995,,,,0.7874999999999999,HIGH,recent demand momentum,inventory coverage,promotion context
2026-08-24,S04,P119,24.0,21.3,-2.6999999999999993,2.6999999999999993,,,,0.7874999999999999,HIGH,recent demand momentum,inventory coverage,promotion context
2026-08-25,S04,P119,20.0,18.512,-1.4879999999999995,1.4879999999999995,,,,0.7874999999999999,HIGH,recent demand momentum,inventory coverage,promotion context
2026-08-21,S04,P120,15.0,19.764,4.763999999999999,4.763999999999999,,,,0.7874999999999999,HIGH,recent demand momentum,inventory coverage,promotion context
2026-08-22,S04,P120,13.0,20.136,7.135999999999999,7.135999999999999,,,,0.7874999999999999,HIGH,recent demand momentum,inventory coverage,promotion context
2026-08-23,S04,P120,9.0,19.236,10.236,10.236,,,,0.7874999999999999,HIGH,recent demand momentum,inventory coverage,promotion context
2026-08-24,S04,P120,8.0,19.68,11.68,11.68,,,,0.7874999999999999,HIGH,recent demand momentum,inventory coverage,promotion context
2026-08-20,S04,P121,7.0,12.092,5.0920000000000005,5.0920000000000005,,,,0.7874999999999999,HIGH,recent demand momentum,inventory coverage,promotion context
2026-08-21,S04,P121,5.0,14.016,9.016,9.016,,,,0.7874999999999999,HIGH,recent demand momentum,inventory coverage,promotion context
2026-08-22,S04,P121,5.0,12.004,7.004,7.004,,,,0.7874999999999999,HIGH,recent demand momentum,inventory coverage,promotion context
2026-08-23,S04,P121,7.0,13.036,6.036,6.036,,,,0.7874999999999999,HIGH,recent demand momentum,inventory coverage,promotion context
2026-08-24,S04,P121,5.0,13.768,8.768,8.768,,,,0.7874999999999999,HIGH,recent demand momentum,inventory coverage,promotion context
2026-08-20,S04,P122,10.0,25.256,15.256,15.256,,,,0.7874999999999999,HIGH,recent demand momentum,inventory coverage,promotion context
2026-08-22,S04,P122,8.0,23.984,15.984000000000002,15.984000000000002,,,,0.7874999999999999,HIGH,recent demand momentum,inventory coverage,promotion context
2026-08-23,S04,P122,12.0,24.704,12.704,12.704,,,,0.7874999999999999,HIGH,recent demand momentum,inventory coverage,promotion context
2026-08-24,S04,P122,13.0,30.904,17.904,17.904,,,,0.7874999999999999,HIGH,recent demand momentum,inventory coverage,promotion context
2026-08-25,S04,P122,11.0,33.788,22.787999999999997,22.787999999999997,0.0,LOW,0.0,0.7874999999999999,HIGH,recent demand momentum,inventory coverage,promotion context
2026-08-20,S04,P123,124.0,169.416,45.416,45.416,,,,0.7874999999999999,HIGH,recent demand momentum,inventory coverage,promotion context
2026-08-21,S04,P123,124.0,166.972,42.97200000000001,42.97200000000001,,,,0.7874999999999999,HIGH,recent demand momentum,inventory coverage,promotion context
2026-08-22,S04,P123,120.0,120.18,0.18000000000000682,0.18000000000000682,,,,0.7874999999999999,HIGH,recent demand momentum,inventory coverage,promotion context
2026-08-23,S04,P123,128.0,169.684,41.684,41.684,,,,0.7874999999999999,HIGH,recent demand momentum,inventory coverage,promotion context
2026-08-24,S04,P123,112.0,123.788,11.787999999999997,11.787999999999997,,,,0.7874999999999999,HIGH,recent demand momentum,inventory coverage,promotion context
2026-08-25,S04,P123,96.0,124.972,28.971999999999994,28.971999999999994,,,,0.7874999999999999,HIGH,recent demand momentum,inventory coverage,promotion context
2026-08-21,S04,P124,87.0,73.528,-13.471999999999994,13.471999999999994,,,,0.7874999999999999,HIGH,recent demand momentum,inventory coverage,promotion context
2026-08-22,S04,P124,78.0,73.12,-4.8799999999999955,4.8799999999999955,,,,0.7874999999999999,HIGH,recent demand momentum,inventory coverage,promotion context
2026-08-23,S04,P124,68.0,68.56,0.5600000000000023,0.5600000000000023,,,,0.7874999999999999,HIGH,recent demand momentum,inventory coverage,promotion context
2026-08-24,S04,P124,57.0,74.26,17.260000000000005,17.260000000000005,,,,0.7874999999999999,HIGH,recent demand momentum,inventory coverage,promotion context
2026-08-25,S04,P124,45.0,75.92,30.92,30.92,,,,0.7874999999999999,HIGH,recent demand momentum,inventory coverage,promotion context
2026-08-20,S04,P125,6.0,18.172,12.172,12.172,,,,0.7874999999999999,HIGH,recent demand momentum,inventory coverage,promotion context
2026-08-23,S04,P125,13.0,16.596,3.596,3.596,,,,0.7874999999999999,HIGH,recent demand momentum,inventory coverage,promotion context
2026-08-24,S04,P125,17.0,16.68,-0.3200000000000003,0.3200000000000003,,,,0.7874999999999999,HIGH,recent demand momentum,inventory coverage,promotion context
2026-08-20,S04,P126,62.0,68.148,6.147999999999996,6.147999999999996,,,,0.7874999999999999,HIGH,recent demand momentum,inventory coverage,promotion context
2026-08-21,S04,P126,59.0,66.592,7.591999999999999,7.591999999999999,,,,0.7874999999999999,HIGH,recent demand momentum,inventory coverage,promotion context
2026-08-22,S04,P126,47.0,76.328,29.328000000000003,29.328000000000003,,,,0.7874999999999999,HIGH,recent demand momentum,inventory coverage,promotion context
2026-08-23,S04,P126,38.0,80.764,42.763999999999996,42.763999999999996,,,,0.7874999999999999,HIGH,recent demand momentum,inventory coverage,promotion context
2026-08-24,S04,P126,30.0,79.596,49.596000000000004,49.596000000000004,,,,0.7874999999999999,HIGH,recent demand momentum,inventory coverage,promotion context
2026-08-25,S04,P126,25.0,76.912,51.912000000000006,51.912000000000006,,,,0.7874999999999999,HIGH,recent demand momentum,inventory coverage,promotion context
2026-08-20,S04,P127,162.0,177.416,15.415999999999997,15.415999999999997,,,,0.7874999999999999,HIGH,recent demand momentum,inventory coverage,promotion context
2026-08-21,S04,P127,169.0,182.536,13.536000000000001,13.536000000000001,,,,0.7874999999999999,HIGH,recent demand momentum,inventory coverage,promotion context
2026-08-22,S04,P127,178.0,173.512,-4.4879999999999995,4.4879999999999995,,,,0.7874999999999999,HIGH,recent demand momentum,inventory coverage,promotion context
2026-08-23,S04,P127,164.0,175.38,11.379999999999995,11.379999999999995,,,,0.7874999999999999,HIGH,recent demand momentum,inventory coverage,promotion context
2026-08-24,S04,P127,156.0,176.128,20.127999999999986,20.127999999999986,,,,0.7874999999999999,HIGH,recent demand momentum,inventory coverage,promotion context
2026-08-25,S04,P127,138.0,179.672,41.672,41.672,0.0,LOW,0.0,0.7874999999999999,HIGH,recent demand momentum,inventory coverage,promotion context
2026-08-20,S04,P128,30.0,25.692,-4.308,4.308,,,,0.7874999999999999,HIGH,recent demand momentum,inventory coverage,promotion context
2026-08-21,S04,P128,26.0,21.272,-4.7280000000000015,4.7280000000000015,,,,0.7874999999999999,HIGH,recent demand momentum,inventory coverage,promotion context
2026-08-23,S04,P128,22.0,22.524,0.5240000000000009,0.5240000000000009,,,,0.7874999999999999,HIGH,recent demand momentum,inventory coverage,promotion context
2026-08-24,S04,P128,21.0,22.044,1.0440000000000005,1.0440000000000005,,,,0.7874999999999999,HIGH,recent demand momentum,inventory coverage,promotion context
2026-08-20,S04,P129,115.0,108.956,-6.043999999999997,6.043999999999997,,,,0.7874999999999999,HIGH,recent demand momentum,inventory coverage,promotion context
2026-08-21,S04,P129,109.0,113.796,4.7960000000000065,4.7960000000000065,,,,0.7874999999999999,HIGH,recent demand momentum,inventory coverage,promotion context
2026-08-22,S04,P129,95.0,108.804,13.804000000000002,13.804000000000002,,,,0.7874999999999999,HIGH,recent demand momentum,inventory coverage,promotion context
2026-08-23,S04,P129,95.0,108.912,13.912000000000006,13.912000000000006,,,,0.7874999999999999,HIGH,recent demand momentum,inventory coverage,promotion context
2026-08-24,S04,P129,102.0,109.504,7.504000000000005,7.504000000000005,,,,0.7874999999999999,HIGH,recent demand momentum,inventory coverage,promotion context
2026-08-25,S04,P129,85.0,114.616,29.616,29.616,0.0,LOW,0.0,0.7874999999999999,HIGH,recent demand momentum,inventory coverage,promotion context
2026-08-20,S04,P130,222.0,208.484,-13.515999999999991,13.515999999999991,,,,0.7874999999999999,HIGH,recent demand momentum,inventory coverage,promotion context
2026-08-21,S04,P130,213.0,277.464,64.464,64.464,,,,0.7874999999999999,HIGH,recent demand momentum,inventory coverage,promotion context
2026-08-22,S04,P130,191.0,287.18,96.18,96.18,,,,0.7874999999999999,HIGH,recent demand momentum,inventory coverage,promotion context
2026-08-23,S04,P130,192.0,271.76,79.75999999999999,79.75999999999999,,,,0.7874999999999999,HIGH,recent demand momentum,inventory coverage,promotion context
2026-08-24,S04,P130,185.0,206.772,21.77199999999999,21.77199999999999,,,,0.7874999999999999,HIGH,recent demand momentum,inventory coverage,promotion context
2026-08-25,S04,P130,144.0,276.76,132.76,132.76,,,,0.7874999999999999,HIGH,recent demand momentum,inventory coverage,promotion context
2026-08-20,S04,P131,98.0,116.46,18.459999999999994,18.459999999999994,,,,0.7874999999999999,HIGH,recent demand momentum,inventory coverage,promotion context
2026-08-21,S04,P131,106.0,122.752,16.751999999999995,16.751999999999995,,,,0.7874999999999999,HIGH,recent demand momentum,inventory coverage,promotion context
2026-08-22,S04,P131,106.0,129.18,23.180000000000007,23.180000000000007,,,,0.7874999999999999,HIGH,recent demand momentum,inventory coverage,promotion context
2026-08-23,S04,P131,104.0,122.272,18.272000000000006,18.272000000000006,,,,0.7874999999999999,HIGH,recent demand momentum,inventory coverage,promotion context
2026-08-24,S04,P131,104.0,135.528,31.52799999999999,31.52799999999999,,,,0.7874999999999999,HIGH,recent demand momentum,inventory coverage,promotion context
2026-08-25,S04,P131,91.0,131.108,40.108000000000004,40.108000000000004,0.0,LOW,0.0,0.7874999999999999,HIGH,recent demand momentum,inventory coverage,promotion context
2026-08-20,S04,P132,28.0,57.348,29.348,29.348,,,,0.7874999999999999,HIGH,recent demand momentum,inventory coverage,promotion context
2026-08-21,S04,P132,32.0,51.608,19.607999999999997,19.607999999999997,,,,0.7874999999999999,HIGH,recent demand momentum,inventory coverage,promotion context
2026-08-22,S04,P132,32.0,52.912,20.912,20.912,,,,0.7874999999999999,HIGH,recent demand momentum,inventory coverage,promotion context
2026-08-23,S04,P132,39.0,50.488,11.488,11.488,,,,0.7874999999999999,HIGH,recent demand momentum,inventory coverage,promotion context
2026-08-24,S04,P132,50.0,50.004,0.003999999999997783,0.003999999999997783,,,,0.7874999999999999,HIGH,recent demand momentum,inventory coverage,promotion context
2026-08-25,S04,P132,48.0,51.48,3.479999999999997,3.479999999999997,0.0,LOW,0.0,0.7874999999999999,HIGH,recent demand momentum,inventory coverage,promotion context
2026-08-20,S04,P133,258.0,261.8,3.8000000000000114,3.8000000000000114,,,,0.7874999999999999,HIGH,recent demand momentum,inventory coverage,promotion context
2026-08-21,S04,P133,267.0,259.084,-7.915999999999997,7.915999999999997,,,,0.7874999999999999,HIGH,recent demand momentum,inventory coverage,promotion context
2026-08-22,S04,P133,251.0,275.208,24.208000000000027,24.208000000000027,,,,0.7874999999999999,HIGH,recent demand momentum,inventory coverage,promotion context
2026-08-23,S04,P133,237.0,272.74,35.74000000000001,35.74000000000001,,,,0.7874999999999999,HIGH,recent demand momentum,inventory coverage,promotion context
2026-08-24,S04,P133,246.0,275.636,29.636000000000024,29.636000000000024,,,,0.7874999999999999,HIGH,recent demand momentum,inventory coverage,promotion context
2026-08-25,S04,P133,214.0,279.352,65.35199999999998,65.35199999999998,0.0,LOW,0.0,0.7874999999999999,HIGH,recent demand momentum,inventory coverage,promotion context
2026-08-20,S04,P134,111.0,116.384,5.384,5.384,,,,0.7874999999999999,HIGH,recent demand momentum,inventory coverage,promotion context
2026-08-21,S04,P134,106.0,112.56,6.560000000000002,6.560000000000002,,,,0.7874999999999999,HIGH,recent demand momentum,inventory coverage,promotion context
2026-08-22,S04,P134,94.0,110.668,16.668000000000006,16.668000000000006,,,,0.7874999999999999,HIGH,recent demand momentum,inventory coverage,promotion context
2026-08-23,S04,P134,94.0,103.476,9.475999999999999,9.475999999999999,,,,0.7874999999999999,HIGH,recent demand momentum,inventory coverage,promotion context
2026-08-24,S04,P134,90.0,103.664,13.664000000000001,13.664000000000001,,,,0.7874999999999999,HIGH,recent demand momentum,inventory coverage,promotion context
2026-08-25,S04,P134,77.0,112.504,35.504000000000005,35.504000000000005,,,,0.7874999999999999,HIGH,recent demand momentum,inventory coverage,promotion context
2026-08-20,S04,P135,36.0,52.212,16.212000000000003,16.212000000000003,,,,0.7874999999999999,HIGH,recent demand momentum,inventory coverage,promotion context
2026-08-22,S04,P135,34.0,50.664,16.664,16.664,,,,0.7874999999999999,HIGH,recent demand momentum,inventory coverage,promotion context
2026-08-23,S04,P135,39.0,51.94,12.939999999999998,12.939999999999998,,,,0.7874999999999999,HIGH,recent demand momentum,inventory coverage,promotion context
2026-08-24,S04,P135,48.0,48.352,0.35199999999999676,0.35199999999999676,,,,0.7874999999999999,HIGH,recent demand momentum,inventory coverage,promotion context
2026-08-25,S04,P135,31.0,48.768,17.768,17.768,0.0,LOW,0.0,0.7874999999999999,HIGH,recent demand momentum,inventory coverage,promotion context
2026-08-22,S04,P136,12.0,6.396,-5.604,5.604,,,,0.7874999999999999,HIGH,recent demand momentum,inventory coverage,promotion context
2026-08-23,S04,P136,7.0,5.256,-1.7439999999999998,1.7439999999999998,,,,0.7874999999999999,HIGH,recent demand momentum,inventory coverage,promotion context
2026-08-24,S04,P136,6.0,5.476,-0.524,0.524,,,,0.7874999999999999,HIGH,recent demand momentum,inventory coverage,promotion context
2026-08-25,S04,P136,5.0,7.508,2.508,2.508,,,,0.7874999999999999,HIGH,recent demand momentum,inventory coverage,promotion context
2026-08-20,S04,P137,74.0,74.996,0.9959999999999951,0.9959999999999951,,,,0.7874999999999999,HIGH,recent demand momentum,inventory coverage,promotion context
2026-08-21,S04,P137,75.0,74.664,-0.3359999999999985,0.3359999999999985,,,,0.7874999999999999,HIGH,recent demand momentum,inventory coverage,promotion context
2026-08-22,S04,P137,68.0,73.676,5.676000000000002,5.676000000000002,,,,0.7874999999999999,HIGH,recent demand momentum,inventory coverage,promotion context
2026-08-23,S04,P137,73.0,81.112,8.111999999999995,8.111999999999995,,,,0.7874999999999999,HIGH,recent demand momentum,inventory coverage,promotion context
2026-08-24,S04,P137,70.0,84.552,14.552000000000007,14.552000000000007,,,,0.7874999999999999,HIGH,recent demand momentum,inventory coverage,promotion context
2026-08-25,S04,P137,62.0,85.624,23.623999999999995,23.623999999999995,0.0,LOW,0.0,0.7874999999999999,HIGH,recent demand momentum,inventory coverage,promotion context
2026-08-20,S04,P138,54.0,49.996,-4.003999999999998,4.003999999999998,,,,0.7874999999999999,HIGH,recent demand momentum,inventory coverage,promotion context
2026-08-21,S04,P138,56.0,49.812,-6.188000000000002,6.188000000000002,,,,0.7874999999999999,HIGH,recent demand momentum,inventory coverage,promotion context
2026-08-22,S04,P138,64.0,48.092,-15.908000000000001,15.908000000000001,,,,0.7874999999999999,HIGH,recent demand momentum,inventory coverage,promotion context
2026-08-23,S04,P138,71.0,48.272,-22.728,22.728,,,,0.7874999999999999,HIGH,recent demand momentum,inventory coverage,promotion context
2026-08-24,S04,P138,80.0,49.972,-30.028,30.028,,,,0.7874999999999999,HIGH,recent demand momentum,inventory coverage,promotion context
2026-08-25,S04,P138,75.0,49.804,-25.195999999999998,25.195999999999998,,,,0.7874999999999999,HIGH,recent demand momentum,inventory coverage,promotion context
2026-08-20,S04,P139,18.0,13.756,-4.244,4.244,,,,0.7874999999999999,HIGH,recent demand momentum,inventory coverage,promotion context
2026-08-21,S04,P139,20.0,12.644,-7.356,7.356,,,,0.7874999999999999,HIGH,recent demand momentum,inventory coverage,promotion context
2026-08-22,S04,P139,20.0,12.304,-7.696,7.696,,,,0.7874999999999999,HIGH,recent demand momentum,inventory coverage,promotion context
2026-08-23,S04,P139,31.0,12.696,-18.304000000000002,18.304000000000002,,,,0.7874999999999999,HIGH,recent demand momentum,inventory coverage,promotion context
2026-08-24,S04,P139,30.0,15.116,-14.884,14.884,,,,0.7874999999999999,HIGH,recent demand momentum,inventory coverage,promotion context
2026-08-25,S04,P139,28.0,13.912,-14.088,14.088,0.0,LOW,0.0,0.7874999999999999,HIGH,recent demand momentum,inventory coverage,promotion context
2026-08-20,S04,P140,25.0,26.124,1.1239999999999988,1.1239999999999988,,,,0.7874999999999999,HIGH,recent demand momentum,inventory coverage,promotion context
2026-08-21,S04,P140,22.0,26.372,4.372,4.372,,,,0.7874999999999999,HIGH,recent demand momentum,inventory coverage,promotion context
2026-08-22,S04,P140,20.0,26.812,6.812000000000001,6.812000000000001,,,,0.7874999999999999,HIGH,recent demand momentum,inventory coverage,promotion context
2026-08-23,S04,P140,32.0,25.384,-6.616,6.616,,,,0.7874999999999999,HIGH,recent demand momentum,inventory coverage,promotion context
2026-08-24,S04,P140,31.0,29.996,-1.0040000000000013,1.0040000000000013,,,,0.7874999999999999,HIGH,recent demand momentum,inventory coverage,promotion context
2026-08-25,S04,P140,27.0,23.752,-3.248000000000001,3.248000000000001,0.0,LOW,0.0,0.7874999999999999,HIGH,recent demand momentum,inventory coverage,promotion context
2026-08-20,S04,P141,26.0,26.444,0.44399999999999906,0.44399999999999906,,,,0.7874999999999999,HIGH,recent demand momentum,inventory coverage,promotion context
2026-08-22,S04,P141,22.0,22.664,0.6640000000000015,0.6640000000000015,,,,0.7874999999999999,HIGH,recent demand momentum,inventory coverage,promotion context
2026-08-23,S04,P141,12.0,24.304,12.303999999999998,12.303999999999998,,,,0.7874999999999999,HIGH,recent demand momentum,inventory coverage,promotion context
2026-08-24,S04,P141,11.0,26.864,15.864,15.864,,,,0.7874999999999999,HIGH,recent demand momentum,inventory coverage,promotion context
2026-08-25,S04,P141,7.0,25.86,18.86,18.86,,,,0.7874999999999999,HIGH,recent demand momentum,inventory coverage,promotion context
2026-08-21,S04,P142,6.0,10.232,4.231999999999999,4.231999999999999,,,,0.7874999999999999,HIGH,recent demand momentum,inventory coverage,promotion context
2026-08-22,S04,P142,8.0,13.16,5.16,5.16,,,,0.7874999999999999,HIGH,recent demand momentum,inventory coverage,promotion context
2026-08-20,S04,P143,70.0,45.52,-24.479999999999997,24.479999999999997,,,,0.7874999999999999,HIGH,recent demand momentum,inventory coverage,promotion context
2026-08-21,S04,P143,69.0,41.764,-27.235999999999997,27.235999999999997,,,,0.7874999999999999,HIGH,recent demand momentum,inventory coverage,promotion context
2026-08-22,S04,P143,68.0,42.596,-25.404000000000003,25.404000000000003,,,,0.7874999999999999,HIGH,recent demand momentum,inventory coverage,promotion context
2026-08-23,S04,P143,52.0,46.728,-5.2719999999999985,5.2719999999999985,,,,0.7874999999999999,HIGH,recent demand momentum,inventory coverage,promotion context
2026-08-24,S04,P143,45.0,48.488,3.4879999999999995,3.4879999999999995,,,,0.7874999999999999,HIGH,recent demand momentum,inventory coverage,promotion context
2026-08-20,S04,P144,17.0,39.476,22.476,22.476,,,,0.7874999999999999,HIGH,recent demand momentum,inventory coverage,promotion context
2026-08-21,S04,P144,25.0,40.224,15.223999999999997,15.223999999999997,,,,0.7874999999999999,HIGH,recent demand momentum,inventory coverage,promotion context
2026-08-22,S04,P144,27.0,39.484,12.484000000000002,12.484000000000002,,,,0.7874999999999999,HIGH,recent demand momentum,inventory coverage,promotion context
2026-08-23,S04,P144,27.0,40.568,13.567999999999998,13.567999999999998,,,,0.7874999999999999,HIGH,recent demand momentum,inventory coverage,promotion context
2026-08-24,S04,P144,28.0,41.404,13.404000000000003,13.404000000000003,,,,0.7874999999999999,HIGH,recent demand momentum,inventory coverage,promotion context
2026-08-25,S04,P144,27.0,38.48,11.479999999999997,11.479999999999997,0.0,LOW,0.0,0.7874999999999999,HIGH,recent demand momentum,inventory coverage,promotion context
2026-08-20,S04,P145,22.0,27.772,5.7719999999999985,5.7719999999999985,,,,0.7874999999999999,HIGH,recent demand momentum,inventory coverage,promotion context
2026-08-21,S04,P145,23.0,24.46,1.4600000000000009,1.4600000000000009,,,,0.7874999999999999,HIGH,recent demand momentum,inventory coverage,promotion context
2026-08-22,S04,P145,14.0,25.912,11.911999999999999,11.911999999999999,,,,0.7874999999999999,HIGH,recent demand momentum,inventory coverage,promotion context
2026-08-23,S04,P145,20.0,26.928,6.928000000000001,6.928000000000001,,,,0.7874999999999999,HIGH,recent demand momentum,inventory coverage,promotion context
2026-08-24,S04,P145,27.0,25.948,-1.0519999999999996,1.0519999999999996,,,,0.7874999999999999,HIGH,recent demand momentum,inventory coverage,promotion context
2026-08-25,S04,P145,26.0,26.092,0.09199999999999875,0.09199999999999875,0.0,LOW,0.0,0.7874999999999999,HIGH,recent demand momentum,inventory coverage,promotion context
2026-08-20,S04,P146,76.0,61.068,-14.932000000000002,14.932000000000002,,,,0.7874999999999999,HIGH,recent demand momentum,inventory coverage,promotion context
2026-08-21,S04,P146,80.0,66.976,-13.024000000000001,13.024000000000001,,,,0.7874999999999999,HIGH,recent demand momentum,inventory coverage,promotion context
2026-08-22,S04,P146,81.0,66.276,-14.724000000000004,14.724000000000004,,,,0.7874999999999999,HIGH,recent demand momentum,inventory coverage,promotion context
2026-08-23,S04,P146,70.0,64.292,-5.707999999999998,5.707999999999998,,,,0.7874999999999999,HIGH,recent demand momentum,inventory coverage,promotion context
2026-08-24,S04,P146,81.0,62.684,-18.316000000000003,18.316000000000003,,,,0.7874999999999999,HIGH,recent demand momentum,inventory coverage,promotion context
2026-08-25,S04,P146,66.0,59.728,-6.2719999999999985,6.2719999999999985,0.0,LOW,0.0,0.7874999999999999,HIGH,recent demand momentum,inventory coverage,promotion context
2026-08-20,S04,P147,29.0,35.82,6.82,6.82,,,,0.7874999999999999,HIGH,recent demand momentum,inventory coverage,promotion context
2026-08-22,S04,P147,46.0,39.42,-6.579999999999998,6.579999999999998,,,,0.7874999999999999,HIGH,recent demand momentum,inventory coverage,promotion context
2026-08-23,S04,P147,49.0,38.564,-10.436,10.436,,,,0.7874999999999999,HIGH,recent demand momentum,inventory coverage,promotion context
2026-08-25,S04,P147,45.0,38.7,-6.299999999999997,6.299999999999997,0.0,LOW,0.0,0.7874999999999999,HIGH,recent demand momentum,inventory coverage,promotion context
2026-08-20,S04,P148,12.0,10.076,-1.9239999999999995,1.9239999999999995,,,,0.7874999999999999,HIGH,recent demand momentum,inventory coverage,promotion context
2026-08-22,S04,P148,12.0,11.152,-0.8480000000000008,0.8480000000000008,,,,0.7874999999999999,HIGH,recent demand momentum,inventory coverage,promotion context
2026-08-23,S04,P148,15.0,13.388,-1.612,1.612,,,,0.7874999999999999,HIGH,recent demand momentum,inventory coverage,promotion context
2026-08-20,S04,P149,28.0,30.516,2.5159999999999982,2.5159999999999982,,,,0.7874999999999999,HIGH,recent demand momentum,inventory coverage,promotion context
2026-08-21,S04,P149,29.0,30.624,1.6239999999999988,1.6239999999999988,,,,0.7874999999999999,HIGH,recent demand momentum,inventory coverage,promotion context
2026-08-22,S04,P149,25.0,28.272,3.2719999999999985,3.2719999999999985,,,,0.7874999999999999,HIGH,recent demand momentum,inventory coverage,promotion context
2026-08-23,S04,P149,22.0,29.916,7.916,7.916,,,,0.7874999999999999,HIGH,recent demand momentum,inventory coverage,promotion context
2026-08-24,S04,P149,17.0,27.24,10.239999999999998,10.239999999999998,,,,0.7874999999999999,HIGH,recent demand momentum,inventory coverage,promotion context
2026-08-25,S04,P149,13.0,28.168,15.168,15.168,,,,0.7874999999999999,HIGH,recent demand momentum,inventory coverage,promotion context
2026-08-20,S04,P150,8.0,18.74,10.739999999999998,10.739999999999998,,,,0.7874999999999999,HIGH,recent demand momentum,inventory coverage,promotion context
2026-08-21,S04,P150,13.0,19.124,6.123999999999999,6.123999999999999,,,,0.7874999999999999,HIGH,recent demand momentum,inventory coverage,promotion context
2026-08-23,S04,P150,12.0,19.448,7.448,7.448,,,,0.7874999999999999,HIGH,recent demand momentum,inventory coverage,promotion context
2026-08-25,S04,P150,14.0,17.0,3.0,3.0,0.0,LOW,0.0,0.7874999999999999,HIGH,recent demand momentum,inventory coverage,promotion context
2026-08-20,S04,P151,19.0,14.344,-4.656000000000001,4.656000000000001,,,,0.7874999999999999,HIGH,recent demand momentum,inventory coverage,promotion context
2026-08-21,S04,P151,22.0,19.728,-2.2719999999999985,2.2719999999999985,,,,0.7874999999999999,HIGH,recent demand momentum,inventory coverage,promotion context
2026-08-22,S04,P151,21.0,17.176,-3.8240000000000016,3.8240000000000016,,,,0.7874999999999999,HIGH,recent demand momentum,inventory coverage,promotion context
2026-08-23,S04,P151,16.0,19.464,3.4639999999999986,3.4639999999999986,,,,0.7874999999999999,HIGH,recent demand momentum,inventory coverage,promotion context
2026-08-25,S04,P151,17.0,15.756,-1.2439999999999998,1.2439999999999998,0.0,LOW,0.0,0.7874999999999999,HIGH,recent demand momentum,inventory coverage,promotion context
2026-08-20,S04,P152,52.0,69.708,17.708,17.708,,,,0.7874999999999999,HIGH,recent demand momentum,inventory coverage,promotion context
2026-08-21,S04,P152,59.0,69.504,10.504000000000005,10.504000000000005,,,,0.7874999999999999,HIGH,recent demand momentum,inventory coverage,promotion context
2026-08-22,S04,P152,57.0,75.024,18.024,18.024,,,,0.7874999999999999,HIGH,recent demand momentum,inventory coverage,promotion context
2026-08-23,S04,P152,59.0,75.504,16.504000000000005,16.504000000000005,,,,0.7874999999999999,HIGH,recent demand momentum,inventory coverage,promotion context
2026-08-24,S04,P152,59.0,75.544,16.543999999999997,16.543999999999997,,,,0.7874999999999999,HIGH,recent demand momentum,inventory coverage,promotion context
2026-08-25,S04,P152,58.0,74.788,16.787999999999997,16.787999999999997,0.0,LOW,0.0,0.7874999999999999,HIGH,recent demand momentum,inventory coverage,promotion context
2026-08-20,S04,P153,64.0,52.72,-11.280000000000001,11.280000000000001,,,,0.7874999999999999,HIGH,recent demand momentum,inventory coverage,promotion context
2026-08-21,S04,P153,56.0,50.588,-5.411999999999999,5.411999999999999,,,,0.7874999999999999,HIGH,recent demand momentum,inventory coverage,promotion context
2026-08-22,S04,P153,55.0,56.232,1.2319999999999993,1.2319999999999993,,,,0.7874999999999999,HIGH,recent demand momentum,inventory coverage,promotion context
2026-08-23,S04,P153,67.0,57.6,-9.399999999999999,9.399999999999999,,,,0.7874999999999999,HIGH,recent demand momentum,inventory coverage,promotion context
2026-08-24,S04,P153,50.0,58.356,8.356000000000002,8.356000000000002,,,,0.7874999999999999,HIGH,recent demand momentum,inventory coverage,promotion context
2026-08-25,S04,P153,39.0,57.316,18.316000000000003,18.316000000000003,0.0,LOW,0.0,0.7874999999999999,HIGH,recent demand momentum,inventory coverage,promotion context
2026-08-20,S04,P154,10.0,23.924,13.924,13.924,,,,0.7874999999999999,HIGH,recent demand momentum,inventory coverage,promotion context
2026-08-21,S04,P154,7.0,23.448,16.448,16.448,,,,0.7874999999999999,HIGH,recent demand momentum,inventory coverage,promotion context
2026-08-23,S04,P154,5.0,20.632,15.632000000000001,15.632000000000001,,,,0.7874999999999999,HIGH,recent demand momentum,inventory coverage,promotion context
2026-08-20,S04,P155,39.0,31.036,-7.963999999999999,7.963999999999999,,,,0.7874999999999999,HIGH,recent demand momentum,inventory coverage,promotion context
2026-08-21,S04,P155,36.0,29.66,-6.34,6.34,,,,0.7874999999999999,HIGH,recent demand momentum,inventory coverage,promotion context
2026-08-22,S04,P155,32.0,31.28,-0.7199999999999989,0.7199999999999989,,,,0.7874999999999999,HIGH,recent demand momentum,inventory coverage,promotion context
2026-08-23,S04,P155,32.0,30.528,-1.4720000000000013,1.4720000000000013,,,,0.7874999999999999,HIGH,recent demand momentum,inventory coverage,promotion context
2026-08-24,S04,P155,22.0,30.904,8.904,8.904,,,,0.7874999999999999,HIGH,recent demand momentum,inventory coverage,promotion context
2026-08-25,S04,P155,19.0,27.272,8.271999999999998,8.271999999999998,0.0,LOW,0.0,0.7874999999999999,HIGH,recent demand momentum,inventory coverage,promotion context
2026-08-20,S04,P156,95.0,79.356,-15.644000000000005,15.644000000000005,,,,0.7874999999999999,HIGH,recent demand momentum,inventory coverage,promotion context
2026-08-21,S04,P156,107.0,93.556,-13.444000000000003,13.444000000000003,,,,0.7874999999999999,HIGH,recent demand momentum,inventory coverage,promotion context
2026-08-22,S04,P156,98.0,75.152,-22.848,22.848,,,,0.7874999999999999,HIGH,recent demand momentum,inventory coverage,promotion context
2026-08-23,S04,P156,83.0,92.548,9.548000000000002,9.548000000000002,,,,0.7874999999999999,HIGH,recent demand momentum,inventory coverage,promotion context
2026-08-24,S04,P156,73.0,92.396,19.396,19.396,,,,0.7874999999999999,HIGH,recent demand momentum,inventory coverage,promotion context
2026-08-25,S04,P156,68.0,97.152,29.152,29.152,0.0,LOW,0.0,0.7874999999999999,HIGH,recent demand momentum,inventory coverage,promotion context
2026-08-20,S04,P157,45.0,52.984,7.984000000000002,7.984000000000002,,,,0.7874999999999999,HIGH,recent demand momentum,inventory coverage,promotion context
2026-08-21,S04,P157,51.0,51.268,0.2680000000000007,0.2680000000000007,,,,0.7874999999999999,HIGH,recent demand momentum,inventory coverage,promotion context
2026-08-22,S04,P157,39.0,50.972,11.972000000000001,11.972000000000001,,,,0.7874999999999999,HIGH,recent demand momentum,inventory coverage,promotion context
2026-08-23,S04,P157,38.0,49.756,11.756,11.756,,,,0.7874999999999999,HIGH,recent demand momentum,inventory coverage,promotion context
2026-08-24,S04,P157,33.0,49.048,16.048000000000002,16.048000000000002,,,,0.7874999999999999,HIGH,recent demand momentum,inventory coverage,promotion context
2026-08-25,S04,P157,31.0,48.444,17.444000000000003,17.444000000000003,0.0,LOW,0.0,0.7874999999999999,HIGH,recent demand momentum,inventory coverage,promotion context
2026-08-20,S04,P158,145.0,155.516,10.515999999999991,10.515999999999991,,,,0.7874999999999999,HIGH,recent demand momentum,inventory coverage,promotion context
2026-08-21,S04,P158,135.0,150.32,15.319999999999993,15.319999999999993,,,,0.7874999999999999,HIGH,recent demand momentum,inventory coverage,promotion context
2026-08-22,S04,P158,114.0,152.224,38.22399999999999,38.22399999999999,,,,0.7874999999999999,HIGH,recent demand momentum,inventory coverage,promotion context
2026-08-23,S04,P158,120.0,144.196,24.195999999999998,24.195999999999998,,,,0.7874999999999999,HIGH,recent demand momentum,inventory coverage,promotion context
2026-08-24,S04,P158,125.0,138.976,13.975999999999999,13.975999999999999,,,,0.7874999999999999,HIGH,recent demand momentum,inventory coverage,promotion context
2026-08-25,S04,P158,111.0,161.876,50.876000000000005,50.876000000000005,,,,0.7874999999999999,HIGH,recent demand momentum,inventory coverage,promotion context
2026-08-20,S04,P159,199.0,185.284,-13.716000000000008,13.716000000000008,,,,0.7874999999999999,HIGH,recent demand momentum,inventory coverage,promotion context
2026-08-21,S04,P159,185.0,193.108,8.108000000000004,8.108000000000004,,,,0.7874999999999999,HIGH,recent demand momentum,inventory coverage,promotion context
2026-08-22,S04,P159,177.0,173.228,-3.7719999999999914,3.7719999999999914,,,,0.7874999999999999,HIGH,recent demand momentum,inventory coverage,promotion context
2026-08-23,S04,P159,190.0,193.192,3.1920000000000073,3.1920000000000073,,,,0.7874999999999999,HIGH,recent demand momentum,inventory coverage,promotion context
2026-08-24,S04,P159,170.0,178.784,8.783999999999992,8.783999999999992,,,,0.7874999999999999,HIGH,recent demand momentum,inventory coverage,promotion context
2026-08-25,S04,P159,141.0,192.796,51.79599999999999,51.79599999999999,0.0,LOW,0.0,0.7874999999999999,HIGH,recent demand momentum,inventory coverage,promotion context
2026-08-20,S04,P161,91.0,117.184,26.183999999999997,26.183999999999997,,,,0.7874999999999999,HIGH,recent demand momentum,inventory coverage,promotion context
2026-08-21,S04,P161,90.0,113.696,23.695999999999998,23.695999999999998,,,,0.7874999999999999,HIGH,recent demand momentum,inventory coverage,promotion context
2026-08-22,S04,P161,89.0,120.572,31.572000000000003,31.572000000000003,,,,0.7874999999999999,HIGH,recent demand momentum,inventory coverage,promotion context
2026-08-23,S04,P161,90.0,123.476,33.476,33.476,,,,0.7874999999999999,HIGH,recent demand momentum,inventory coverage,promotion context
2026-08-24,S04,P161,100.0,113.372,13.372,13.372,,,,0.7874999999999999,HIGH,recent demand momentum,inventory coverage,promotion context
2026-08-25,S04,P161,79.0,113.128,34.128,34.128,0.0,LOW,0.0,0.7874999999999999,HIGH,recent demand momentum,inventory coverage,promotion context
2026-08-20,S04,P163,155.0,115.056,-39.944,39.944,,,,0.7874999999999999,HIGH,recent demand momentum,inventory coverage,promotion context
2026-08-21,S04,P163,153.0,123.152,-29.848,29.848,,,,0.7874999999999999,HIGH,recent demand momentum,inventory coverage,promotion context
2026-08-22,S04,P163,148.0,121.636,-26.364000000000004,26.364000000000004,,,,0.7874999999999999,HIGH,recent demand momentum,inventory coverage,promotion context
2026-08-23,S04,P163,159.0,123.412,-35.587999999999994,35.587999999999994,,,,0.7874999999999999,HIGH,recent demand momentum,inventory coverage,promotion context
2026-08-24,S04,P163,143.0,119.94,-23.060000000000002,23.060000000000002,,,,0.7874999999999999,HIGH,recent demand momentum,inventory coverage,promotion context
2026-08-25,S04,P163,118.0,119.812,1.8119999999999976,1.8119999999999976,,,,0.7874999999999999,HIGH,recent demand momentum,inventory coverage,promotion context
2026-08-20,S04,P164,18.0,31.26,13.260000000000002,13.260000000000002,,,,0.7874999999999999,HIGH,recent demand momentum,inventory coverage,promotion context
2026-08-22,S04,P164,18.0,25.612,7.611999999999998,7.611999999999998,,,,0.7874999999999999,HIGH,recent demand momentum,inventory coverage,promotion context
2026-08-23,S04,P164,22.0,28.716,6.716000000000001,6.716000000000001,,,,0.7874999999999999,HIGH,recent demand momentum,inventory coverage,promotion context
2026-08-24,S04,P164,19.0,25.46,6.460000000000001,6.460000000000001,,,,0.7874999999999999,HIGH,recent demand momentum,inventory coverage,promotion context
2026-08-25,S04,P164,16.0,37.168,21.168,21.168,0.0,LOW,0.0,0.7874999999999999,HIGH,recent demand momentum,inventory coverage,promotion context
2026-08-20,S04,P165,4.0,8.088,4.087999999999999,4.087999999999999,,,,0.7874999999999999,HIGH,recent demand momentum,inventory coverage,promotion context
2026-08-20,S04,P166,28.0,42.904,14.904000000000003,14.904000000000003,,,,0.7874999999999999,HIGH,recent demand momentum,inventory coverage,promotion context
2026-08-21,S04,P166,24.0,44.332,20.332,20.332,,,,0.7874999999999999,HIGH,recent demand momentum,inventory coverage,promotion context
2026-08-22,S04,P166,13.0,42.584,29.584000000000003,29.584000000000003,,,,0.7874999999999999,HIGH,recent demand momentum,inventory coverage,promotion context
2026-08-23,S04,P166,17.0,43.644,26.644,26.644,,,,0.7874999999999999,HIGH,recent demand momentum,inventory coverage,promotion context
2026-08-24,S04,P166,23.0,45.332,22.332,22.332,,,,0.7874999999999999,HIGH,recent demand momentum,inventory coverage,promotion context
2026-08-21,S04,P167,11.0,10.372,-0.6280000000000001,0.6280000000000001,,,,0.7874999999999999,HIGH,recent demand momentum,inventory coverage,promotion context
2026-08-22,S04,P167,7.0,9.628,2.628,2.628,,,,0.7874999999999999,HIGH,recent demand momentum,inventory coverage,promotion context
2026-08-23,S04,P167,10.0,18.836,8.835999999999999,8.835999999999999,,,,0.7874999999999999,HIGH,recent demand momentum,inventory coverage,promotion context
2026-08-25,S04,P167,10.0,9.6,-0.40000000000000036,0.40000000000000036,0.0,LOW,0.0,0.7874999999999999,HIGH,recent demand momentum,inventory coverage,promotion context
2026-08-21,S04,P168,18.0,13.644,-4.356,4.356,,,,0.7874999999999999,HIGH,recent demand momentum,inventory coverage,promotion context
2026-08-25,S04,P168,29.0,11.072,-17.928,17.928,0.0,LOW,0.0,0.7874999999999999,HIGH,recent demand momentum,inventory coverage,promotion context
2026-08-20,S04,P169,46.0,50.2,4.200000000000003,4.200000000000003,,,,0.7874999999999999,HIGH,recent demand momentum,inventory coverage,promotion context
2026-08-21,S04,P169,46.0,51.336,5.3359999999999985,5.3359999999999985,,,,0.7874999999999999,HIGH,recent demand momentum,inventory coverage,promotion context
2026-08-22,S04,P169,55.0,43.656,-11.344000000000001,11.344000000000001,,,,0.7874999999999999,HIGH,recent demand momentum,inventory coverage,promotion context
2026-08-23,S04,P169,55.0,43.652,-11.347999999999999,11.347999999999999,,,,0.7874999999999999,HIGH,recent demand momentum,inventory coverage,promotion context
2026-08-24,S04,P169,54.0,48.112,-5.887999999999998,5.887999999999998,,,,0.7874999999999999,HIGH,recent demand momentum,inventory coverage,promotion context
2026-08-25,S04,P169,49.0,46.764,-2.235999999999997,2.235999999999997,0.0,LOW,0.0,0.7874999999999999,HIGH,recent demand momentum,inventory coverage,promotion context
2026-08-21,S04,P170,13.0,9.156,-3.8439999999999994,3.8439999999999994,,,,0.7874999999999999,HIGH,recent demand momentum,inventory coverage,promotion context
2026-08-22,S04,P170,12.0,9.556,-2.444000000000001,2.444000000000001,,,,0.7874999999999999,HIGH,recent demand momentum,inventory coverage,promotion context
2026-08-24,S04,P170,6.0,9.596,3.596,3.596,,,,0.7874999999999999,HIGH,recent demand momentum,inventory coverage,promotion context
2026-08-25,S04,P170,4.0,9.416,5.416,5.416,0.0,LOW,0.0,0.7874999999999999,HIGH,recent demand momentum,inventory coverage,promotion context
2026-08-20,S04,P171,39.0,34.276,-4.723999999999997,4.723999999999997,,,,0.7874999999999999,HIGH,recent demand momentum,inventory coverage,promotion context
2026-08-21,S04,P171,41.0,37.696,-3.304000000000002,3.304000000000002,,,,0.7874999999999999,HIGH,recent demand momentum,inventory coverage,promotion context
2026-08-22,S04,P171,40.0,36.296,-3.7040000000000006,3.7040000000000006,,,,0.7874999999999999,HIGH,recent demand momentum,inventory coverage,promotion context
2026-08-23,S04,P171,33.0,36.572,3.5720000000000027,3.5720000000000027,,,,0.7874999999999999,HIGH,recent demand momentum,inventory coverage,promotion context
2026-08-24,S04,P171,38.0,35.492,-2.5080000000000027,2.5080000000000027,,,,0.7874999999999999,HIGH,recent demand momentum,inventory coverage,promotion context
2026-08-25,S04,P171,34.0,35.376,1.3759999999999977,1.3759999999999977,,,,0.7874999999999999,HIGH,recent demand momentum,inventory coverage,promotion context
2026-08-20,S04,P172,19.0,27.284,8.283999999999999,8.283999999999999,,,,0.7874999999999999,HIGH,recent demand momentum,inventory coverage,promotion context
2026-08-21,S04,P172,23.0,28.056,5.056000000000001,5.056000000000001,,,,0.7874999999999999,HIGH,recent demand momentum,inventory coverage,promotion context
2026-08-22,S04,P172,24.0,28.196,4.1960000000000015,4.1960000000000015,,,,0.7874999999999999,HIGH,recent demand momentum,inventory coverage,promotion context
2026-08-23,S04,P172,31.0,29.092,-1.9080000000000013,1.9080000000000013,,,,0.7874999999999999,HIGH,recent demand momentum,inventory coverage,promotion context
2026-08-24,S04,P172,30.0,28.816,-1.184000000000001,1.184000000000001,,,,0.7874999999999999,HIGH,recent demand momentum,inventory coverage,promotion context
2026-08-20,S04,P173,4.0,10.448,6.448,6.448,,,,0.7874999999999999,HIGH,recent demand momentum,inventory coverage,promotion context
2026-08-25,S04,P173,9.0,9.776,0.7759999999999998,0.7759999999999998,0.0,LOW,0.0,0.7874999999999999,HIGH,recent demand momentum,inventory coverage,promotion context
2026-08-20,S04,P174,5.0,10.564,5.564,5.564,,,,0.7874999999999999,HIGH,recent demand momentum,inventory coverage,promotion context
2026-08-21,S04,P174,3.0,10.112,7.112,7.112,,,,0.7874999999999999,HIGH,recent demand momentum,inventory coverage,promotion context
2026-08-23,S04,P174,11.0,6.5,-4.5,4.5,,,,0.7874999999999999,HIGH,recent demand momentum,inventory coverage,promotion context
2026-08-20,S04,P175,17.0,11.46,-5.539999999999999,5.539999999999999,,,,0.7874999999999999,HIGH,recent demand momentum,inventory coverage,promotion context
2026-08-22,S04,P175,14.0,12.464,-1.5359999999999996,1.5359999999999996,,,,0.7874999999999999,HIGH,recent demand momentum,inventory coverage,promotion context
2026-08-24,S04,P175,11.0,12.476,1.4760000000000009,1.4760000000000009,,,,0.7874999999999999,HIGH,recent demand momentum,inventory coverage,promotion context
2026-08-25,S04,P175,8.0,12.584,4.584,4.584,,,,0.7874999999999999,HIGH,recent demand momentum,inventory coverage,promotion context
2026-08-20,S04,P176,188.0,185.088,-2.912000000000006,2.912000000000006,,,,0.7874999999999999,HIGH,recent demand momentum,inventory coverage,promotion context
2026-08-21,S04,P176,206.0,183.868,-22.132000000000005,22.132000000000005,,,,0.7874999999999999,HIGH,recent demand momentum,inventory coverage,promotion context
2026-08-22,S04,P176,199.0,180.28,-18.72,18.72,,,,0.7874999999999999,HIGH,recent demand momentum,inventory coverage,promotion context
2026-08-23,S04,P176,190.0,181.12,-8.879999999999995,8.879999999999995,,,,0.7874999999999999,HIGH,recent demand momentum,inventory coverage,promotion context
2026-08-24,S04,P176,183.0,177.916,-5.084000000000003,5.084000000000003,,,,0.7874999999999999,HIGH,recent demand momentum,inventory coverage,promotion context
2026-08-25,S04,P176,141.0,178.676,37.67599999999999,37.67599999999999,0.0,LOW,0.0,0.7874999999999999,HIGH,recent demand momentum,inventory coverage,promotion context
2026-08-20,S04,P177,25.0,29.084,4.084,4.084,,,,0.7874999999999999,HIGH,recent demand momentum,inventory coverage,promotion context
2026-08-23,S04,P177,28.0,25.676,-2.3240000000000016,2.3240000000000016,,,,0.7874999999999999,HIGH,recent demand momentum,inventory coverage,promotion context
2026-08-24,S04,P177,28.0,26.792,-1.2079999999999984,1.2079999999999984,,,,0.7874999999999999,HIGH,recent demand momentum,inventory coverage,promotion context
2026-08-25,S04,P177,21.0,27.536,6.536000000000001,6.536000000000001,0.0,LOW,0.0,0.7874999999999999,HIGH,recent demand momentum,inventory coverage,promotion context
2026-08-20,S04,P178,15.0,23.336,8.335999999999999,8.335999999999999,,,,0.7874999999999999,HIGH,recent demand momentum,inventory coverage,promotion context
2026-08-21,S04,P178,15.0,23.264,8.264,8.264,,,,0.7874999999999999,HIGH,recent demand momentum,inventory coverage,promotion context
2026-08-22,S04,P178,10.0,22.428,12.428,12.428,,,,0.7874999999999999,HIGH,recent demand momentum,inventory coverage,promotion context
2026-08-24,S04,P178,15.0,23.596,8.596,8.596,,,,0.7874999999999999,HIGH,recent demand momentum,inventory coverage,promotion context
2026-08-25,S04,P178,13.0,24.804,11.803999999999998,11.803999999999998,0.0,LOW,0.0,0.7874999999999999,HIGH,recent demand momentum,inventory coverage,promotion context
2026-08-21,S04,P179,15.0,9.356,-5.644,5.644,,,,0.7874999999999999,HIGH,recent demand momentum,inventory coverage,promotion context
2026-08-22,S04,P179,11.0,9.18,-1.8200000000000003,1.8200000000000003,,,,0.7874999999999999,HIGH,recent demand momentum,inventory coverage,promotion context
2026-08-23,S04,P179,12.0,9.316,-2.6839999999999993,2.6839999999999993,,,,0.7874999999999999,HIGH,recent demand momentum,inventory coverage,promotion context
2026-08-25,S04,P179,9.0,8.404,-0.5960000000000001,0.5960000000000001,0.0,LOW,0.0,0.7874999999999999,HIGH,recent demand momentum,inventory coverage,promotion context
2026-08-20,S04,P180,78.0,101.616,23.616,23.616,,,,0.7874999999999999,HIGH,recent demand momentum,inventory coverage,promotion context
2026-08-21,S04,P180,73.0,86.64,13.64,13.64,,,,0.7874999999999999,HIGH,recent demand momentum,inventory coverage,promotion context
2026-08-22,S04,P180,64.0,89.948,25.947999999999993,25.947999999999993,,,,0.7874999999999999,HIGH,recent demand momentum,inventory coverage,promotion context
2026-08-23,S04,P180,77.0,89.94,12.939999999999998,12.939999999999998,,,,0.7874999999999999,HIGH,recent demand momentum,inventory coverage,promotion context
2026-08-24,S04,P180,80.0,89.968,9.968000000000004,9.968000000000004,,,,0.7874999999999999,HIGH,recent demand momentum,inventory coverage,promotion context
2026-08-25,S04,P180,71.0,89.232,18.232,18.232,0.0,LOW,0.0,0.7874999999999999,HIGH,recent demand momentum,inventory coverage,promotion context
2026-08-20,S04,P181,30.0,40.24,10.240000000000002,10.240000000000002,,,,0.7874999999999999,HIGH,recent demand momentum,inventory coverage,promotion context
2026-08-21,S04,P181,41.0,37.016,-3.9840000000000018,3.9840000000000018,,,,0.7874999999999999,HIGH,recent demand momentum,inventory coverage,promotion context
2026-08-22,S04,P181,38.0,39.204,1.2040000000000006,1.2040000000000006,,,,0.7874999999999999,HIGH,recent demand momentum,inventory coverage,promotion context
2026-08-23,S04,P181,44.0,40.324,-3.676000000000002,3.676000000000002,,,,0.7874999999999999,HIGH,recent demand momentum,inventory coverage,promotion context
2026-08-24,S04,P181,41.0,38.548,-2.451999999999998,2.451999999999998,,,,0.7874999999999999,HIGH,recent demand momentum,inventory coverage,promotion context
2026-08-25,S04,P181,40.0,39.804,-0.19599999999999795,0.19599999999999795,0.0,LOW,0.0,0.7874999999999999,HIGH,recent demand momentum,inventory coverage,promotion context
2026-08-20,S04,P182,18.0,14.872,-3.128,3.128,,,,0.7874999999999999,HIGH,recent demand momentum,inventory coverage,promotion context
2026-08-21,S04,P182,14.0,24.488,10.488,10.488,,,,0.7874999999999999,HIGH,recent demand momentum,inventory coverage,promotion context
2026-08-22,S04,P182,11.0,16.896,5.896000000000001,5.896000000000001,,,,0.7874999999999999,HIGH,recent demand momentum,inventory coverage,promotion context
2026-08-23,S04,P182,13.0,12.568,-0.4320000000000004,0.4320000000000004,,,,0.7874999999999999,HIGH,recent demand momentum,inventory coverage,promotion context
2026-08-24,S04,P182,18.0,20.08,2.0799999999999983,2.0799999999999983,,,,0.7874999999999999,HIGH,recent demand momentum,inventory coverage,promotion context
2026-08-20,S04,P183,381.0,331.632,-49.367999999999995,49.367999999999995,,,,0.7874999999999999,HIGH,recent demand momentum,inventory coverage,promotion context
2026-08-21,S04,P183,346.0,332.396,-13.603999999999985,13.603999999999985,,,,0.7874999999999999,HIGH,recent demand momentum,inventory coverage,promotion context
2026-08-22,S04,P183,340.0,321.596,-18.403999999999996,18.403999999999996,,,,0.7874999999999999,HIGH,recent demand momentum,inventory coverage,promotion context
2026-08-23,S04,P183,331.0,318.608,-12.391999999999996,12.391999999999996,,,,0.7874999999999999,HIGH,recent demand momentum,inventory coverage,promotion context
2026-08-24,S04,P183,333.0,321.484,-11.51600000000002,11.51600000000002,,,,0.7874999999999999,HIGH,recent demand momentum,inventory coverage,promotion context
2026-08-25,S04,P183,270.0,326.748,56.74799999999999,56.74799999999999,,,,0.7874999999999999,HIGH,recent demand momentum,inventory coverage,promotion context
2026-08-20,S04,P184,4.0,11.3,7.300000000000001,7.300000000000001,,,,0.7874999999999999,HIGH,recent demand momentum,inventory coverage,promotion context
2026-08-21,S04,P184,6.0,10.956,4.9559999999999995,4.9559999999999995,,,,0.7874999999999999,HIGH,recent demand momentum,inventory coverage,promotion context
2026-08-22,S04,P184,6.0,11.388,5.388,5.388,,,,0.7874999999999999,HIGH,recent demand momentum,inventory coverage,promotion context
2026-08-23,S04,P184,7.0,11.832,4.832000000000001,4.832000000000001,,,,0.7874999999999999,HIGH,recent demand momentum,inventory coverage,promotion context
2026-08-20,S04,P185,22.0,38.384,16.384,16.384,,,,0.7874999999999999,HIGH,recent demand momentum,inventory coverage,promotion context
2026-08-21,S04,P185,22.0,38.264,16.264000000000003,16.264000000000003,,,,0.7874999999999999,HIGH,recent demand momentum,inventory coverage,promotion context
2026-08-22,S04,P185,16.0,33.148,17.148000000000003,17.148000000000003,,,,0.7874999999999999,HIGH,recent demand momentum,inventory coverage,promotion context
2026-08-23,S04,P185,22.0,37.312,15.311999999999998,15.311999999999998,,,,0.7874999999999999,HIGH,recent demand momentum,inventory coverage,promotion context
2026-08-24,S04,P185,19.0,37.216,18.216,18.216,,,,0.7874999999999999,HIGH,recent demand momentum,inventory coverage,promotion context
2026-08-25,S04,P185,18.0,37.908,19.908,19.908,0.0,LOW,0.0,0.7874999999999999,HIGH,recent demand momentum,inventory coverage,promotion context
2026-08-20,S04,P186,49.0,67.536,18.536,18.536,,,,0.7874999999999999,HIGH,recent demand momentum,inventory coverage,promotion context
2026-08-21,S04,P186,53.0,73.336,20.336,20.336,,,,0.7874999999999999,HIGH,recent demand momentum,inventory coverage,promotion context
2026-08-22,S04,P186,52.0,70.84,18.840000000000003,18.840000000000003,,,,0.7874999999999999,HIGH,recent demand momentum,inventory coverage,promotion context
2026-08-23,S04,P186,57.0,66.392,9.391999999999996,9.391999999999996,,,,0.7874999999999999,HIGH,recent demand momentum,inventory coverage,promotion context
2026-08-24,S04,P186,68.0,63.696,-4.304000000000002,4.304000000000002,,,,0.7874999999999999,HIGH,recent demand momentum,inventory coverage,promotion context
2026-08-25,S04,P186,60.0,65.82,5.819999999999993,5.819999999999993,0.0,LOW,0.0,0.7874999999999999,HIGH,recent demand momentum,inventory coverage,promotion context
2026-08-20,S04,P187,42.0,39.104,-2.896000000000001,2.896000000000001,,,,0.7874999999999999,HIGH,recent demand momentum,inventory coverage,promotion context
2026-08-21,S04,P187,42.0,41.256,-0.7439999999999998,0.7439999999999998,,,,0.7874999999999999,HIGH,recent demand momentum,inventory coverage,promotion context
2026-08-22,S04,P187,39.0,38.876,-0.12400000000000233,0.12400000000000233,,,,0.7874999999999999,HIGH,recent demand momentum,inventory coverage,promotion context
2026-08-23,S04,P187,35.0,39.216,4.216000000000001,4.216000000000001,,,,0.7874999999999999,HIGH,recent demand momentum,inventory coverage,promotion context
2026-08-24,S04,P187,37.0,40.552,3.5519999999999996,3.5519999999999996,,,,0.7874999999999999,HIGH,recent demand momentum,inventory coverage,promotion context
2026-08-25,S04,P187,34.0,41.552,7.552,7.552,0.0,LOW,0.0,0.7874999999999999,HIGH,recent demand momentum,inventory coverage,promotion context
2026-08-20,S04,P188,88.0,86.736,-1.2639999999999958,1.2639999999999958,,,,0.7874999999999999,HIGH,recent demand momentum,inventory coverage,promotion context
2026-08-21,S04,P188,80.0,90.392,10.391999999999996,10.391999999999996,,,,0.7874999999999999,HIGH,recent demand momentum,inventory coverage,promotion context
2026-08-22,S04,P188,75.0,93.604,18.604,18.604,,,,0.7874999999999999,HIGH,recent demand momentum,inventory coverage,promotion context
2026-08-23,S04,P188,80.0,94.252,14.251999999999995,14.251999999999995,,,,0.7874999999999999,HIGH,recent demand momentum,inventory coverage,promotion context
2026-08-24,S04,P188,76.0,89.224,13.224000000000004,13.224000000000004,,,,0.7874999999999999,HIGH,recent demand momentum,inventory coverage,promotion context
2026-08-25,S04,P188,65.0,90.9,25.900000000000006,25.900000000000006,0.0,LOW,0.0,0.7874999999999999,HIGH,recent demand momentum,inventory coverage,promotion context
2026-08-20,S04,P189,26.0,20.104,-5.896000000000001,5.896000000000001,,,,0.7874999999999999,HIGH,recent demand momentum,inventory coverage,promotion context
2026-08-21,S04,P189,19.0,23.044,4.0440000000000005,4.0440000000000005,,,,0.7874999999999999,HIGH,recent demand momentum,inventory coverage,promotion context
2026-08-22,S04,P189,22.0,24.52,2.5199999999999996,2.5199999999999996,,,,0.7874999999999999,HIGH,recent demand momentum,inventory coverage,promotion context
2026-08-23,S04,P189,25.0,22.976,-2.024000000000001,2.024000000000001,,,,0.7874999999999999,HIGH,recent demand momentum,inventory coverage,promotion context
2026-08-24,S04,P189,19.0,23.128,4.128,4.128,,,,0.7874999999999999,HIGH,recent demand momentum,inventory coverage,promotion context
2026-08-25,S04,P189,16.0,22.168,6.167999999999999,6.167999999999999,0.0,LOW,0.0,0.7874999999999999,HIGH,recent demand momentum,inventory coverage,promotion context
2026-08-20,S04,P190,20.0,29.172,9.172,9.172,,,,0.7874999999999999,HIGH,recent demand momentum,inventory coverage,promotion context
2026-08-21,S04,P190,19.0,27.004,8.004000000000001,8.004000000000001,,,,0.7874999999999999,HIGH,recent demand momentum,inventory coverage,promotion context
2026-08-22,S04,P190,17.0,26.484,9.484000000000002,9.484000000000002,,,,0.7874999999999999,HIGH,recent demand momentum,inventory coverage,promotion context
2026-08-24,S04,P190,20.0,25.772,5.7719999999999985,5.7719999999999985,,,,0.7874999999999999,HIGH,recent demand momentum,inventory coverage,promotion context
2026-08-25,S04,P190,14.0,23.66,9.66,9.66,0.0,LOW,0.0,0.7874999999999999,HIGH,recent demand momentum,inventory coverage,promotion context
2026-08-20,S04,P191,27.0,41.056,14.055999999999997,14.055999999999997,,,,0.7874999999999999,HIGH,recent demand momentum,inventory coverage,promotion context
2026-08-22,S04,P191,24.0,39.3,15.299999999999997,15.299999999999997,,,,0.7874999999999999,HIGH,recent demand momentum,inventory coverage,promotion context
2026-08-23,S04,P191,24.0,41.18,17.18,17.18,,,,0.7874999999999999,HIGH,recent demand momentum,inventory coverage,promotion context
2026-08-24,S04,P191,29.0,42.956,13.956000000000003,13.956000000000003,,,,0.7874999999999999,HIGH,recent demand momentum,inventory coverage,promotion context
2026-08-25,S04,P191,23.0,41.836,18.836,18.836,,,,0.7874999999999999,HIGH,recent demand momentum,inventory coverage,promotion context
2026-08-20,S04,P192,27.0,36.008,9.008000000000003,9.008000000000003,,,,0.7874999999999999,HIGH,recent demand momentum,inventory coverage,promotion context
2026-08-21,S04,P192,34.0,35.36,1.3599999999999994,1.3599999999999994,,,,0.7874999999999999,HIGH,recent demand momentum,inventory coverage,promotion context
2026-08-22,S04,P192,33.0,36.304,3.304000000000002,3.304000000000002,,,,0.7874999999999999,HIGH,recent demand momentum,inventory coverage,promotion context
2026-08-23,S04,P192,40.0,35.032,-4.9680000000000035,4.9680000000000035,,,,0.7874999999999999,HIGH,recent demand momentum,inventory coverage,promotion context
2026-08-25,S04,P192,30.0,41.744,11.744,11.744,0.0,LOW,0.0,0.7874999999999999,HIGH,recent demand momentum,inventory coverage,promotion context
2026-08-20,S04,P193,50.0,58.444,8.444000000000003,8.444000000000003,,,,0.7874999999999999,HIGH,recent demand momentum,inventory coverage,promotion context
2026-08-21,S04,P193,51.0,59.452,8.451999999999998,8.451999999999998,,,,0.7874999999999999,HIGH,recent demand momentum,inventory coverage,promotion context
2026-08-22,S04,P193,40.0,57.692,17.692,17.692,,,,0.7874999999999999,HIGH,recent demand momentum,inventory coverage,promotion context
2026-08-23,S04,P193,47.0,59.204,12.204,12.204,,,,0.7874999999999999,HIGH,recent demand momentum,inventory coverage,promotion context
2026-08-24,S04,P193,41.0,60.7,19.700000000000003,19.700000000000003,,,,0.7874999999999999,HIGH,recent demand momentum,inventory coverage,promotion context
2026-08-25,S04,P193,38.0,55.988,17.988,17.988,,,,0.7874999999999999,HIGH,recent demand momentum,inventory coverage,promotion context
2026-08-20,S04,P194,36.0,36.34,0.3400000000000034,0.3400000000000034,,,,0.7874999999999999,HIGH,recent demand momentum,inventory coverage,promotion context
2026-08-21,S04,P194,31.0,38.836,7.8359999999999985,7.8359999999999985,,,,0.7874999999999999,HIGH,recent demand momentum,inventory coverage,promotion context
2026-08-22,S04,P194,39.0,39.744,0.7439999999999998,0.7439999999999998,,,,0.7874999999999999,HIGH,recent demand momentum,inventory coverage,promotion context
2026-08-23,S04,P194,36.0,38.496,2.496000000000002,2.496000000000002,,,,0.7874999999999999,HIGH,recent demand momentum,inventory coverage,promotion context
2026-08-24,S04,P194,38.0,38.872,0.8719999999999999,0.8719999999999999,,,,0.7874999999999999,HIGH,recent demand momentum,inventory coverage,promotion context
2026-08-25,S04,P194,31.0,35.0,4.0,4.0,,,,0.7874999999999999,HIGH,recent demand momentum,inventory coverage,promotion context
2026-08-20,S04,P195,56.0,65.656,9.656000000000006,9.656000000000006,,,,0.7874999999999999,HIGH,recent demand momentum,inventory coverage,promotion context
2026-08-21,S04,P195,62.0,66.24,4.239999999999995,4.239999999999995,,,,0.7874999999999999,HIGH,recent demand momentum,inventory coverage,promotion context
2026-08-22,S04,P195,73.0,65.384,-7.616,7.616,,,,0.7874999999999999,HIGH,recent demand momentum,inventory coverage,promotion context
2026-08-23,S04,P195,70.0,72.964,2.9639999999999986,2.9639999999999986,,,,0.7874999999999999,HIGH,recent demand momentum,inventory coverage,promotion context
2026-08-24,S04,P195,68.0,71.348,3.347999999999999,3.347999999999999,,,,0.7874999999999999,HIGH,recent demand momentum,inventory coverage,promotion context
2026-08-25,S04,P195,59.0,67.464,8.463999999999999,8.463999999999999,0.0,LOW,0.0,0.7874999999999999,HIGH,recent demand momentum,inventory coverage,promotion context
2026-08-20,S04,P196,32.0,42.416,10.415999999999997,10.415999999999997,,,,0.7874999999999999,HIGH,recent demand momentum,inventory coverage,promotion context
2026-08-21,S04,P196,32.0,34.808,2.808,2.808,,,,0.7874999999999999,HIGH,recent demand momentum,inventory coverage,promotion context
2026-08-22,S04,P196,25.0,39.68,14.68,14.68,,,,0.7874999999999999,HIGH,recent demand momentum,inventory coverage,promotion context
2026-08-23,S04,P196,22.0,34.972,12.972000000000001,12.972000000000001,,,,0.7874999999999999,HIGH,recent demand momentum,inventory coverage,promotion context
2026-08-24,S04,P196,21.0,43.364,22.363999999999997,22.363999999999997,,,,0.7874999999999999,HIGH,recent demand momentum,inventory coverage,promotion context
2026-08-25,S04,P196,17.0,40.624,23.624000000000002,23.624000000000002,0.0,LOW,0.0,0.7874999999999999,HIGH,recent demand momentum,inventory coverage,promotion context
2026-08-20,S04,P197,30.0,35.0,5.0,5.0,,,,0.7874999999999999,HIGH,recent demand momentum,inventory coverage,promotion context
2026-08-21,S04,P197,27.0,37.64,10.64,10.64,,,,0.7874999999999999,HIGH,recent demand momentum,inventory coverage,promotion context
2026-08-22,S04,P197,17.0,27.152,10.152000000000001,10.152000000000001,,,,0.7874999999999999,HIGH,recent demand momentum,inventory coverage,promotion context
2026-08-24,S04,P197,16.0,26.9,10.899999999999999,10.899999999999999,,,,0.7874999999999999,HIGH,recent demand momentum,inventory coverage,promotion context
2026-08-20,S04,P198,35.0,36.616,1.6159999999999997,1.6159999999999997,,,,0.7874999999999999,HIGH,recent demand momentum,inventory coverage,promotion context
2026-08-21,S04,P198,29.0,38.144,9.143999999999998,9.143999999999998,,,,0.7874999999999999,HIGH,recent demand momentum,inventory coverage,promotion context
2026-08-22,S04,P198,24.0,36.352,12.351999999999997,12.351999999999997,,,,0.7874999999999999,HIGH,recent demand momentum,inventory coverage,promotion context
2026-08-23,S04,P198,26.0,37.08,11.079999999999998,11.079999999999998,,,,0.7874999999999999,HIGH,recent demand momentum,inventory coverage,promotion context
2026-08-24,S04,P198,27.0,36.92,9.920000000000002,9.920000000000002,,,,0.7874999999999999,HIGH,recent demand momentum,inventory coverage,promotion context
2026-08-20,S04,P199,156.0,140.628,-15.372000000000014,15.372000000000014,,,,0.7874999999999999,HIGH,recent demand momentum,inventory coverage,promotion context
2026-08-21,S04,P199,163.0,148.276,-14.72399999999999,14.72399999999999,,,,0.7874999999999999,HIGH,recent demand momentum,inventory coverage,promotion context
2026-08-22,S04,P199,161.0,141.908,-19.092000000000013,19.092000000000013,,,,0.7874999999999999,HIGH,recent demand momentum,inventory coverage,promotion context
2026-08-23,S04,P199,153.0,147.3,-5.699999999999989,5.699999999999989,,,,0.7874999999999999,HIGH,recent demand momentum,inventory coverage,promotion context
2026-08-24,S04,P199,157.0,138.796,-18.204000000000008,18.204000000000008,,,,0.7874999999999999,HIGH,recent demand momentum,inventory coverage,promotion context
2026-08-25,S04,P199,147.0,135.168,-11.831999999999994,11.831999999999994,,,,0.7874999999999999,HIGH,recent demand momentum,inventory coverage,promotion context
2026-08-20,S04,P200,71.0,70.484,-0.5160000000000053,0.5160000000000053,,,,0.7874999999999999,HIGH,recent demand momentum,inventory coverage,promotion context
2026-08-21,S04,P200,75.0,72.268,-2.7319999999999993,2.7319999999999993,,,,0.7874999999999999,HIGH,recent demand momentum,inventory coverage,promotion context
2026-08-22,S04,P200,77.0,66.392,-10.608000000000004,10.608000000000004,,,,0.7874999999999999,HIGH,recent demand momentum,inventory coverage,promotion context
2026-08-23,S04,P200,86.0,68.984,-17.016000000000005,17.016000000000005,,,,0.7874999999999999,HIGH,recent demand momentum,inventory coverage,promotion context
2026-08-24,S04,P200,84.0,67.076,-16.924000000000007,16.924000000000007,,,,0.7874999999999999,HIGH,recent demand momentum,inventory coverage,promotion context
2026-08-25,S04,P200,71.0,70.276,-0.7240000000000038,0.7240000000000038,0.0,LOW,0.0,0.7874999999999999,HIGH,recent demand momentum,inventory coverage,promotion context
2026-08-20,S04,P201,161.0,140.448,-20.551999999999992,20.551999999999992,,,,0.7874999999999999,HIGH,recent demand momentum,inventory coverage,promotion context
2026-08-21,S04,P201,166.0,141.192,-24.807999999999993,24.807999999999993,,,,0.7874999999999999,HIGH,recent demand momentum,inventory coverage,promotion context
2026-08-22,S04,P201,179.0,141.384,-37.616000000000014,37.616000000000014,,,,0.7874999999999999,HIGH,recent demand momentum,inventory coverage,promotion context
2026-08-23,S04,P201,208.0,143.44,-64.56,64.56,,,,0.7874999999999999,HIGH,recent demand momentum,inventory coverage,promotion context
2026-08-24,S04,P201,184.0,140.008,-43.99199999999999,43.99199999999999,,,,0.7874999999999999,HIGH,recent demand momentum,inventory coverage,promotion context
2026-08-25,S04,P201,162.0,137.3,-24.69999999999999,24.69999999999999,,,,0.7874999999999999,HIGH,recent demand momentum,inventory coverage,promotion context
2026-08-20,S04,P202,0.0,8.544,8.544,8.544,,,,0.7874999999999999,HIGH,recent demand momentum,inventory coverage,promotion context
2026-08-21,S04,P203,10.0,7.224,-2.776,2.776,,,,0.7874999999999999,HIGH,recent demand momentum,inventory coverage,promotion context
2026-08-22,S04,P204,4.0,8.884,4.884,4.884,,,,0.7874999999999999,HIGH,recent demand momentum,inventory coverage,promotion context
2026-08-20,S04,P205,26.0,15.092,-10.908,10.908,,,,0.7874999999999999,HIGH,recent demand momentum,inventory coverage,promotion context
2026-08-21,S04,P205,25.0,15.632,-9.368,9.368,,,,0.7874999999999999,HIGH,recent demand momentum,inventory coverage,promotion context
2026-08-22,S04,P205,25.0,16.136,-8.864,8.864,,,,0.7874999999999999,HIGH,recent demand momentum,inventory coverage,promotion context
2026-08-23,S04,P205,22.0,12.808,-9.192,9.192,,,,0.7874999999999999,HIGH,recent demand momentum,inventory coverage,promotion context
2026-08-24,S04,P205,19.0,14.348,-4.651999999999999,4.651999999999999,,,,0.7874999999999999,HIGH,recent demand momentum,inventory coverage,promotion context
2026-08-25,S04,P205,9.0,17.308,8.308,8.308,0.0,LOW,0.0,0.7874999999999999,HIGH,recent demand momentum,inventory coverage,promotion context
2026-08-20,S04,P206,6.0,7.896,1.896,1.896,,,,0.7874999999999999,HIGH,recent demand momentum,inventory coverage,promotion context
2026-08-22,S04,P206,4.0,9.348,5.348000000000001,5.348000000000001,,,,0.7874999999999999,HIGH,recent demand momentum,inventory coverage,promotion context
2026-08-23,S04,P206,2.0,10.228,8.228,8.228,,,,0.7874999999999999,HIGH,recent demand momentum,inventory coverage,promotion context
2026-08-24,S04,P206,6.0,9.008,3.007999999999999,3.007999999999999,,,,0.7874999999999999,HIGH,recent demand momentum,inventory coverage,promotion context
2026-08-20,S04,P208,14.0,16.248,2.248000000000001,2.248000000000001,,,,0.7874999999999999,HIGH,recent demand momentum,inventory coverage,promotion context
2026-08-22,S04,P208,14.0,19.56,5.559999999999999,5.559999999999999,,,,0.7874999999999999,HIGH,recent demand momentum,inventory coverage,promotion context
2026-08-25,S04,P208,12.0,15.524,3.523999999999999,3.523999999999999,0.0,LOW,0.0,0.7874999999999999,HIGH,recent demand momentum,inventory coverage,promotion context
2026-08-22,S04,P209,1.0,11.484,10.484,10.484,,,,0.7874999999999999,HIGH,recent demand momentum,inventory coverage,promotion context
2026-08-20,S04,P210,10.0,10.572,0.5719999999999992,0.5719999999999992,,,,0.7874999999999999,HIGH,recent demand momentum,inventory coverage,promotion context
2026-08-21,S04,P210,8.0,14.808,6.808,6.808,,,,0.7874999999999999,HIGH,recent demand momentum,inventory coverage,promotion context
2026-08-23,S04,P210,10.0,8.988,-1.0120000000000005,1.0120000000000005,,,,0.7874999999999999,HIGH,recent demand momentum,inventory coverage,promotion context
2026-08-25,S04,P210,7.0,8.812,1.8119999999999994,1.8119999999999994,0.0,LOW,0.0,0.7874999999999999,HIGH,recent demand momentum,inventory coverage,promotion context
2026-08-20,S04,P211,50.0,52.764,2.764000000000003,2.764000000000003,,,,0.7874999999999999,HIGH,recent demand momentum,inventory coverage,promotion context
2026-08-21,S04,P211,46.0,51.132,5.131999999999998,5.131999999999998,,,,0.7874999999999999,HIGH,recent demand momentum,inventory coverage,promotion context
2026-08-22,S04,P211,42.0,50.216,8.216000000000001,8.216000000000001,,,,0.7874999999999999,HIGH,recent demand momentum,inventory coverage,promotion context
2026-08-23,S04,P211,49.0,54.952,5.951999999999998,5.951999999999998,,,,0.7874999999999999,HIGH,recent demand momentum,inventory coverage,promotion context
2026-08-24,S04,P211,53.0,56.956,3.956000000000003,3.956000000000003,,,,0.7874999999999999,HIGH,recent demand momentum,inventory coverage,promotion context
2026-08-25,S04,P211,52.0,54.66,2.6599999999999966,2.6599999999999966,0.0,LOW,0.0,0.7874999999999999,HIGH,recent demand momentum,inventory coverage,promotion context
2026-08-20,S04,P212,55.0,73.364,18.364000000000004,18.364000000000004,,,,0.7874999999999999,HIGH,recent demand momentum,inventory coverage,promotion context
2026-08-21,S04,P212,54.0,72.204,18.203999999999994,18.203999999999994,,,,0.7874999999999999,HIGH,recent demand momentum,inventory coverage,promotion context
2026-08-22,S04,P212,56.0,67.084,11.084000000000003,11.084000000000003,,,,0.7874999999999999,HIGH,recent demand momentum,inventory coverage,promotion context
2026-08-23,S04,P212,64.0,69.296,5.2960000000000065,5.2960000000000065,,,,0.7874999999999999,HIGH,recent demand momentum,inventory coverage,promotion context
2026-08-24,S04,P212,63.0,66.744,3.7439999999999998,3.7439999999999998,,,,0.7874999999999999,HIGH,recent demand momentum,inventory coverage,promotion context
2026-08-25,S04,P212,53.0,68.488,15.488,15.488,0.0,LOW,0.0,0.7874999999999999,HIGH,recent demand momentum,inventory coverage,promotion context
2026-08-20,S04,P213,67.0,72.328,5.328000000000003,5.328000000000003,,,,0.7874999999999999,HIGH,recent demand momentum,inventory coverage,promotion context
2026-08-21,S04,P213,55.0,67.344,12.343999999999994,12.343999999999994,,,,0.7874999999999999,HIGH,recent demand momentum,inventory coverage,promotion context
2026-08-22,S04,P213,59.0,69.44,10.439999999999998,10.439999999999998,,,,0.7874999999999999,HIGH,recent demand momentum,inventory coverage,promotion context
2026-08-23,S04,P213,64.0,67.672,3.671999999999997,3.671999999999997,,,,0.7874999999999999,HIGH,recent demand momentum,inventory coverage,promotion context
2026-08-24,S04,P213,52.0,67.532,15.531999999999996,15.531999999999996,,,,0.7874999999999999,HIGH,recent demand momentum,inventory coverage,promotion context
2026-08-25,S04,P213,49.0,70.9,21.900000000000006,21.900000000000006,0.0,LOW,0.0,0.7874999999999999,HIGH,recent demand momentum,inventory coverage,promotion context
2026-08-20,S04,P214,15.0,12.084,-2.9160000000000004,2.9160000000000004,,,,0.7874999999999999,HIGH,recent demand momentum,inventory coverage,promotion context
2026-08-23,S04,P214,14.0,12.588,-1.4120000000000008,1.4120000000000008,,,,0.7874999999999999,HIGH,recent demand momentum,inventory coverage,promotion context
2026-08-24,S04,P214,10.0,11.544,1.5440000000000005,1.5440000000000005,,,,0.7874999999999999,HIGH,recent demand momentum,inventory coverage,promotion context
2026-08-25,S04,P214,8.0,12.656,4.656000000000001,4.656000000000001,,,,0.7874999999999999,HIGH,recent demand momentum,inventory coverage,promotion context
2026-08-20,S04,P215,32.0,42.092,10.091999999999999,10.091999999999999,,,,0.7874999999999999,HIGH,recent demand momentum,inventory coverage,promotion context
2026-08-21,S04,P215,31.0,44.416,13.415999999999997,13.415999999999997,,,,0.7874999999999999,HIGH,recent demand momentum,inventory coverage,promotion context
2026-08-22,S04,P215,21.0,42.132,21.131999999999998,21.131999999999998,,,,0.7874999999999999,HIGH,recent demand momentum,inventory coverage,promotion context
2026-08-23,S04,P215,17.0,43.248,26.247999999999998,26.247999999999998,,,,0.7874999999999999,HIGH,recent demand momentum,inventory coverage,promotion context
2026-08-24,S04,P215,21.0,44.748,23.747999999999998,23.747999999999998,,,,0.7874999999999999,HIGH,recent demand momentum,inventory coverage,promotion context
2026-08-20,S04,P216,32.0,22.184,-9.815999999999999,9.815999999999999,,,,0.7874999999999999,HIGH,recent demand momentum,inventory coverage,promotion context
2026-08-22,S04,P216,28.0,23.404,-4.596,4.596,,,,0.7874999999999999,HIGH,recent demand momentum,inventory coverage,promotion context
2026-08-23,S04,P216,34.0,24.216,-9.783999999999999,9.783999999999999,,,,0.7874999999999999,HIGH,recent demand momentum,inventory coverage,promotion context
2026-08-24,S04,P216,31.0,27.38,-3.620000000000001,3.620000000000001,,,,0.7874999999999999,HIGH,recent demand momentum,inventory coverage,promotion context
2026-08-25,S04,P216,27.0,24.016,-2.9840000000000018,2.9840000000000018,0.0,LOW,0.0,0.7874999999999999,HIGH,recent demand momentum,inventory coverage,promotion context
2026-08-20,S04,P217,19.0,15.4,-3.5999999999999996,3.5999999999999996,,,,0.7874999999999999,HIGH,recent demand momentum,inventory coverage,promotion context
2026-08-22,S04,P217,19.0,15.88,-3.119999999999999,3.119999999999999,,,,0.7874999999999999,HIGH,recent demand momentum,inventory coverage,promotion context
2026-08-23,S04,P217,18.0,15.86,-2.1400000000000006,2.1400000000000006,,,,0.7874999999999999,HIGH,recent demand momentum,inventory coverage,promotion context
2026-08-20,S04,P218,38.0,36.128,-1.8719999999999999,1.8719999999999999,,,,0.7874999999999999,HIGH,recent demand momentum,inventory coverage,promotion context
2026-08-21,S04,P218,32.0,33.96,1.9600000000000009,1.9600000000000009,,,,0.7874999999999999,HIGH,recent demand momentum,inventory coverage,promotion context
2026-08-22,S04,P218,33.0,35.496,2.496000000000002,2.496000000000002,,,,0.7874999999999999,HIGH,recent demand momentum,inventory coverage,promotion context
2026-08-23,S04,P218,31.0,36.08,5.079999999999998,5.079999999999998,,,,0.7874999999999999,HIGH,recent demand momentum,inventory coverage,promotion context
2026-08-24,S04,P218,24.0,35.38,11.380000000000003,11.380000000000003,,,,0.7874999999999999,HIGH,recent demand momentum,inventory coverage,promotion context
2026-08-25,S04,P218,19.0,35.832,16.832,16.832,0.0,LOW,0.0,0.7874999999999999,HIGH,recent demand momentum,inventory coverage,promotion context
2026-08-20,S04,P219,6.0,11.004,5.004,5.004,,,,0.7874999999999999,HIGH,recent demand momentum,inventory coverage,promotion context
2026-08-25,S04,P219,14.0,10.144,-3.856,3.856,0.0,LOW,0.0,0.7874999999999999,HIGH,recent demand momentum,inventory coverage,promotion context
2026-08-21,S04,P220,5.0,7.412,2.412,2.412,,,,0.7874999999999999,HIGH,recent demand momentum,inventory coverage,promotion context
2026-08-22,S04,P220,4.0,6.46,2.46,2.46,,,,0.7874999999999999,HIGH,recent demand momentum,inventory coverage,promotion context
2026-08-24,S04,P220,1.0,5.46,4.46,4.46,,,,0.7874999999999999,HIGH,recent demand momentum,inventory coverage,promotion context
2026-08-20,S05,P101,77.0,104.3,27.299999999999997,27.299999999999997,,,,0.7874999999999999,HIGH,recent demand momentum,inventory coverage,promotion context
2026-08-21,S05,P101,69.0,108.816,39.816,39.816,,,,0.7874999999999999,HIGH,recent demand momentum,inventory coverage,promotion context
2026-08-22,S05,P101,74.0,87.912,13.912000000000006,13.912000000000006,,,,0.7874999999999999,HIGH,recent demand momentum,inventory coverage,promotion context
2026-08-23,S05,P101,68.0,88.7,20.700000000000003,20.700000000000003,,,,0.7874999999999999,HIGH,recent demand momentum,inventory coverage,promotion context
2026-08-24,S05,P101,74.0,87.8,13.799999999999997,13.799999999999997,,,,0.7874999999999999,HIGH,recent demand momentum,inventory coverage,promotion context
2026-08-25,S05,P101,67.0,96.916,29.915999999999997,29.915999999999997,0.0,LOW,0.0,0.7874999999999999,HIGH,recent demand momentum,inventory coverage,promotion context
2026-08-20,S05,P103,139.0,182.1,43.099999999999994,43.099999999999994,,,,0.7874999999999999,HIGH,recent demand momentum,inventory coverage,promotion context
2026-08-21,S05,P103,144.0,191.268,47.268,47.268,,,,0.7874999999999999,HIGH,recent demand momentum,inventory coverage,promotion context
2026-08-22,S05,P103,145.0,186.552,41.55199999999999,41.55199999999999,,,,0.7874999999999999,HIGH,recent demand momentum,inventory coverage,promotion context
2026-08-23,S05,P103,144.0,175.964,31.964,31.964,,,,0.7874999999999999,HIGH,recent demand momentum,inventory coverage,promotion context
2026-08-24,S05,P103,146.0,171.604,25.604000000000013,25.604000000000013,,,,0.7874999999999999,HIGH,recent demand momentum,inventory coverage,promotion context
2026-08-25,S05,P103,135.0,172.084,37.084,37.084,0.0,LOW,0.0,0.7874999999999999,HIGH,recent demand momentum,inventory coverage,promotion context
2026-08-20,S05,P104,25.0,24.044,-0.9559999999999995,0.9559999999999995,,,,0.7874999999999999,HIGH,recent demand momentum,inventory coverage,promotion context
2026-08-21,S05,P104,30.0,27.056,-2.943999999999999,2.943999999999999,,,,0.7874999999999999,HIGH,recent demand momentum,inventory coverage,promotion context
2026-08-22,S05,P104,35.0,32.532,-2.4680000000000035,2.4680000000000035,,,,0.7874999999999999,HIGH,recent demand momentum,inventory coverage,promotion context
2026-08-23,S05,P104,33.0,34.228,1.2280000000000015,1.2280000000000015,,,,0.7874999999999999,HIGH,recent demand momentum,inventory coverage,promotion context
2026-08-24,S05,P104,33.0,33.732,0.7319999999999993,0.7319999999999993,,,,0.7874999999999999,HIGH,recent demand momentum,inventory coverage,promotion context
2026-08-25,S05,P104,30.0,26.408,-3.5919999999999987,3.5919999999999987,0.0,LOW,0.0,0.7874999999999999,HIGH,recent demand momentum,inventory coverage,promotion context
2026-08-20,S05,P105,15.0,13.556,-1.4440000000000008,1.4440000000000008,,,,0.7874999999999999,HIGH,recent demand momentum,inventory coverage,promotion context
2026-08-21,S05,P105,17.0,13.52,-3.4800000000000004,3.4800000000000004,,,,0.7874999999999999,HIGH,recent demand momentum,inventory coverage,promotion context
2026-08-22,S05,P105,19.0,11.604,-7.396000000000001,7.396000000000001,,,,0.7874999999999999,HIGH,recent demand momentum,inventory coverage,promotion context
2026-08-23,S05,P105,19.0,12.852,-6.148,6.148,,,,0.7874999999999999,HIGH,recent demand momentum,inventory coverage,promotion context
2026-08-25,S05,P105,13.0,13.068,0.06799999999999962,0.06799999999999962,0.0,LOW,0.0,0.7874999999999999,HIGH,recent demand momentum,inventory coverage,promotion context
2026-08-20,S05,P106,0.0,8.612,8.612,8.612,,,,0.7874999999999999,HIGH,recent demand momentum,inventory coverage,promotion context
2026-08-21,S05,P107,2.0,5.632,3.6319999999999997,3.6319999999999997,,,,0.7874999999999999,HIGH,recent demand momentum,inventory coverage,promotion context
2026-08-24,S05,P107,2.0,5.896,3.896,3.896,,,,0.7874999999999999,HIGH,recent demand momentum,inventory coverage,promotion context
2026-08-21,S05,P108,14.0,9.532,-4.468,4.468,,,,0.7874999999999999,HIGH,recent demand momentum,inventory coverage,promotion context
2026-08-23,S05,P108,15.0,9.46,-5.539999999999999,5.539999999999999,,,,0.7874999999999999,HIGH,recent demand momentum,inventory coverage,promotion context
2026-08-25,S05,P108,11.0,10.068,-0.9320000000000004,0.9320000000000004,,,,0.7874999999999999,HIGH,recent demand momentum,inventory coverage,promotion context
2026-08-20,S05,P109,34.0,36.908,2.9080000000000013,2.9080000000000013,,,,0.7874999999999999,HIGH,recent demand momentum,inventory coverage,promotion context
2026-08-21,S05,P109,34.0,38.3,4.299999999999997,4.299999999999997,,,,0.7874999999999999,HIGH,recent demand momentum,inventory coverage,promotion context
2026-08-22,S05,P109,36.0,37.764,1.764000000000003,1.764000000000003,,,,0.7874999999999999,HIGH,recent demand momentum,inventory coverage,promotion context
2026-08-23,S05,P109,37.0,38.504,1.5039999999999978,1.5039999999999978,,,,0.7874999999999999,HIGH,recent demand momentum,inventory coverage,promotion context
2026-08-24,S05,P109,39.0,37.192,-1.8079999999999998,1.8079999999999998,,,,0.7874999999999999,HIGH,recent demand momentum,inventory coverage,promotion context
2026-08-25,S05,P109,34.0,38.812,4.811999999999998,4.811999999999998,,,,0.7874999999999999,HIGH,recent demand momentum,inventory coverage,promotion context
2026-08-20,S05,P110,806.0,833.996,27.99599999999998,27.99599999999998,,,,0.7874999999999999,HIGH,recent demand momentum,inventory coverage,promotion context
2026-08-21,S05,P110,785.0,791.036,6.0359999999999445,6.0359999999999445,,,,0.7874999999999999,HIGH,recent demand momentum,inventory coverage,promotion context
2026-08-22,S05,P110,790.0,798.512,8.511999999999944,8.511999999999944,,,,0.7874999999999999,HIGH,recent demand momentum,inventory coverage,promotion context
2026-08-23,S05,P110,776.0,777.212,1.211999999999989,1.211999999999989,,,,0.7874999999999999,HIGH,recent demand momentum,inventory coverage,promotion context
2026-08-24,S05,P110,785.0,779.124,-5.875999999999976,5.875999999999976,,,,0.7874999999999999,HIGH,recent demand momentum,inventory coverage,promotion context
2026-08-25,S05,P110,659.0,799.068,140.06799999999998,140.06799999999998,,,,0.7874999999999999,HIGH,recent demand momentum,inventory coverage,promotion context
2026-08-20,S05,P111,40.0,53.708,13.707999999999998,13.707999999999998,,,,0.7874999999999999,HIGH,recent demand momentum,inventory coverage,promotion context
2026-08-21,S05,P111,39.0,48.58,9.579999999999998,9.579999999999998,,,,0.7874999999999999,HIGH,recent demand momentum,inventory coverage,promotion context
2026-08-22,S05,P111,47.0,52.116,5.116,5.116,,,,0.7874999999999999,HIGH,recent demand momentum,inventory coverage,promotion context
2026-08-23,S05,P111,44.0,51.228,7.2280000000000015,7.2280000000000015,,,,0.7874999999999999,HIGH,recent demand momentum,inventory coverage,promotion context
2026-08-24,S05,P111,48.0,52.248,4.2479999999999976,4.2479999999999976,,,,0.7874999999999999,HIGH,recent demand momentum,inventory coverage,promotion context
2026-08-25,S05,P111,44.0,50.164,6.1640000000000015,6.1640000000000015,,,,0.7874999999999999,HIGH,recent demand momentum,inventory coverage,promotion context
2026-08-21,S05,P112,5.0,10.928,5.928000000000001,5.928000000000001,,,,0.7874999999999999,HIGH,recent demand momentum,inventory coverage,promotion context
2026-08-22,S05,P112,1.0,9.484,8.484,8.484,,,,0.7874999999999999,HIGH,recent demand momentum,inventory coverage,promotion context
2026-08-23,S05,P112,4.0,10.768,6.768000000000001,6.768000000000001,,,,0.7874999999999999,HIGH,recent demand momentum,inventory coverage,promotion context
2026-08-21,S05,P113,10.0,23.288,13.288,13.288,,,,0.7874999999999999,HIGH,recent demand momentum,inventory coverage,promotion context
2026-08-24,S05,P113,13.0,28.52,15.52,15.52,,,,0.7874999999999999,HIGH,recent demand momentum,inventory coverage,promotion context
2026-08-20,S05,P114,22.0,28.388,6.388000000000002,6.388000000000002,,,,0.7874999999999999,HIGH,recent demand momentum,inventory coverage,promotion context
2026-08-21,S05,P114,24.0,31.976,7.975999999999999,7.975999999999999,,,,0.7874999999999999,HIGH,recent demand momentum,inventory coverage,promotion context
2026-08-22,S05,P114,24.0,29.868,5.8679999999999986,5.8679999999999986,,,,0.7874999999999999,HIGH,recent demand momentum,inventory coverage,promotion context
2026-08-23,S05,P114,26.0,30.772,4.7719999999999985,4.7719999999999985,,,,0.7874999999999999,HIGH,recent demand momentum,inventory coverage,promotion context
2026-08-24,S05,P114,24.0,30.524,6.524000000000001,6.524000000000001,,,,0.7874999999999999,HIGH,recent demand momentum,inventory coverage,promotion context
2026-08-25,S05,P114,23.0,28.956,5.9559999999999995,5.9559999999999995,0.0,LOW,0.0,0.7874999999999999,HIGH,recent demand momentum,inventory coverage,promotion context
2026-08-23,S05,P115,5.0,12.344,7.343999999999999,7.343999999999999,,,,0.7874999999999999,HIGH,recent demand momentum,inventory coverage,promotion context
2026-08-24,S05,P115,5.0,9.06,4.0600000000000005,4.0600000000000005,,,,0.7874999999999999,HIGH,recent demand momentum,inventory coverage,promotion context
2026-08-20,S05,P116,12.0,25.476,13.475999999999999,13.475999999999999,,,,0.7874999999999999,HIGH,recent demand momentum,inventory coverage,promotion context
2026-08-21,S05,P116,16.0,24.548,8.547999999999998,8.547999999999998,,,,0.7874999999999999,HIGH,recent demand momentum,inventory coverage,promotion context
2026-08-22,S05,P116,17.0,32.916,15.915999999999997,15.915999999999997,,,,0.7874999999999999,HIGH,recent demand momentum,inventory coverage,promotion context
2026-08-23,S05,P116,21.0,27.696,6.6960000000000015,6.6960000000000015,,,,0.7874999999999999,HIGH,recent demand momentum,inventory coverage,promotion context
2026-08-24,S05,P116,22.0,31.008,9.008,9.008,,,,0.7874999999999999,HIGH,recent demand momentum,inventory coverage,promotion context
2026-08-25,S05,P116,21.0,24.688,3.687999999999999,3.687999999999999,,,,0.7874999999999999,HIGH,recent demand momentum,inventory coverage,promotion context
2026-08-20,S05,P117,13.0,19.576,6.5760000000000005,6.5760000000000005,,,,0.7874999999999999,HIGH,recent demand momentum,inventory coverage,promotion context
2026-08-21,S05,P117,17.0,19.464,2.4639999999999986,2.4639999999999986,,,,0.7874999999999999,HIGH,recent demand momentum,inventory coverage,promotion context
2026-08-24,S05,P117,23.0,18.584,-4.416,4.416,,,,0.7874999999999999,HIGH,recent demand momentum,inventory coverage,promotion context
2026-08-25,S05,P117,22.0,16.272,-5.7280000000000015,5.7280000000000015,,,,0.7874999999999999,HIGH,recent demand momentum,inventory coverage,promotion context
2026-08-22,S05,P118,6.0,17.268,11.268,11.268,,,,0.7874999999999999,HIGH,recent demand momentum,inventory coverage,promotion context
2026-08-24,S05,P118,14.0,20.58,6.579999999999998,6.579999999999998,,,,0.7874999999999999,HIGH,recent demand momentum,inventory coverage,promotion context
2026-08-25,S05,P118,13.0,20.052,7.052,7.052,,,,0.7874999999999999,HIGH,recent demand momentum,inventory coverage,promotion context
2026-08-20,S05,P119,8.0,18.508,10.508,10.508,,,,0.7874999999999999,HIGH,recent demand momentum,inventory coverage,promotion context
2026-08-23,S05,P119,12.0,17.82,5.82,5.82,,,,0.7874999999999999,HIGH,recent demand momentum,inventory coverage,promotion context
2026-08-20,S05,P120,19.0,19.184,0.18400000000000105,0.18400000000000105,,,,0.7874999999999999,HIGH,recent demand momentum,inventory coverage,promotion context
2026-08-21,S05,P120,16.0,19.292,3.2920000000000016,3.2920000000000016,,,,0.7874999999999999,HIGH,recent demand momentum,inventory coverage,promotion context
2026-08-22,S05,P120,17.0,19.176,2.1759999999999984,2.1759999999999984,,,,0.7874999999999999,HIGH,recent demand momentum,inventory coverage,promotion context
2026-08-23,S05,P120,16.0,18.868,2.8679999999999986,2.8679999999999986,,,,0.7874999999999999,HIGH,recent demand momentum,inventory coverage,promotion context
2026-08-24,S05,P120,8.0,21.284,13.283999999999999,13.283999999999999,,,,0.7874999999999999,HIGH,recent demand momentum,inventory coverage,promotion context
2026-08-25,S05,P120,7.0,21.032,14.032,14.032,,,,0.7874999999999999,HIGH,recent demand momentum,inventory coverage,promotion context
2026-08-20,S05,P121,1.0,13.924,12.924,12.924,,,,0.7874999999999999,HIGH,recent demand momentum,inventory coverage,promotion context
2026-08-21,S05,P121,2.0,16.472,14.472000000000001,14.472000000000001,,,,0.7874999999999999,HIGH,recent demand momentum,inventory coverage,promotion context
2026-08-20,S05,P122,21.0,26.644,5.643999999999998,5.643999999999998,,,,0.7874999999999999,HIGH,recent demand momentum,inventory coverage,promotion context
2026-08-21,S05,P122,23.0,26.228,3.2280000000000015,3.2280000000000015,,,,0.7874999999999999,HIGH,recent demand momentum,inventory coverage,promotion context
2026-08-22,S05,P122,29.0,25.028,-3.9720000000000013,3.9720000000000013,,,,0.7874999999999999,HIGH,recent demand momentum,inventory coverage,promotion context
2026-08-23,S05,P122,29.0,26.736,-2.2639999999999993,2.2639999999999993,,,,0.7874999999999999,HIGH,recent demand momentum,inventory coverage,promotion context
2026-08-24,S05,P122,30.0,34.18,4.18,4.18,,,,0.7874999999999999,HIGH,recent demand momentum,inventory coverage,promotion context
2026-08-25,S05,P122,24.0,29.856,5.856000000000002,5.856000000000002,0.0,LOW,0.0,0.7874999999999999,HIGH,recent demand momentum,inventory coverage,promotion context
2026-08-20,S05,P123,105.0,170.544,65.54400000000001,65.54400000000001,,,,0.7874999999999999,HIGH,recent demand momentum,inventory coverage,promotion context
2026-08-21,S05,P123,110.0,167.54,57.53999999999999,57.53999999999999,,,,0.7874999999999999,HIGH,recent demand momentum,inventory coverage,promotion context
2026-08-22,S05,P123,124.0,124.648,0.6479999999999961,0.6479999999999961,,,,0.7874999999999999,HIGH,recent demand momentum,inventory coverage,promotion context
2026-08-23,S05,P123,117.0,167.112,50.111999999999995,50.111999999999995,,,,0.7874999999999999,HIGH,recent demand momentum,inventory coverage,promotion context
2026-08-24,S05,P123,106.0,120.7,14.700000000000003,14.700000000000003,,,,0.7874999999999999,HIGH,recent demand momentum,inventory coverage,promotion context
2026-08-25,S05,P123,90.0,124.316,34.316,34.316,,,,0.7874999999999999,HIGH,recent demand momentum,inventory coverage,promotion context
2026-08-20,S05,P124,72.0,65.236,-6.763999999999996,6.763999999999996,,,,0.7874999999999999,HIGH,recent demand momentum,inventory coverage,promotion context
2026-08-21,S05,P124,75.0,73.252,-1.7480000000000047,1.7480000000000047,,,,0.7874999999999999,HIGH,recent demand momentum,inventory coverage,promotion context
2026-08-22,S05,P124,74.0,68.768,-5.231999999999999,5.231999999999999,,,,0.7874999999999999,HIGH,recent demand momentum,inventory coverage,promotion context
2026-08-23,S05,P124,55.0,69.36,14.36,14.36,,,,0.7874999999999999,HIGH,recent demand momentum,inventory coverage,promotion context
2026-08-24,S05,P124,60.0,69.672,9.671999999999997,9.671999999999997,,,,0.7874999999999999,HIGH,recent demand momentum,inventory coverage,promotion context
2026-08-25,S05,P124,53.0,63.5,10.5,10.5,0.0,LOW,0.0,0.7874999999999999,HIGH,recent demand momentum,inventory coverage,promotion context
2026-08-20,S05,P125,27.0,14.82,-12.18,12.18,,,,0.7874999999999999,HIGH,recent demand momentum,inventory coverage,promotion context
2026-08-21,S05,P125,22.0,13.484,-8.516,8.516,,,,0.7874999999999999,HIGH,recent demand momentum,inventory coverage,promotion context
2026-08-22,S05,P125,23.0,14.472,-8.528,8.528,,,,0.7874999999999999,HIGH,recent demand momentum,inventory coverage,promotion context
2026-08-23,S05,P125,23.0,15.108,-7.8919999999999995,7.8919999999999995,,,,0.7874999999999999,HIGH,recent demand momentum,inventory coverage,promotion context
2026-08-24,S05,P125,26.0,18.088,-7.911999999999999,7.911999999999999,,,,0.7874999999999999,HIGH,recent demand momentum,inventory coverage,promotion context
2026-08-25,S05,P125,18.0,14.716,-3.2840000000000007,3.2840000000000007,,,,0.7874999999999999,HIGH,recent demand momentum,inventory coverage,promotion context
2026-08-20,S05,P126,89.0,74.436,-14.563999999999993,14.563999999999993,,,,0.7874999999999999,HIGH,recent demand momentum,inventory coverage,promotion context
2026-08-21,S05,P126,86.0,73.208,-12.792000000000002,12.792000000000002,,,,0.7874999999999999,HIGH,recent demand momentum,inventory coverage,promotion context
2026-08-22,S05,P126,88.0,76.64,-11.36,11.36,,,,0.7874999999999999,HIGH,recent demand momentum,inventory coverage,promotion context
2026-08-23,S05,P126,90.0,75.896,-14.104,14.104,,,,0.7874999999999999,HIGH,recent demand momentum,inventory coverage,promotion context
2026-08-24,S05,P126,89.0,75.912,-13.087999999999994,13.087999999999994,,,,0.7874999999999999,HIGH,recent demand momentum,inventory coverage,promotion context
2026-08-25,S05,P126,73.0,73.448,0.4479999999999933,0.4479999999999933,0.0,LOW,0.0,0.7874999999999999,HIGH,recent demand momentum,inventory coverage,promotion context
2026-08-20,S05,P127,140.0,184.544,44.54400000000001,44.54400000000001,,,,0.7874999999999999,HIGH,recent demand momentum,inventory coverage,promotion context
2026-08-21,S05,P127,163.0,174.76,11.759999999999991,11.759999999999991,,,,0.7874999999999999,HIGH,recent demand momentum,inventory coverage,promotion context
2026-08-22,S05,P127,185.0,177.416,-7.584000000000003,7.584000000000003,,,,0.7874999999999999,HIGH,recent demand momentum,inventory coverage,promotion context
2026-08-23,S05,P127,167.0,172.456,5.455999999999989,5.455999999999989,,,,0.7874999999999999,HIGH,recent demand momentum,inventory coverage,promotion context
2026-08-24,S05,P127,177.0,175.336,-1.6639999999999873,1.6639999999999873,,,,0.7874999999999999,HIGH,recent demand momentum,inventory coverage,promotion context
2026-08-25,S05,P127,151.0,175.664,24.663999999999987,24.663999999999987,0.0,LOW,0.0,0.7874999999999999,HIGH,recent demand momentum,inventory coverage,promotion context
2026-08-20,S05,P128,14.0,26.896,12.896,12.896,,,,0.7874999999999999,HIGH,recent demand momentum,inventory coverage,promotion context
2026-08-22,S05,P128,21.0,27.888,6.888000000000002,6.888000000000002,,,,0.7874999999999999,HIGH,recent demand momentum,inventory coverage,promotion context
2026-08-24,S05,P128,33.0,28.78,-4.219999999999999,4.219999999999999,,,,0.7874999999999999,HIGH,recent demand momentum,inventory coverage,promotion context
2026-08-25,S05,P128,31.0,27.264,-3.7360000000000007,3.7360000000000007,0.0,LOW,0.0,0.7874999999999999,HIGH,recent demand momentum,inventory coverage,promotion context
2026-08-20,S05,P129,112.0,115.552,3.5520000000000067,3.5520000000000067,,,,0.7874999999999999,HIGH,recent demand momentum,inventory coverage,promotion context
2026-08-21,S05,P129,114.0,115.956,1.956000000000003,1.956000000000003,,,,0.7874999999999999,HIGH,recent demand momentum,inventory coverage,promotion context
2026-08-22,S05,P129,117.0,117.232,0.23199999999999932,0.23199999999999932,,,,0.7874999999999999,HIGH,recent demand momentum,inventory coverage,promotion context
2026-08-23,S05,P129,113.0,114.804,1.804000000000002,1.804000000000002,,,,0.7874999999999999,HIGH,recent demand momentum,inventory coverage,promotion context
2026-08-24,S05,P129,131.0,113.808,-17.191999999999993,17.191999999999993,,,,0.7874999999999999,HIGH,recent demand momentum,inventory coverage,promotion context
2026-08-25,S05,P129,117.0,115.352,-1.6479999999999961,1.6479999999999961,0.0,LOW,0.0,0.7874999999999999,HIGH,recent demand momentum,inventory coverage,promotion context
2026-08-20,S05,P130,200.0,207.7,7.699999999999989,7.699999999999989,,,,0.7874999999999999,HIGH,recent demand momentum,inventory coverage,promotion context
2026-08-21,S05,P130,199.0,256.136,57.136000000000024,57.136000000000024,,,,0.7874999999999999,HIGH,recent demand momentum,inventory coverage,promotion context
2026-08-22,S05,P130,203.0,273.3,70.30000000000001,70.30000000000001,,,,0.7874999999999999,HIGH,recent demand momentum,inventory coverage,promotion context
2026-08-23,S05,P130,193.0,264.3,71.30000000000001,71.30000000000001,,,,0.7874999999999999,HIGH,recent demand momentum,inventory coverage,promotion context
2026-08-24,S05,P130,204.0,212.412,8.412000000000006,8.412000000000006,,,,0.7874999999999999,HIGH,recent demand momentum,inventory coverage,promotion context
2026-08-25,S05,P130,171.0,276.876,105.87599999999998,105.87599999999998,0.0,LOW,0.0,0.7874999999999999,HIGH,recent demand momentum,inventory coverage,promotion context
2026-08-20,S05,P131,84.0,119.752,35.751999999999995,35.751999999999995,,,,0.7874999999999999,HIGH,recent demand momentum,inventory coverage,promotion context
2026-08-21,S05,P131,70.0,118.832,48.831999999999994,48.831999999999994,,,,0.7874999999999999,HIGH,recent demand momentum,inventory coverage,promotion context
2026-08-22,S05,P131,74.0,115.948,41.94799999999999,41.94799999999999,,,,0.7874999999999999,HIGH,recent demand momentum,inventory coverage,promotion context
2026-08-23,S05,P131,77.0,121.996,44.995999999999995,44.995999999999995,,,,0.7874999999999999,HIGH,recent demand momentum,inventory coverage,promotion context
2026-08-24,S05,P131,81.0,109.464,28.464,28.464,,,,0.7874999999999999,HIGH,recent demand momentum,inventory coverage,promotion context
2026-08-25,S05,P131,71.0,115.608,44.608000000000004,44.608000000000004,0.0,LOW,0.0,0.7874999999999999,HIGH,recent demand momentum,inventory coverage,promotion context
2026-08-20,S05,P132,67.0,57.716,-9.283999999999999,9.283999999999999,,,,0.7874999999999999,HIGH,recent demand momentum,inventory coverage,promotion context
2026-08-21,S05,P132,61.0,51.988,-9.012,9.012,,,,0.7874999999999999,HIGH,recent demand momentum,inventory coverage,promotion context
2026-08-23,S05,P132,64.0,50.556,-13.444000000000003,13.444000000000003,,,,0.7874999999999999,HIGH,recent demand momentum,inventory coverage,promotion context
2026-08-24,S05,P132,60.0,52.86,-7.140000000000001,7.140000000000001,,,,0.7874999999999999,HIGH,recent demand momentum,inventory coverage,promotion context
2026-08-25,S05,P132,39.0,54.916,15.915999999999997,15.915999999999997,,,,0.7874999999999999,HIGH,recent demand momentum,inventory coverage,promotion context
2026-08-20,S05,P133,245.0,262.188,17.187999999999988,17.187999999999988,,,,0.7874999999999999,HIGH,recent demand momentum,inventory coverage,promotion context
2026-08-21,S05,P133,251.0,270.94,19.939999999999998,19.939999999999998,,,,0.7874999999999999,HIGH,recent demand momentum,inventory coverage,promotion context
2026-08-22,S05,P133,241.0,271.736,30.73599999999999,30.73599999999999,,,,0.7874999999999999,HIGH,recent demand momentum,inventory coverage,promotion context
2026-08-23,S05,P133,229.0,277.108,48.108000000000004,48.108000000000004,,,,0.7874999999999999,HIGH,recent demand momentum,inventory coverage,promotion context
2026-08-24,S05,P133,223.0,274.752,51.75200000000001,51.75200000000001,,,,0.7874999999999999,HIGH,recent demand momentum,inventory coverage,promotion context
2026-08-25,S05,P133,200.0,271.128,71.12799999999999,71.12799999999999,0.0,LOW,0.0,0.7874999999999999,HIGH,recent demand momentum,inventory coverage,promotion context
2026-08-20,S05,P134,100.0,111.312,11.311999999999998,11.311999999999998,,,,0.7874999999999999,HIGH,recent demand momentum,inventory coverage,promotion context
2026-08-21,S05,P134,87.0,108.3,21.299999999999997,21.299999999999997,,,,0.7874999999999999,HIGH,recent demand momentum,inventory coverage,promotion context
2026-08-22,S05,P134,95.0,107.828,12.828000000000003,12.828000000000003,,,,0.7874999999999999,HIGH,recent demand momentum,inventory coverage,promotion context
2026-08-23,S05,P134,82.0,111.48,29.480000000000004,29.480000000000004,,,,0.7874999999999999,HIGH,recent demand momentum,inventory coverage,promotion context
2026-08-24,S05,P134,87.0,116.996,29.995999999999995,29.995999999999995,,,,0.7874999999999999,HIGH,recent demand momentum,inventory coverage,promotion context
2026-08-25,S05,P134,75.0,114.516,39.516000000000005,39.516000000000005,,,,0.7874999999999999,HIGH,recent demand momentum,inventory coverage,promotion context
2026-08-20,S05,P135,61.0,52.504,-8.496000000000002,8.496000000000002,,,,0.7874999999999999,HIGH,recent demand momentum,inventory coverage,promotion context
2026-08-21,S05,P135,56.0,49.456,-6.543999999999997,6.543999999999997,,,,0.7874999999999999,HIGH,recent demand momentum,inventory coverage,promotion context
2026-08-22,S05,P135,56.0,52.168,-3.8320000000000007,3.8320000000000007,,,,0.7874999999999999,HIGH,recent demand momentum,inventory coverage,promotion context
2026-08-23,S05,P135,63.0,51.728,-11.271999999999998,11.271999999999998,,,,0.7874999999999999,HIGH,recent demand momentum,inventory coverage,promotion context
2026-08-24,S05,P135,55.0,47.64,-7.359999999999999,7.359999999999999,,,,0.7874999999999999,HIGH,recent demand momentum,inventory coverage,promotion context
2026-08-25,S05,P135,46.0,47.356,1.3560000000000016,1.3560000000000016,0.0,LOW,0.0,0.7874999999999999,HIGH,recent demand momentum,inventory coverage,promotion context
2026-08-23,S05,P136,2.0,6.672,4.672,4.672,,,,0.7874999999999999,HIGH,recent demand momentum,inventory coverage,promotion context
2026-08-20,S05,P137,98.0,80.532,-17.468000000000004,17.468000000000004,,,,0.7874999999999999,HIGH,recent demand momentum,inventory coverage,promotion context
2026-08-21,S05,P137,98.0,80.352,-17.647999999999996,17.647999999999996,,,,0.7874999999999999,HIGH,recent demand momentum,inventory coverage,promotion context
2026-08-22,S05,P137,99.0,84.096,-14.903999999999996,14.903999999999996,,,,0.7874999999999999,HIGH,recent demand momentum,inventory coverage,promotion context
2026-08-23,S05,P137,104.0,89.228,-14.772000000000006,14.772000000000006,,,,0.7874999999999999,HIGH,recent demand momentum,inventory coverage,promotion context
2026-08-24,S05,P137,93.0,85.332,-7.668000000000006,7.668000000000006,,,,0.7874999999999999,HIGH,recent demand momentum,inventory coverage,promotion context
2026-08-25,S05,P137,59.0,85.308,26.308000000000007,26.308000000000007,0.0,LOW,0.0,0.7874999999999999,HIGH,recent demand momentum,inventory coverage,promotion context
2026-08-20,S05,P138,36.0,58.12,22.119999999999997,22.119999999999997,,,,0.7874999999999999,HIGH,recent demand momentum,inventory coverage,promotion context
2026-08-21,S05,P138,37.0,52.604,15.604,15.604,,,,0.7874999999999999,HIGH,recent demand momentum,inventory coverage,promotion context
2026-08-22,S05,P138,39.0,56.884,17.884,17.884,,,,0.7874999999999999,HIGH,recent demand momentum,inventory coverage,promotion context
2026-08-23,S05,P138,34.0,54.856,20.856,20.856,,,,0.7874999999999999,HIGH,recent demand momentum,inventory coverage,promotion context
2026-08-24,S05,P138,32.0,56.128,24.128,24.128,,,,0.7874999999999999,HIGH,recent demand momentum,inventory coverage,promotion context
2026-08-25,S05,P138,29.0,57.292,28.292,28.292,,,,0.7874999999999999,HIGH,recent demand momentum,inventory coverage,promotion context
2026-08-23,S05,P139,14.0,12.62,-1.3800000000000008,1.3800000000000008,,,,0.7874999999999999,HIGH,recent demand momentum,inventory coverage,promotion context
2026-08-20,S05,P140,15.0,27.584,12.584,12.584,,,,0.7874999999999999,HIGH,recent demand momentum,inventory coverage,promotion context
2026-08-21,S05,P140,18.0,28.508,10.508,10.508,,,,0.7874999999999999,HIGH,recent demand momentum,inventory coverage,promotion context
2026-08-22,S05,P140,19.0,29.324,10.324000000000002,10.324000000000002,,,,0.7874999999999999,HIGH,recent demand momentum,inventory coverage,promotion context
2026-08-23,S05,P140,20.0,27.976,7.975999999999999,7.975999999999999,,,,0.7874999999999999,HIGH,recent demand momentum,inventory coverage,promotion context
2026-08-24,S05,P140,22.0,29.596,7.596,7.596,,,,0.7874999999999999,HIGH,recent demand momentum,inventory coverage,promotion context
2026-08-25,S05,P140,17.0,22.868,5.8679999999999986,5.8679999999999986,,,,0.7874999999999999,HIGH,recent demand momentum,inventory coverage,promotion context
2026-08-20,S05,P141,20.0,27.744,7.744,7.744,,,,0.7874999999999999,HIGH,recent demand momentum,inventory coverage,promotion context
2026-08-23,S05,P141,17.0,25.22,8.219999999999999,8.219999999999999,,,,0.7874999999999999,HIGH,recent demand momentum,inventory coverage,promotion context
2026-08-24,S05,P141,14.0,24.164,10.164000000000001,10.164000000000001,,,,0.7874999999999999,HIGH,recent demand momentum,inventory coverage,promotion context
2026-08-25,S05,P141,9.0,24.708,15.707999999999998,15.707999999999998,0.0,LOW,0.0,0.7874999999999999,HIGH,recent demand momentum,inventory coverage,promotion context
2026-08-20,S05,P142,12.0,10.46,-1.5399999999999991,1.5399999999999991,,,,0.7874999999999999,HIGH,recent demand momentum,inventory coverage,promotion context
2026-08-22,S05,P142,11.0,10.892,-0.10800000000000054,0.10800000000000054,,,,0.7874999999999999,HIGH,recent demand momentum,inventory coverage,promotion context
2026-08-23,S05,P142,18.0,12.068,-5.932,5.932,,,,0.7874999999999999,HIGH,recent demand momentum,inventory coverage,promotion context
2026-08-24,S05,P142,15.0,9.976,-5.023999999999999,5.023999999999999,,,,0.7874999999999999,HIGH,recent demand momentum,inventory coverage,promotion context
2026-08-20,S05,P143,43.0,39.88,-3.1199999999999974,3.1199999999999974,,,,0.7874999999999999,HIGH,recent demand momentum,inventory coverage,promotion context
2026-08-21,S05,P143,48.0,41.464,-6.536000000000001,6.536000000000001,,,,0.7874999999999999,HIGH,recent demand momentum,inventory coverage,promotion context
2026-08-22,S05,P143,43.0,43.848,0.847999999999999,0.847999999999999,,,,0.7874999999999999,HIGH,recent demand momentum,inventory coverage,promotion context
2026-08-23,S05,P143,45.0,48.976,3.975999999999999,3.975999999999999,,,,0.7874999999999999,HIGH,recent demand momentum,inventory coverage,promotion context
2026-08-24,S05,P143,45.0,46.14,1.1400000000000006,1.1400000000000006,,,,0.7874999999999999,HIGH,recent demand momentum,inventory coverage,promotion context
2026-08-25,S05,P143,36.0,47.052,11.052,11.052,,,,0.7874999999999999,HIGH,recent demand momentum,inventory coverage,promotion context
2026-08-20,S05,P144,42.0,41.364,-0.6360000000000028,0.6360000000000028,,,,0.7874999999999999,HIGH,recent demand momentum,inventory coverage,promotion context
2026-08-21,S05,P144,44.0,41.172,-2.828000000000003,2.828000000000003,,,,0.7874999999999999,HIGH,recent demand momentum,inventory coverage,promotion context
2026-08-22,S05,P144,48.0,42.824,-5.176000000000002,5.176000000000002,,,,0.7874999999999999,HIGH,recent demand momentum,inventory coverage,promotion context
2026-08-23,S05,P144,43.0,43.008,0.008000000000002672,0.008000000000002672,,,,0.7874999999999999,HIGH,recent demand momentum,inventory coverage,promotion context
2026-08-24,S05,P144,45.0,46.216,1.216000000000001,1.216000000000001,,,,0.7874999999999999,HIGH,recent demand momentum,inventory coverage,promotion context
2026-08-25,S05,P144,38.0,44.756,6.756,6.756,0.0,LOW,0.0,0.7874999999999999,HIGH,recent demand momentum,inventory coverage,promotion context
2026-08-20,S05,P145,23.0,29.876,6.876000000000001,6.876000000000001,,,,0.7874999999999999,HIGH,recent demand momentum,inventory coverage,promotion context
2026-08-22,S05,P145,32.0,26.472,-5.527999999999999,5.527999999999999,,,,0.7874999999999999,HIGH,recent demand momentum,inventory coverage,promotion context
2026-08-23,S05,P145,29.0,26.588,-2.411999999999999,2.411999999999999,,,,0.7874999999999999,HIGH,recent demand momentum,inventory coverage,promotion context
2026-08-24,S05,P145,23.0,28.8,5.800000000000001,5.800000000000001,,,,0.7874999999999999,HIGH,recent demand momentum,inventory coverage,promotion context
2026-08-20,S05,P146,69.0,65.508,-3.4920000000000044,3.4920000000000044,,,,0.7874999999999999,HIGH,recent demand momentum,inventory coverage,promotion context
2026-08-21,S05,P146,68.0,66.572,-1.4279999999999973,1.4279999999999973,,,,0.7874999999999999,HIGH,recent demand momentum,inventory coverage,promotion context
2026-08-22,S05,P146,67.0,68.736,1.7360000000000042,1.7360000000000042,,,,0.7874999999999999,HIGH,recent demand momentum,inventory coverage,promotion context
2026-08-23,S05,P146,73.0,69.048,-3.951999999999998,3.951999999999998,,,,0.7874999999999999,HIGH,recent demand momentum,inventory coverage,promotion context
2026-08-24,S05,P146,79.0,64.684,-14.316000000000003,14.316000000000003,,,,0.7874999999999999,HIGH,recent demand momentum,inventory coverage,promotion context
2026-08-25,S05,P146,71.0,62.36,-8.64,8.64,0.0,LOW,0.0,0.7874999999999999,HIGH,recent demand momentum,inventory coverage,promotion context
2026-08-20,S05,P147,33.0,38.62,5.619999999999997,5.619999999999997,,,,0.7874999999999999,HIGH,recent demand momentum,inventory coverage,promotion context
2026-08-21,S05,P147,33.0,38.172,5.171999999999997,5.171999999999997,,,,0.7874999999999999,HIGH,recent demand momentum,inventory coverage,promotion context
2026-08-22,S05,P147,34.0,33.404,-0.5959999999999965,0.5959999999999965,,,,0.7874999999999999,HIGH,recent demand momentum,inventory coverage,promotion context
2026-08-23,S05,P147,33.0,37.264,4.264000000000003,4.264000000000003,,,,0.7874999999999999,HIGH,recent demand momentum,inventory coverage,promotion context
2026-08-24,S05,P147,33.0,37.724,4.723999999999997,4.723999999999997,,,,0.7874999999999999,HIGH,recent demand momentum,inventory coverage,promotion context
2026-08-25,S05,P147,29.0,40.892,11.892000000000003,11.892000000000003,,,,0.7874999999999999,HIGH,recent demand momentum,inventory coverage,promotion context
2026-08-21,S05,P148,11.0,10.576,-0.4239999999999995,0.4239999999999995,,,,0.7874999999999999,HIGH,recent demand momentum,inventory coverage,promotion context
2026-08-22,S05,P148,10.0,12.108,2.1080000000000005,2.1080000000000005,,,,0.7874999999999999,HIGH,recent demand momentum,inventory coverage,promotion context
2026-08-23,S05,P148,8.0,13.66,5.66,5.66,,,,0.7874999999999999,HIGH,recent demand momentum,inventory coverage,promotion context
2026-08-24,S05,P148,6.0,12.06,6.0600000000000005,6.0600000000000005,,,,0.7874999999999999,HIGH,recent demand momentum,inventory coverage,promotion context
2026-08-25,S05,P148,3.0,9.476,6.476000000000001,6.476000000000001,0.0,LOW,0.0,0.7874999999999999,HIGH,recent demand momentum,inventory coverage,promotion context
2026-08-20,S05,P149,17.0,30.588,13.588000000000001,13.588000000000001,,,,0.7874999999999999,HIGH,recent demand momentum,inventory coverage,promotion context
2026-08-21,S05,P149,20.0,31.932,11.931999999999999,11.931999999999999,,,,0.7874999999999999,HIGH,recent demand momentum,inventory coverage,promotion context
2026-08-22,S05,P149,20.0,25.932,5.931999999999999,5.931999999999999,,,,0.7874999999999999,HIGH,recent demand momentum,inventory coverage,promotion context
2026-08-23,S05,P149,19.0,26.644,7.643999999999998,7.643999999999998,,,,0.7874999999999999,HIGH,recent demand momentum,inventory coverage,promotion context
2026-08-24,S05,P149,28.0,27.196,-0.8039999999999985,0.8039999999999985,,,,0.7874999999999999,HIGH,recent demand momentum,inventory coverage,promotion context
2026-08-20,S05,P150,22.0,21.72,-0.28000000000000114,0.28000000000000114,,,,0.7874999999999999,HIGH,recent demand momentum,inventory coverage,promotion context
2026-08-21,S05,P150,24.0,22.3,-1.6999999999999993,1.6999999999999993,,,,0.7874999999999999,HIGH,recent demand momentum,inventory coverage,promotion context
2026-08-22,S05,P150,21.0,18.744,-2.2560000000000002,2.2560000000000002,,,,0.7874999999999999,HIGH,recent demand momentum,inventory coverage,promotion context
2026-08-23,S05,P150,18.0,21.0,3.0,3.0,,,,0.7874999999999999,HIGH,recent demand momentum,inventory coverage,promotion context
2026-08-24,S05,P150,16.0,28.12,12.120000000000001,12.120000000000001,,,,0.7874999999999999,HIGH,recent demand momentum,inventory coverage,promotion context
2026-08-25,S05,P150,11.0,15.684,4.683999999999999,4.683999999999999,0.0,LOW,0.0,0.7874999999999999,HIGH,recent demand momentum,inventory coverage,promotion context
2026-08-20,S05,P151,6.0,17.304,11.303999999999998,11.303999999999998,,,,0.7874999999999999,HIGH,recent demand momentum,inventory coverage,promotion context
2026-08-21,S05,P151,6.0,16.92,10.920000000000002,10.920000000000002,,,,0.7874999999999999,HIGH,recent demand momentum,inventory coverage,promotion context
2026-08-23,S05,P151,7.0,21.1,14.100000000000001,14.100000000000001,,,,0.7874999999999999,HIGH,recent demand momentum,inventory coverage,promotion context
2026-08-25,S05,P151,7.0,17.008,10.008,10.008,0.0,LOW,0.0,0.7874999999999999,HIGH,recent demand momentum,inventory coverage,promotion context
2026-08-20,S05,P152,60.0,69.356,9.355999999999995,9.355999999999995,,,,0.7874999999999999,HIGH,recent demand momentum,inventory coverage,promotion context
2026-08-21,S05,P152,47.0,72.404,25.403999999999996,25.403999999999996,,,,0.7874999999999999,HIGH,recent demand momentum,inventory coverage,promotion context
2026-08-22,S05,P152,47.0,80.36,33.36,33.36,,,,0.7874999999999999,HIGH,recent demand momentum,inventory coverage,promotion context
2026-08-23,S05,P152,52.0,82.756,30.756,30.756,,,,0.7874999999999999,HIGH,recent demand momentum,inventory coverage,promotion context
2026-08-24,S05,P152,52.0,81.244,29.244,29.244,,,,0.7874999999999999,HIGH,recent demand momentum,inventory coverage,promotion context
2026-08-25,S05,P152,46.0,81.816,35.816,35.816,,,,0.7874999999999999,HIGH,recent demand momentum,inventory coverage,promotion context
2026-08-20,S05,P153,61.0,58.652,-2.347999999999999,2.347999999999999,,,,0.7874999999999999,HIGH,recent demand momentum,inventory coverage,promotion context
2026-08-21,S05,P153,66.0,58.984,-7.015999999999998,7.015999999999998,,,,0.7874999999999999,HIGH,recent demand momentum,inventory coverage,promotion context
2026-08-22,S05,P153,57.0,57.972,0.9720000000000013,0.9720000000000013,,,,0.7874999999999999,HIGH,recent demand momentum,inventory coverage,promotion context
2026-08-23,S05,P153,50.0,66.008,16.007999999999996,16.007999999999996,,,,0.7874999999999999,HIGH,recent demand momentum,inventory coverage,promotion context
2026-08-24,S05,P153,59.0,63.076,4.0760000000000005,4.0760000000000005,,,,0.7874999999999999,HIGH,recent demand momentum,inventory coverage,promotion context
2026-08-25,S05,P153,58.0,61.964,3.9639999999999986,3.9639999999999986,0.0,LOW,0.0,0.7874999999999999,HIGH,recent demand momentum,inventory coverage,promotion context
2026-08-21,S05,P154,23.0,25.092,2.0919999999999987,2.0919999999999987,,,,0.7874999999999999,HIGH,recent demand momentum,inventory coverage,promotion context
2026-08-22,S05,P154,20.0,16.516,-3.4840000000000018,3.4840000000000018,,,,0.7874999999999999,HIGH,recent demand momentum,inventory coverage,promotion context
2026-08-23,S05,P154,21.0,21.676,0.6759999999999984,0.6759999999999984,,,,0.7874999999999999,HIGH,recent demand momentum,inventory coverage,promotion context
2026-08-24,S05,P154,23.0,22.7,-0.3000000000000007,0.3000000000000007,,,,0.7874999999999999,HIGH,recent demand momentum,inventory coverage,promotion context
2026-08-25,S05,P154,22.0,19.864,-2.1359999999999992,2.1359999999999992,1.0,HIGH,1.0,0.7874999999999999,HIGH,recent demand momentum,inventory coverage,promotion context
2026-08-20,S05,P155,16.0,27.772,11.771999999999998,11.771999999999998,,,,0.7874999999999999,HIGH,recent demand momentum,inventory coverage,promotion context
2026-08-22,S05,P155,29.0,29.44,0.4400000000000013,0.4400000000000013,,,,0.7874999999999999,HIGH,recent demand momentum,inventory coverage,promotion context
2026-08-23,S05,P155,31.0,28.48,-2.5199999999999996,2.5199999999999996,,,,0.7874999999999999,HIGH,recent demand momentum,inventory coverage,promotion context
2026-08-24,S05,P155,36.0,30.696,-5.3039999999999985,5.3039999999999985,,,,0.7874999999999999,HIGH,recent demand momentum,inventory coverage,promotion context
2026-08-25,S05,P155,34.0,28.704,-5.295999999999999,5.295999999999999,0.0,LOW,0.0,0.7874999999999999,HIGH,recent demand momentum,inventory coverage,promotion context
2026-08-20,S05,P156,152.0,80.528,-71.472,71.472,,,,0.7874999999999999,HIGH,recent demand momentum,inventory coverage,promotion context
2026-08-21,S05,P156,151.0,80.396,-70.604,70.604,,,,0.7874999999999999,HIGH,recent demand momentum,inventory coverage,promotion context
2026-08-22,S05,P156,150.0,78.324,-71.676,71.676,,,,0.7874999999999999,HIGH,recent demand momentum,inventory coverage,promotion context
2026-08-23,S05,P156,152.0,82.336,-69.664,69.664,,,,0.7874999999999999,HIGH,recent demand momentum,inventory coverage,promotion context
2026-08-24,S05,P156,145.0,82.64,-62.36,62.36,,,,0.7874999999999999,HIGH,recent demand momentum,inventory coverage,promotion context
2026-08-25,S05,P156,124.0,80.5,-43.5,43.5,0.0,LOW,0.0,0.7874999999999999,HIGH,recent demand momentum,inventory coverage,promotion context
2026-08-20,S05,P157,33.0,58.664,25.664,25.664,,,,0.7874999999999999,HIGH,recent demand momentum,inventory coverage,promotion context
2026-08-21,S05,P157,33.0,58.976,25.976,25.976,,,,0.7874999999999999,HIGH,recent demand momentum,inventory coverage,promotion context
2026-08-22,S05,P157,32.0,57.724,25.723999999999997,25.723999999999997,,,,0.7874999999999999,HIGH,recent demand momentum,inventory coverage,promotion context
2026-08-23,S05,P157,38.0,57.396,19.396,19.396,,,,0.7874999999999999,HIGH,recent demand momentum,inventory coverage,promotion context
2026-08-25,S05,P157,45.0,46.68,1.6799999999999997,1.6799999999999997,0.0,LOW,0.0,0.7874999999999999,HIGH,recent demand momentum,inventory coverage,promotion context
2026-08-20,S05,P158,168.0,159.484,-8.515999999999991,8.515999999999991,,,,0.7874999999999999,HIGH,recent demand momentum,inventory coverage,promotion context
2026-08-21,S05,P158,162.0,157.388,-4.611999999999995,4.611999999999995,,,,0.7874999999999999,HIGH,recent demand momentum,inventory coverage,promotion context
2026-08-22,S05,P158,186.0,161.068,-24.931999999999988,24.931999999999988,,,,0.7874999999999999,HIGH,recent demand momentum,inventory coverage,promotion context
2026-08-23,S05,P158,178.0,168.42,-9.580000000000013,9.580000000000013,,,,0.7874999999999999,HIGH,recent demand momentum,inventory coverage,promotion context
2026-08-24,S05,P158,175.0,168.208,-6.792000000000002,6.792000000000002,,,,0.7874999999999999,HIGH,recent demand momentum,inventory coverage,promotion context
2026-08-25,S05,P158,149.0,163.224,14.22399999999999,14.22399999999999,,,,0.7874999999999999,HIGH,recent demand momentum,inventory coverage,promotion context
2026-08-20,S05,P159,181.0,191.404,10.403999999999996,10.403999999999996,,,,0.7874999999999999,HIGH,recent demand momentum,inventory coverage,promotion context
2026-08-21,S05,P159,188.0,207.756,19.756,19.756,,,,0.7874999999999999,HIGH,recent demand momentum,inventory coverage,promotion context
2026-08-22,S05,P159,210.0,197.204,-12.795999999999992,12.795999999999992,,,,0.7874999999999999,HIGH,recent demand momentum,inventory coverage,promotion context
2026-08-23,S05,P159,210.0,209.048,-0.9519999999999982,0.9519999999999982,,,,0.7874999999999999,HIGH,recent demand momentum,inventory coverage,promotion context
2026-08-24,S05,P159,207.0,197.052,-9.948000000000008,9.948000000000008,,,,0.7874999999999999,HIGH,recent demand momentum,inventory coverage,promotion context
2026-08-25,S05,P159,174.0,203.272,29.27199999999999,29.27199999999999,0.0,LOW,0.0,0.7874999999999999,HIGH,recent demand momentum,inventory coverage,promotion context
2026-08-20,S05,P161,85.0,116.564,31.563999999999993,31.563999999999993,,,,0.7874999999999999,HIGH,recent demand momentum,inventory coverage,promotion context
2026-08-21,S05,P161,90.0,116.804,26.804000000000002,26.804000000000002,,,,0.7874999999999999,HIGH,recent demand momentum,inventory coverage,promotion context
2026-08-22,S05,P161,86.0,117.072,31.072000000000003,31.072000000000003,,,,0.7874999999999999,HIGH,recent demand momentum,inventory coverage,promotion context
2026-08-23,S05,P161,88.0,118.948,30.947999999999993,30.947999999999993,,,,0.7874999999999999,HIGH,recent demand momentum,inventory coverage,promotion context
2026-08-24,S05,P161,94.0,115.496,21.495999999999995,21.495999999999995,,,,0.7874999999999999,HIGH,recent demand momentum,inventory coverage,promotion context
2026-08-25,S05,P161,82.0,117.004,35.004000000000005,35.004000000000005,0.0,LOW,0.0,0.7874999999999999,HIGH,recent demand momentum,inventory coverage,promotion context
2026-08-20,S05,P163,128.0,118.344,-9.656000000000006,9.656000000000006,,,,0.7874999999999999,HIGH,recent demand momentum,inventory coverage,promotion context
2026-08-21,S05,P163,146.0,121.768,-24.232,24.232,,,,0.7874999999999999,HIGH,recent demand momentum,inventory coverage,promotion context
2026-08-22,S05,P163,139.0,114.976,-24.024,24.024,,,,0.7874999999999999,HIGH,recent demand momentum,inventory coverage,promotion context
2026-08-23,S05,P163,152.0,116.624,-35.376000000000005,35.376000000000005,,,,0.7874999999999999,HIGH,recent demand momentum,inventory coverage,promotion context
2026-08-24,S05,P163,156.0,117.976,-38.024,38.024,,,,0.7874999999999999,HIGH,recent demand momentum,inventory coverage,promotion context
2026-08-25,S05,P163,151.0,131.336,-19.663999999999987,19.663999999999987,0.0,LOW,0.0,0.7874999999999999,HIGH,recent demand momentum,inventory coverage,promotion context
2026-08-20,S05,P164,21.0,30.836,9.835999999999999,9.835999999999999,,,,0.7874999999999999,HIGH,recent demand momentum,inventory coverage,promotion context
2026-08-21,S05,P164,31.0,29.124,-1.8760000000000012,1.8760000000000012,,,,0.7874999999999999,HIGH,recent demand momentum,inventory coverage,promotion context
2026-08-22,S05,P164,27.0,27.504,0.5040000000000013,0.5040000000000013,,,,0.7874999999999999,HIGH,recent demand momentum,inventory coverage,promotion context
2026-08-23,S05,P164,24.0,31.432,7.431999999999999,7.431999999999999,,,,0.7874999999999999,HIGH,recent demand momentum,inventory coverage,promotion context
2026-08-24,S05,P164,37.0,23.832,-13.168,13.168,,,,0.7874999999999999,HIGH,recent demand momentum,inventory coverage,promotion context
2026-08-25,S05,P164,35.0,35.504,0.5039999999999978,0.5039999999999978,,,,0.7874999999999999,HIGH,recent demand momentum,inventory coverage,promotion context
2026-08-20,S05,P166,31.0,47.36,16.36,16.36,,,,0.7874999999999999,HIGH,recent demand momentum,inventory coverage,promotion context
2026-08-21,S05,P166,39.0,47.176,8.176000000000002,8.176000000000002,,,,0.7874999999999999,HIGH,recent demand momentum,inventory coverage,promotion context
2026-08-23,S05,P166,50.0,47.984,-2.0159999999999982,2.0159999999999982,,,,0.7874999999999999,HIGH,recent demand momentum,inventory coverage,promotion context
2026-08-24,S05,P166,49.0,54.288,5.287999999999997,5.287999999999997,,,,0.7874999999999999,HIGH,recent demand momentum,inventory coverage,promotion context
2026-08-25,S05,P166,45.0,66.044,21.043999999999997,21.043999999999997,0.0,LOW,0.0,0.7874999999999999,HIGH,recent demand momentum,inventory coverage,promotion context
2026-08-20,S05,P167,9.0,12.152,3.1519999999999992,3.1519999999999992,,,,0.7874999999999999,HIGH,recent demand momentum,inventory coverage,promotion context
2026-08-25,S05,P167,5.0,9.2,4.199999999999999,4.199999999999999,0.0,LOW,0.0,0.7874999999999999,HIGH,recent demand momentum,inventory coverage,promotion context
2026-08-21,S05,P168,5.0,11.984,6.984,6.984,,,,0.7874999999999999,HIGH,recent demand momentum,inventory coverage,promotion context
2026-08-23,S05,P168,16.0,12.476,-3.523999999999999,3.523999999999999,,,,0.7874999999999999,HIGH,recent demand momentum,inventory coverage,promotion context
2026-08-20,S05,P169,31.0,51.52,20.520000000000003,20.520000000000003,,,,0.7874999999999999,HIGH,recent demand momentum,inventory coverage,promotion context
2026-08-21,S05,P169,42.0,51.612,9.612000000000002,9.612000000000002,,,,0.7874999999999999,HIGH,recent demand momentum,inventory coverage,promotion context
2026-08-22,S05,P169,52.0,51.36,-0.6400000000000006,0.6400000000000006,,,,0.7874999999999999,HIGH,recent demand momentum,inventory coverage,promotion context
2026-08-23,S05,P169,50.0,46.672,-3.328000000000003,3.328000000000003,,,,0.7874999999999999,HIGH,recent demand momentum,inventory coverage,promotion context
2026-08-24,S05,P169,60.0,47.952,-12.048000000000002,12.048000000000002,,,,0.7874999999999999,HIGH,recent demand momentum,inventory coverage,promotion context
2026-08-25,S05,P169,50.0,57.436,7.436,7.436,,,,0.7874999999999999,HIGH,recent demand momentum,inventory coverage,promotion context
2026-08-23,S05,P170,11.0,9.668,-1.3320000000000007,1.3320000000000007,,,,0.7874999999999999,HIGH,recent demand momentum,inventory coverage,promotion context
2026-08-24,S05,P170,10.0,8.016,-1.984,1.984,,,,0.7874999999999999,HIGH,recent demand momentum,inventory coverage,promotion context
2026-08-25,S05,P170,8.0,7.864,-0.13600000000000012,0.13600000000000012,0.0,LOW,0.0,0.7874999999999999,HIGH,recent demand momentum,inventory coverage,promotion context
2026-08-20,S05,P171,25.0,38.516,13.515999999999998,13.515999999999998,,,,0.7874999999999999,HIGH,recent demand momentum,inventory coverage,promotion context
2026-08-21,S05,P171,23.0,38.324,15.323999999999998,15.323999999999998,,,,0.7874999999999999,HIGH,recent demand momentum,inventory coverage,promotion context
2026-08-22,S05,P171,19.0,39.804,20.804000000000002,20.804000000000002,,,,0.7874999999999999,HIGH,recent demand momentum,inventory coverage,promotion context
2026-08-24,S05,P171,23.0,37.016,14.015999999999998,14.015999999999998,,,,0.7874999999999999,HIGH,recent demand momentum,inventory coverage,promotion context
2026-08-25,S05,P171,19.0,38.592,19.592,19.592,0.0,LOW,0.0,0.7874999999999999,HIGH,recent demand momentum,inventory coverage,promotion context
2026-08-20,S05,P172,26.0,28.724,2.724,2.724,,,,0.7874999999999999,HIGH,recent demand momentum,inventory coverage,promotion context
2026-08-21,S05,P172,21.0,29.036,8.036000000000001,8.036000000000001,,,,0.7874999999999999,HIGH,recent demand momentum,inventory coverage,promotion context
2026-08-22,S05,P172,23.0,27.596,4.596,4.596,,,,0.7874999999999999,HIGH,recent demand momentum,inventory coverage,promotion context
2026-08-23,S05,P172,29.0,25.384,-3.6159999999999997,3.6159999999999997,,,,0.7874999999999999,HIGH,recent demand momentum,inventory coverage,promotion context
2026-08-24,S05,P172,34.0,29.016,-4.984000000000002,4.984000000000002,,,,0.7874999999999999,HIGH,recent demand momentum,inventory coverage,promotion context
2026-08-25,S05,P172,31.0,28.628,-2.372,2.372,0.0,LOW,0.0,0.7874999999999999,HIGH,recent demand momentum,inventory coverage,promotion context
2026-08-20,S05,P173,17.0,9.564,-7.436,7.436,,,,0.7874999999999999,HIGH,recent demand momentum,inventory coverage,promotion context
2026-08-21,S05,P173,7.0,9.236,2.2360000000000007,2.2360000000000007,,,,0.7874999999999999,HIGH,recent demand momentum,inventory coverage,promotion context
2026-08-25,S05,P173,3.0,8.876,5.8759999999999994,5.8759999999999994,0.0,LOW,0.0,0.7874999999999999,HIGH,recent demand momentum,inventory coverage,promotion context
2026-08-23,S05,P174,10.0,6.88,-3.12,3.12,,,,0.7874999999999999,HIGH,recent demand momentum,inventory coverage,promotion context
2026-08-25,S05,P174,7.0,10.752,3.7520000000000007,3.7520000000000007,0.0,LOW,0.0,0.7874999999999999,HIGH,recent demand momentum,inventory coverage,promotion context
2026-08-20,S05,P175,22.0,11.932,-10.068,10.068,,,,0.7874999999999999,HIGH,recent demand momentum,inventory coverage,promotion context
2026-08-22,S05,P175,22.0,11.516,-10.484,10.484,,,,0.7874999999999999,HIGH,recent demand momentum,inventory coverage,promotion context
2026-08-23,S05,P175,24.0,13.204,-10.796,10.796,,,,0.7874999999999999,HIGH,recent demand momentum,inventory coverage,promotion context
2026-08-24,S05,P175,25.0,14.044,-10.956,10.956,,,,0.7874999999999999,HIGH,recent demand momentum,inventory coverage,promotion context
2026-08-20,S05,P176,167.0,172.664,5.663999999999987,5.663999999999987,,,,0.7874999999999999,HIGH,recent demand momentum,inventory coverage,promotion context
2026-08-21,S05,P176,184.0,175.732,-8.268,8.268,,,,0.7874999999999999,HIGH,recent demand momentum,inventory coverage,promotion context
2026-08-22,S05,P176,186.0,176.924,-9.075999999999993,9.075999999999993,,,,0.7874999999999999,HIGH,recent demand momentum,inventory coverage,promotion context
2026-08-23,S05,P176,176.0,176.364,0.3640000000000043,0.3640000000000043,,,,0.7874999999999999,HIGH,recent demand momentum,inventory coverage,promotion context
2026-08-24,S05,P176,173.0,180.476,7.475999999999999,7.475999999999999,,,,0.7874999999999999,HIGH,recent demand momentum,inventory coverage,promotion context
2026-08-25,S05,P176,144.0,176.992,32.99199999999999,32.99199999999999,0.0,LOW,0.0,0.7874999999999999,HIGH,recent demand momentum,inventory coverage,promotion context
2026-08-20,S05,P177,27.0,30.78,3.780000000000001,3.780000000000001,,,,0.7874999999999999,HIGH,recent demand momentum,inventory coverage,promotion context
2026-08-22,S05,P177,26.0,26.116,0.11599999999999966,0.11599999999999966,,,,0.7874999999999999,HIGH,recent demand momentum,inventory coverage,promotion context
2026-08-23,S05,P177,25.0,26.204,1.2040000000000006,1.2040000000000006,,,,0.7874999999999999,HIGH,recent demand momentum,inventory coverage,promotion context
2026-08-24,S05,P177,31.0,27.38,-3.620000000000001,3.620000000000001,,,,0.7874999999999999,HIGH,recent demand momentum,inventory coverage,promotion context
2026-08-25,S05,P177,20.0,31.068,11.068000000000001,11.068000000000001,0.0,LOW,0.0,0.7874999999999999,HIGH,recent demand momentum,inventory coverage,promotion context
2026-08-20,S05,P178,16.0,22.612,6.611999999999998,6.611999999999998,,,,0.7874999999999999,HIGH,recent demand momentum,inventory coverage,promotion context
2026-08-23,S05,P178,22.0,23.1,1.1000000000000014,1.1000000000000014,,,,0.7874999999999999,HIGH,recent demand momentum,inventory coverage,promotion context
2026-08-24,S05,P178,21.0,24.344,3.344000000000001,3.344000000000001,,,,0.7874999999999999,HIGH,recent demand momentum,inventory coverage,promotion context
2026-08-25,S05,P178,19.0,23.44,4.440000000000001,4.440000000000001,,,,0.7874999999999999,HIGH,recent demand momentum,inventory coverage,promotion context
2026-08-20,S05,P179,2.0,5.628,3.628,3.628,,,,0.7874999999999999,HIGH,recent demand momentum,inventory coverage,promotion context
2026-08-21,S05,P179,3.0,9.38,6.380000000000001,6.380000000000001,,,,0.7874999999999999,HIGH,recent demand momentum,inventory coverage,promotion context
2026-08-20,S05,P180,80.0,96.176,16.176000000000002,16.176000000000002,,,,0.7874999999999999,HIGH,recent demand momentum,inventory coverage,promotion context
2026-08-21,S05,P180,78.0,98.892,20.891999999999996,20.891999999999996,,,,0.7874999999999999,HIGH,recent demand momentum,inventory coverage,promotion context
2026-08-22,S05,P180,83.0,101.684,18.683999999999997,18.683999999999997,,,,0.7874999999999999,HIGH,recent demand momentum,inventory coverage,promotion context
2026-08-23,S05,P180,90.0,103.64,13.64,13.64,,,,0.7874999999999999,HIGH,recent demand momentum,inventory coverage,promotion context
2026-08-24,S05,P180,97.0,95.12,-1.8799999999999955,1.8799999999999955,,,,0.7874999999999999,HIGH,recent demand momentum,inventory coverage,promotion context
2026-08-25,S05,P180,86.0,90.76,4.760000000000005,4.760000000000005,,,,0.7874999999999999,HIGH,recent demand momentum,inventory coverage,promotion context
2026-08-20,S05,P181,31.0,37.596,6.5959999999999965,6.5959999999999965,,,,0.7874999999999999,HIGH,recent demand momentum,inventory coverage,promotion context
2026-08-21,S05,P181,29.0,38.452,9.451999999999998,9.451999999999998,,,,0.7874999999999999,HIGH,recent demand momentum,inventory coverage,promotion context
2026-08-22,S05,P181,27.0,38.408,11.408000000000001,11.408000000000001,,,,0.7874999999999999,HIGH,recent demand momentum,inventory coverage,promotion context
2026-08-23,S05,P181,22.0,38.032,16.031999999999996,16.031999999999996,,,,0.7874999999999999,HIGH,recent demand momentum,inventory coverage,promotion context
2026-08-24,S05,P181,21.0,40.132,19.131999999999998,19.131999999999998,,,,0.7874999999999999,HIGH,recent demand momentum,inventory coverage,promotion context
2026-08-25,S05,P181,15.0,36.352,21.351999999999997,21.351999999999997,0.0,LOW,0.0,0.7874999999999999,HIGH,recent demand momentum,inventory coverage,promotion context
2026-08-20,S05,P182,11.0,15.336,4.336,4.336,,,,0.7874999999999999,HIGH,recent demand momentum,inventory coverage,promotion context
2026-08-21,S05,P182,12.0,23.128,11.128,11.128,,,,0.7874999999999999,HIGH,recent demand momentum,inventory coverage,promotion context
2026-08-22,S05,P182,5.0,19.896,14.896,14.896,,,,0.7874999999999999,HIGH,recent demand momentum,inventory coverage,promotion context
2026-08-24,S05,P182,4.0,22.8,18.8,18.8,,,,0.7874999999999999,HIGH,recent demand momentum,inventory coverage,promotion context
2026-08-25,S05,P182,3.0,26.2,23.2,23.2,0.0,LOW,0.0,0.7874999999999999,HIGH,recent demand momentum,inventory coverage,promotion context
2026-08-20,S05,P183,298.0,368.152,70.15199999999999,70.15199999999999,,,,0.7874999999999999,HIGH,recent demand momentum,inventory coverage,promotion context
2026-08-21,S05,P183,309.0,369.536,60.536,60.536,,,,0.7874999999999999,HIGH,recent demand momentum,inventory coverage,promotion context
2026-08-22,S05,P183,303.0,354.136,51.136000000000024,51.136000000000024,,,,0.7874999999999999,HIGH,recent demand momentum,inventory coverage,promotion context
2026-08-23,S05,P183,303.0,342.604,39.603999999999985,39.603999999999985,,,,0.7874999999999999,HIGH,recent demand momentum,inventory coverage,promotion context
2026-08-24,S05,P183,299.0,327.256,28.255999999999972,28.255999999999972,,,,0.7874999999999999,HIGH,recent demand momentum,inventory coverage,promotion context
2026-08-25,S05,P183,250.0,337.488,87.488,87.488,0.0,LOW,0.0,0.7874999999999999,HIGH,recent demand momentum,inventory coverage,promotion context
2026-08-20,S05,P184,12.0,12.412,0.4120000000000008,0.4120000000000008,,,,0.7874999999999999,HIGH,recent demand momentum,inventory coverage,promotion context
2026-08-21,S05,P184,9.0,11.108,2.1080000000000005,2.1080000000000005,,,,0.7874999999999999,HIGH,recent demand momentum,inventory coverage,promotion context
2026-08-22,S05,P184,8.0,10.616,2.6159999999999997,2.6159999999999997,,,,0.7874999999999999,HIGH,recent demand momentum,inventory coverage,promotion context
2026-08-23,S05,P184,13.0,11.504,-1.4960000000000004,1.4960000000000004,,,,0.7874999999999999,HIGH,recent demand momentum,inventory coverage,promotion context
2026-08-24,S05,P184,7.0,7.996,0.9960000000000004,0.9960000000000004,,,,0.7874999999999999,HIGH,recent demand momentum,inventory coverage,promotion context
2026-08-20,S05,P185,41.0,33.144,-7.856000000000002,7.856000000000002,,,,0.7874999999999999,HIGH,recent demand momentum,inventory coverage,promotion context
2026-08-21,S05,P185,44.0,35.924,-8.076,8.076,,,,0.7874999999999999,HIGH,recent demand momentum,inventory coverage,promotion context
2026-08-22,S05,P185,46.0,31.736,-14.264,14.264,,,,0.7874999999999999,HIGH,recent demand momentum,inventory coverage,promotion context
2026-08-23,S05,P185,44.0,33.756,-10.244,10.244,,,,0.7874999999999999,HIGH,recent demand momentum,inventory coverage,promotion context
2026-08-24,S05,P185,32.0,34.116,2.1159999999999997,2.1159999999999997,,,,0.7874999999999999,HIGH,recent demand momentum,inventory coverage,promotion context
2026-08-25,S05,P185,25.0,33.908,8.908000000000001,8.908000000000001,,,,0.7874999999999999,HIGH,recent demand momentum,inventory coverage,promotion context
2026-08-20,S05,P186,39.0,70.248,31.248000000000005,31.248000000000005,,,,0.7874999999999999,HIGH,recent demand momentum,inventory coverage,promotion context
2026-08-21,S05,P186,48.0,71.42,23.42,23.42,,,,0.7874999999999999,HIGH,recent demand momentum,inventory coverage,promotion context
2026-08-22,S05,P186,55.0,72.096,17.096000000000004,17.096000000000004,,,,0.7874999999999999,HIGH,recent demand momentum,inventory coverage,promotion context
2026-08-23,S05,P186,53.0,68.58,15.579999999999998,15.579999999999998,,,,0.7874999999999999,HIGH,recent demand momentum,inventory coverage,promotion context
2026-08-24,S05,P186,70.0,73.908,3.9080000000000013,3.9080000000000013,,,,0.7874999999999999,HIGH,recent demand momentum,inventory coverage,promotion context
2026-08-25,S05,P186,59.0,68.04,9.040000000000006,9.040000000000006,,,,0.7874999999999999,HIGH,recent demand momentum,inventory coverage,promotion context
2026-08-20,S05,P187,51.0,37.648,-13.351999999999997,13.351999999999997,,,,0.7874999999999999,HIGH,recent demand momentum,inventory coverage,promotion context
2026-08-21,S05,P187,51.0,42.956,-8.043999999999997,8.043999999999997,,,,0.7874999999999999,HIGH,recent demand momentum,inventory coverage,promotion context
2026-08-22,S05,P187,51.0,39.212,-11.787999999999997,11.787999999999997,,,,0.7874999999999999,HIGH,recent demand momentum,inventory coverage,promotion context
2026-08-23,S05,P187,48.0,36.16,-11.840000000000003,11.840000000000003,,,,0.7874999999999999,HIGH,recent demand momentum,inventory coverage,promotion context
2026-08-24,S05,P187,41.0,36.848,-4.152000000000001,4.152000000000001,,,,0.7874999999999999,HIGH,recent demand momentum,inventory coverage,promotion context
2026-08-25,S05,P187,37.0,40.992,3.9919999999999973,3.9919999999999973,0.0,LOW,0.0,0.7874999999999999,HIGH,recent demand momentum,inventory coverage,promotion context
2026-08-20,S05,P188,81.0,96.788,15.787999999999997,15.787999999999997,,,,0.7874999999999999,HIGH,recent demand momentum,inventory coverage,promotion context
2026-08-21,S05,P188,81.0,90.728,9.727999999999994,9.727999999999994,,,,0.7874999999999999,HIGH,recent demand momentum,inventory coverage,promotion context
2026-08-22,S05,P188,78.0,88.612,10.611999999999995,10.611999999999995,,,,0.7874999999999999,HIGH,recent demand momentum,inventory coverage,promotion context
2026-08-23,S05,P188,78.0,89.78,11.780000000000001,11.780000000000001,,,,0.7874999999999999,HIGH,recent demand momentum,inventory coverage,promotion context
2026-08-24,S05,P188,68.0,87.376,19.376000000000005,19.376000000000005,,,,0.7874999999999999,HIGH,recent demand momentum,inventory coverage,promotion context
2026-08-25,S05,P188,64.0,90.0,26.0,26.0,,,,0.7874999999999999,HIGH,recent demand momentum,inventory coverage,promotion context
2026-08-20,S05,P189,15.0,20.612,5.611999999999998,5.611999999999998,,,,0.7874999999999999,HIGH,recent demand momentum,inventory coverage,promotion context
2026-08-21,S05,P189,15.0,24.34,9.34,9.34,,,,0.7874999999999999,HIGH,recent demand momentum,inventory coverage,promotion context
2026-08-23,S05,P189,18.0,22.324,4.324000000000002,4.324000000000002,,,,0.7874999999999999,HIGH,recent demand momentum,inventory coverage,promotion context
2026-08-24,S05,P189,13.0,21.816,8.815999999999999,8.815999999999999,,,,0.7874999999999999,HIGH,recent demand momentum,inventory coverage,promotion context
2026-08-25,S05,P189,12.0,22.404,10.404,10.404,0.0,LOW,0.0,0.7874999999999999,HIGH,recent demand momentum,inventory coverage,promotion context
2026-08-20,S05,P190,17.0,29.164,12.164000000000001,12.164000000000001,,,,0.7874999999999999,HIGH,recent demand momentum,inventory coverage,promotion context
2026-08-21,S05,P190,12.0,26.82,14.82,14.82,,,,0.7874999999999999,HIGH,recent demand momentum,inventory coverage,promotion context
2026-08-22,S05,P190,13.0,27.944,14.943999999999999,14.943999999999999,,,,0.7874999999999999,HIGH,recent demand momentum,inventory coverage,promotion context
2026-08-25,S05,P190,15.0,23.824,8.824000000000002,8.824000000000002,,,,0.7874999999999999,HIGH,recent demand momentum,inventory coverage,promotion context
2026-08-20,S05,P191,30.0,36.208,6.207999999999998,6.207999999999998,,,,0.7874999999999999,HIGH,recent demand momentum,inventory coverage,promotion context
2026-08-21,S05,P191,36.0,37.236,1.235999999999997,1.235999999999997,,,,0.7874999999999999,HIGH,recent demand momentum,inventory coverage,promotion context
2026-08-22,S05,P191,39.0,36.204,-2.7959999999999994,2.7959999999999994,,,,0.7874999999999999,HIGH,recent demand momentum,inventory coverage,promotion context
2026-08-23,S05,P191,31.0,39.372,8.372,8.372,,,,0.7874999999999999,HIGH,recent demand momentum,inventory coverage,promotion context
2026-08-24,S05,P191,43.0,42.688,-0.3119999999999976,0.3119999999999976,,,,0.7874999999999999,HIGH,recent demand momentum,inventory coverage,promotion context
2026-08-25,S05,P191,42.0,41.616,-0.38400000000000034,0.38400000000000034,0.0,LOW,0.0,0.7874999999999999,HIGH,recent demand momentum,inventory coverage,promotion context
2026-08-20,S05,P192,45.0,31.768,-13.232,13.232,,,,0.7874999999999999,HIGH,recent demand momentum,inventory coverage,promotion context
2026-08-21,S05,P192,57.0,31.516,-25.484,25.484,,,,0.7874999999999999,HIGH,recent demand momentum,inventory coverage,promotion context
2026-08-22,S05,P192,56.0,32.564,-23.436,23.436,,,,0.7874999999999999,HIGH,recent demand momentum,inventory coverage,promotion context
2026-08-23,S05,P192,50.0,33.4,-16.6,16.6,,,,0.7874999999999999,HIGH,recent demand momentum,inventory coverage,promotion context
2026-08-24,S05,P192,46.0,36.592,-9.408000000000001,9.408000000000001,,,,0.7874999999999999,HIGH,recent demand momentum,inventory coverage,promotion context
2026-08-25,S05,P192,45.0,37.456,-7.543999999999997,7.543999999999997,,,,0.7874999999999999,HIGH,recent demand momentum,inventory coverage,promotion context
2026-08-20,S05,P193,35.0,56.896,21.896,21.896,,,,0.7874999999999999,HIGH,recent demand momentum,inventory coverage,promotion context
2026-08-21,S05,P193,41.0,58.012,17.012,17.012,,,,0.7874999999999999,HIGH,recent demand momentum,inventory coverage,promotion context
2026-08-22,S05,P193,48.0,60.868,12.868000000000002,12.868000000000002,,,,0.7874999999999999,HIGH,recent demand momentum,inventory coverage,promotion context
2026-08-23,S05,P193,47.0,62.076,15.076,15.076,,,,0.7874999999999999,HIGH,recent demand momentum,inventory coverage,promotion context
2026-08-24,S05,P193,53.0,61.1,8.100000000000001,8.100000000000001,,,,0.7874999999999999,HIGH,recent demand momentum,inventory coverage,promotion context
2026-08-25,S05,P193,51.0,61.268,10.268,10.268,0.0,LOW,0.0,0.7874999999999999,HIGH,recent demand momentum,inventory coverage,promotion context
2026-08-20,S05,P194,31.0,39.268,8.268,8.268,,,,0.7874999999999999,HIGH,recent demand momentum,inventory coverage,promotion context
2026-08-21,S05,P194,44.0,38.876,-5.124000000000002,5.124000000000002,,,,0.7874999999999999,HIGH,recent demand momentum,inventory coverage,promotion context
2026-08-23,S05,P194,43.0,40.28,-2.719999999999999,2.719999999999999,,,,0.7874999999999999,HIGH,recent demand momentum,inventory coverage,promotion context
2026-08-24,S05,P194,48.0,43.824,-4.176000000000002,4.176000000000002,,,,0.7874999999999999,HIGH,recent demand momentum,inventory coverage,promotion context
2026-08-25,S05,P194,40.0,37.504,-2.496000000000002,2.496000000000002,,,,0.7874999999999999,HIGH,recent demand momentum,inventory coverage,promotion context
2026-08-20,S05,P195,60.0,77.788,17.787999999999997,17.787999999999997,,,,0.7874999999999999,HIGH,recent demand momentum,inventory coverage,promotion context
2026-08-21,S05,P195,66.0,78.552,12.552000000000007,12.552000000000007,,,,0.7874999999999999,HIGH,recent demand momentum,inventory coverage,promotion context
2026-08-22,S05,P195,68.0,75.676,7.676000000000002,7.676000000000002,,,,0.7874999999999999,HIGH,recent demand momentum,inventory coverage,promotion context
2026-08-23,S05,P195,65.0,74.412,9.412000000000006,9.412000000000006,,,,0.7874999999999999,HIGH,recent demand momentum,inventory coverage,promotion context
2026-08-24,S05,P195,64.0,78.692,14.691999999999993,14.691999999999993,,,,0.7874999999999999,HIGH,recent demand momentum,inventory coverage,promotion context
2026-08-25,S05,P195,52.0,73.824,21.823999999999998,21.823999999999998,0.0,LOW,0.0,0.7874999999999999,HIGH,recent demand momentum,inventory coverage,promotion context
2026-08-20,S05,P196,35.0,34.7,-0.29999999999999716,0.29999999999999716,,,,0.7874999999999999,HIGH,recent demand momentum,inventory coverage,promotion context
2026-08-21,S05,P196,46.0,34.844,-11.155999999999999,11.155999999999999,,,,0.7874999999999999,HIGH,recent demand momentum,inventory coverage,promotion context
2026-08-22,S05,P196,43.0,36.768,-6.231999999999999,6.231999999999999,,,,0.7874999999999999,HIGH,recent demand momentum,inventory coverage,promotion context
2026-08-23,S05,P196,40.0,38.332,-1.6679999999999993,1.6679999999999993,,,,0.7874999999999999,HIGH,recent demand momentum,inventory coverage,promotion context
2026-08-24,S05,P196,36.0,43.964,7.963999999999999,7.963999999999999,,,,0.7874999999999999,HIGH,recent demand momentum,inventory coverage,promotion context
2026-08-25,S05,P196,33.0,42.492,9.491999999999997,9.491999999999997,0.0,LOW,0.0,0.7874999999999999,HIGH,recent demand momentum,inventory coverage,promotion context
2026-08-20,S05,P197,9.0,34.012,25.012,25.012,,,,0.7874999999999999,HIGH,recent demand momentum,inventory coverage,promotion context
2026-08-21,S05,P197,10.0,29.032,19.032,19.032,,,,0.7874999999999999,HIGH,recent demand momentum,inventory coverage,promotion context
2026-08-23,S05,P197,10.0,31.8,21.8,21.8,,,,0.7874999999999999,HIGH,recent demand momentum,inventory coverage,promotion context
2026-08-24,S05,P197,11.0,27.72,16.72,16.72,,,,0.7874999999999999,HIGH,recent demand momentum,inventory coverage,promotion context
2026-08-25,S05,P197,8.0,35.684,27.683999999999997,27.683999999999997,0.0,LOW,0.0,0.7874999999999999,HIGH,recent demand momentum,inventory coverage,promotion context
2026-08-20,S05,P198,39.0,39.208,0.2079999999999984,0.2079999999999984,,,,0.7874999999999999,HIGH,recent demand momentum,inventory coverage,promotion context
2026-08-21,S05,P198,43.0,38.776,-4.223999999999997,4.223999999999997,,,,0.7874999999999999,HIGH,recent demand momentum,inventory coverage,promotion context
2026-08-22,S05,P198,40.0,39.996,-0.003999999999997783,0.003999999999997783,,,,0.7874999999999999,HIGH,recent demand momentum,inventory coverage,promotion context
2026-08-23,S05,P198,47.0,37.584,-9.415999999999997,9.415999999999997,,,,0.7874999999999999,HIGH,recent demand momentum,inventory coverage,promotion context
2026-08-24,S05,P198,45.0,37.26,-7.740000000000002,7.740000000000002,,,,0.7874999999999999,HIGH,recent demand momentum,inventory coverage,promotion context
2026-08-25,S05,P198,34.0,35.984,1.9840000000000018,1.9840000000000018,,,,0.7874999999999999,HIGH,recent demand momentum,inventory coverage,promotion context
2026-08-20,S05,P199,150.0,140.572,-9.427999999999997,9.427999999999997,,,,0.7874999999999999,HIGH,recent demand momentum,inventory coverage,promotion context
2026-08-21,S05,P199,139.0,141.24,2.240000000000009,2.240000000000009,,,,0.7874999999999999,HIGH,recent demand momentum,inventory coverage,promotion context
2026-08-22,S05,P199,139.0,142.56,3.5600000000000023,3.5600000000000023,,,,0.7874999999999999,HIGH,recent demand momentum,inventory coverage,promotion context
2026-08-23,S05,P199,135.0,144.308,9.307999999999993,9.307999999999993,,,,0.7874999999999999,HIGH,recent demand momentum,inventory coverage,promotion context
2026-08-24,S05,P199,139.0,142.512,3.5120000000000005,3.5120000000000005,,,,0.7874999999999999,HIGH,recent demand momentum,inventory coverage,promotion context
2026-08-25,S05,P199,115.0,141.036,26.036,26.036,0.0,LOW,0.0,0.7874999999999999,HIGH,recent demand momentum,inventory coverage,promotion context
2026-08-20,S05,P200,86.0,72.644,-13.355999999999995,13.355999999999995,,,,0.7874999999999999,HIGH,recent demand momentum,inventory coverage,promotion context
2026-08-21,S05,P200,82.0,71.792,-10.207999999999998,10.207999999999998,,,,0.7874999999999999,HIGH,recent demand momentum,inventory coverage,promotion context
2026-08-22,S05,P200,89.0,69.1,-19.900000000000006,19.900000000000006,,,,0.7874999999999999,HIGH,recent demand momentum,inventory coverage,promotion context
2026-08-23,S05,P200,80.0,72.464,-7.536000000000001,7.536000000000001,,,,0.7874999999999999,HIGH,recent demand momentum,inventory coverage,promotion context
2026-08-24,S05,P200,98.0,72.608,-25.391999999999996,25.391999999999996,,,,0.7874999999999999,HIGH,recent demand momentum,inventory coverage,promotion context
2026-08-25,S05,P200,86.0,69.148,-16.852000000000004,16.852000000000004,0.0,LOW,0.0,0.7874999999999999,HIGH,recent demand momentum,inventory coverage,promotion context
2026-08-20,S05,P201,120.0,139.664,19.663999999999987,19.663999999999987,,,,0.7874999999999999,HIGH,recent demand momentum,inventory coverage,promotion context
2026-08-21,S05,P201,128.0,143.192,15.192000000000007,15.192000000000007,,,,0.7874999999999999,HIGH,recent demand momentum,inventory coverage,promotion context
2026-08-22,S05,P201,135.0,143.924,8.924000000000007,8.924000000000007,,,,0.7874999999999999,HIGH,recent demand momentum,inventory coverage,promotion context
2026-08-23,S05,P201,126.0,142.496,16.49600000000001,16.49600000000001,,,,0.7874999999999999,HIGH,recent demand momentum,inventory coverage,promotion context
2026-08-24,S05,P201,138.0,148.168,10.168000000000006,10.168000000000006,,,,0.7874999999999999,HIGH,recent demand momentum,inventory coverage,promotion context
2026-08-25,S05,P201,129.0,144.02,15.02000000000001,15.02000000000001,0.0,LOW,0.0,0.7874999999999999,HIGH,recent demand momentum,inventory coverage,promotion context
2026-08-20,S05,P202,2.0,5.744,3.7439999999999998,3.7439999999999998,,,,0.7874999999999999,HIGH,recent demand momentum,inventory coverage,promotion context
2026-08-22,S05,P202,4.0,6.208,2.208,2.208,,,,0.7874999999999999,HIGH,recent demand momentum,inventory coverage,promotion context
2026-08-20,S05,P203,5.0,8.424,3.4239999999999995,3.4239999999999995,,,,0.7874999999999999,HIGH,recent demand momentum,inventory coverage,promotion context
2026-08-21,S05,P203,4.0,7.424,3.4240000000000004,3.4240000000000004,,,,0.7874999999999999,HIGH,recent demand momentum,inventory coverage,promotion context
2026-08-23,S05,P203,3.0,6.98,3.9800000000000004,3.9800000000000004,,,,0.7874999999999999,HIGH,recent demand momentum,inventory coverage,promotion context
2026-08-20,S05,P204,5.0,9.268,4.268000000000001,4.268000000000001,,,,0.7874999999999999,HIGH,recent demand momentum,inventory coverage,promotion context
2026-08-22,S05,P204,4.0,9.656,5.656000000000001,5.656000000000001,,,,0.7874999999999999,HIGH,recent demand momentum,inventory coverage,promotion context
2026-08-23,S05,P204,3.0,10.624,7.6240000000000006,7.6240000000000006,,,,0.7874999999999999,HIGH,recent demand momentum,inventory coverage,promotion context
2026-08-25,S05,P204,4.0,11.256,7.256,7.256,,,,0.7874999999999999,HIGH,recent demand momentum,inventory coverage,promotion context
2026-08-20,S05,P205,10.0,15.844,5.843999999999999,5.843999999999999,,,,0.7874999999999999,HIGH,recent demand momentum,inventory coverage,promotion context
2026-08-21,S05,P205,15.0,16.488,1.4879999999999995,1.4879999999999995,,,,0.7874999999999999,HIGH,recent demand momentum,inventory coverage,promotion context
2026-08-22,S05,P205,23.0,12.712,-10.288,10.288,,,,0.7874999999999999,HIGH,recent demand momentum,inventory coverage,promotion context
2026-08-24,S05,P205,25.0,16.9,-8.100000000000001,8.100000000000001,,,,0.7874999999999999,HIGH,recent demand momentum,inventory coverage,promotion context
2026-08-25,S05,P205,22.0,19.664,-2.3359999999999985,2.3359999999999985,0.0,LOW,0.0,0.7874999999999999,HIGH,recent demand momentum,inventory coverage,promotion context
2026-08-20,S05,P206,0.0,5.096,5.096,5.096,,,,0.7874999999999999,HIGH,recent demand momentum,inventory coverage,promotion context
2026-08-23,S05,P207,2.0,3.688,1.6880000000000002,1.6880000000000002,,,,0.7874999999999999,HIGH,recent demand momentum,inventory coverage,promotion context
2026-08-20,S05,P208,8.0,15.536,7.536,7.536,,,,0.7874999999999999,HIGH,recent demand momentum,inventory coverage,promotion context
2026-08-21,S05,P208,12.0,22.62,10.620000000000001,10.620000000000001,,,,0.7874999999999999,HIGH,recent demand momentum,inventory coverage,promotion context
2026-08-23,S05,P208,10.0,16.964,6.963999999999999,6.963999999999999,,,,0.7874999999999999,HIGH,recent demand momentum,inventory coverage,promotion context
2026-08-25,S05,P208,14.0,17.664,3.6640000000000015,3.6640000000000015,0.0,LOW,0.0,0.7874999999999999,HIGH,recent demand momentum,inventory coverage,promotion context
2026-08-20,S05,P209,11.0,7.476,-3.524,3.524,,,,0.7874999999999999,HIGH,recent demand momentum,inventory coverage,promotion context
2026-08-21,S05,P209,10.0,12.204,2.2040000000000006,2.2040000000000006,,,,0.7874999999999999,HIGH,recent demand momentum,inventory coverage,promotion context
2026-08-22,S05,P209,10.0,12.444,2.444000000000001,2.444000000000001,,,,0.7874999999999999,HIGH,recent demand momentum,inventory coverage,promotion context
2026-08-23,S05,P209,12.0,12.844,0.8439999999999994,0.8439999999999994,,,,0.7874999999999999,HIGH,recent demand momentum,inventory coverage,promotion context
2026-08-24,S05,P209,10.0,12.672,2.6720000000000006,2.6720000000000006,,,,0.7874999999999999,HIGH,recent demand momentum,inventory coverage,promotion context
2026-08-25,S05,P209,7.0,10.916,3.9160000000000004,3.9160000000000004,0.0,LOW,0.0,0.7874999999999999,HIGH,recent demand momentum,inventory coverage,promotion context
2026-08-20,S05,P210,14.0,8.036,-5.964,5.964,,,,0.7874999999999999,HIGH,recent demand momentum,inventory coverage,promotion context
2026-08-23,S05,P210,11.0,6.156,-4.844,4.844,,,,0.7874999999999999,HIGH,recent demand momentum,inventory coverage,promotion context
2026-08-24,S05,P210,9.0,5.196,-3.8040000000000003,3.8040000000000003,,,,0.7874999999999999,HIGH,recent demand momentum,inventory coverage,promotion context
2026-08-20,S05,P211,68.0,56.492,-11.508000000000003,11.508000000000003,,,,0.7874999999999999,HIGH,recent demand momentum,inventory coverage,promotion context
2026-08-21,S05,P211,82.0,55.528,-26.472,26.472,,,,0.7874999999999999,HIGH,recent demand momentum,inventory coverage,promotion context
2026-08-22,S05,P211,77.0,54.12,-22.880000000000003,22.880000000000003,,,,0.7874999999999999,HIGH,recent demand momentum,inventory coverage,promotion context
2026-08-23,S05,P211,87.0,53.584,-33.416,33.416,,,,0.7874999999999999,HIGH,recent demand momentum,inventory coverage,promotion context
2026-08-24,S05,P211,83.0,54.58,-28.42,28.42,,,,0.7874999999999999,HIGH,recent demand momentum,inventory coverage,promotion context
2026-08-25,S05,P211,82.0,60.788,-21.212000000000003,21.212000000000003,0.0,LOW,0.0,0.7874999999999999,HIGH,recent demand momentum,inventory coverage,promotion context
2026-08-20,S05,P212,84.0,77.032,-6.9680000000000035,6.9680000000000035,,,,0.7874999999999999,HIGH,recent demand momentum,inventory coverage,promotion context
2026-08-21,S05,P212,97.0,72.296,-24.703999999999994,24.703999999999994,,,,0.7874999999999999,HIGH,recent demand momentum,inventory coverage,promotion context
2026-08-22,S05,P212,98.0,73.908,-24.092,24.092,,,,0.7874999999999999,HIGH,recent demand momentum,inventory coverage,promotion context
2026-08-23,S05,P212,90.0,75.064,-14.936000000000007,14.936000000000007,,,,0.7874999999999999,HIGH,recent demand momentum,inventory coverage,promotion context
2026-08-24,S05,P212,84.0,70.528,-13.471999999999994,13.471999999999994,,,,0.7874999999999999,HIGH,recent demand momentum,inventory coverage,promotion context
2026-08-25,S05,P212,73.0,75.008,2.0079999999999956,2.0079999999999956,0.0,LOW,0.0,0.7874999999999999,HIGH,recent demand momentum,inventory coverage,promotion context
2026-08-20,S05,P213,63.0,69.42,6.420000000000002,6.420000000000002,,,,0.7874999999999999,HIGH,recent demand momentum,inventory coverage,promotion context
2026-08-21,S05,P213,57.0,69.3,12.299999999999997,12.299999999999997,,,,0.7874999999999999,HIGH,recent demand momentum,inventory coverage,promotion context
2026-08-22,S05,P213,57.0,65.5,8.5,8.5,,,,0.7874999999999999,HIGH,recent demand momentum,inventory coverage,promotion context
2026-08-23,S05,P213,62.0,69.052,7.052000000000007,7.052000000000007,,,,0.7874999999999999,HIGH,recent demand momentum,inventory coverage,promotion context
2026-08-24,S05,P213,60.0,71.892,11.891999999999996,11.891999999999996,,,,0.7874999999999999,HIGH,recent demand momentum,inventory coverage,promotion context
2026-08-25,S05,P213,54.0,68.752,14.751999999999995,14.751999999999995,0.0,LOW,0.0,0.7874999999999999,HIGH,recent demand momentum,inventory coverage,promotion context
2026-08-20,S05,P214,15.0,12.092,-2.9079999999999995,2.9079999999999995,,,,0.7874999999999999,HIGH,recent demand momentum,inventory coverage,promotion context
2026-08-21,S05,P214,15.0,12.0,-3.0,3.0,,,,0.7874999999999999,HIGH,recent demand momentum,inventory coverage,promotion context
2026-08-22,S05,P214,15.0,11.98,-3.0199999999999996,3.0199999999999996,,,,0.7874999999999999,HIGH,recent demand momentum,inventory coverage,promotion context
2026-08-23,S05,P214,11.0,12.108,1.1080000000000005,1.1080000000000005,,,,0.7874999999999999,HIGH,recent demand momentum,inventory coverage,promotion context
2026-08-25,S05,P214,7.0,11.864,4.864000000000001,4.864000000000001,0.0,LOW,0.0,0.7874999999999999,HIGH,recent demand momentum,inventory coverage,promotion context
2026-08-20,S05,P215,61.0,47.8,-13.200000000000003,13.200000000000003,,,,0.7874999999999999,HIGH,recent demand momentum,inventory coverage,promotion context
2026-08-21,S05,P215,57.0,49.676,-7.323999999999998,7.323999999999998,,,,0.7874999999999999,HIGH,recent demand momentum,inventory coverage,promotion context
2026-08-22,S05,P215,53.0,43.856,-9.143999999999998,9.143999999999998,,,,0.7874999999999999,HIGH,recent demand momentum,inventory coverage,promotion context
2026-08-23,S05,P215,39.0,47.188,8.188000000000002,8.188000000000002,,,,0.7874999999999999,HIGH,recent demand momentum,inventory coverage,promotion context
2026-08-24,S05,P215,38.0,42.792,4.792000000000002,4.792000000000002,,,,0.7874999999999999,HIGH,recent demand momentum,inventory coverage,promotion context
2026-08-25,S05,P215,36.0,45.724,9.723999999999997,9.723999999999997,0.0,LOW,0.0,0.7874999999999999,HIGH,recent demand momentum,inventory coverage,promotion context
2026-08-21,S05,P216,8.0,24.992,16.992,16.992,,,,0.7874999999999999,HIGH,recent demand momentum,inventory coverage,promotion context
2026-08-22,S05,P216,5.0,25.424,20.424,20.424,,,,0.7874999999999999,HIGH,recent demand momentum,inventory coverage,promotion context
2026-08-23,S05,P216,6.0,24.504,18.504,18.504,,,,0.7874999999999999,HIGH,recent demand momentum,inventory coverage,promotion context
2026-08-25,S05,P216,8.0,27.664,19.664,19.664,,,,0.7874999999999999,HIGH,recent demand momentum,inventory coverage,promotion context
2026-08-20,S05,P217,15.0,16.376,1.3760000000000012,1.3760000000000012,,,,0.7874999999999999,HIGH,recent demand momentum,inventory coverage,promotion context
2026-08-22,S05,P217,23.0,15.08,-7.92,7.92,,,,0.7874999999999999,HIGH,recent demand momentum,inventory coverage,promotion context
2026-08-23,S05,P217,18.0,15.216,-2.7840000000000007,2.7840000000000007,,,,0.7874999999999999,HIGH,recent demand momentum,inventory coverage,promotion context
2026-08-24,S05,P217,16.0,16.904,0.9039999999999999,0.9039999999999999,,,,0.7874999999999999,HIGH,recent demand momentum,inventory coverage,promotion context
2026-08-25,S05,P217,15.0,20.628,5.628,5.628,0.0,LOW,0.0,0.7874999999999999,HIGH,recent demand momentum,inventory coverage,promotion context
2026-08-20,S05,P218,24.0,36.86,12.86,12.86,,,,0.7874999999999999,HIGH,recent demand momentum,inventory coverage,promotion context
2026-08-21,S05,P218,34.0,37.4,3.3999999999999986,3.3999999999999986,,,,0.7874999999999999,HIGH,recent demand momentum,inventory coverage,promotion context
2026-08-22,S05,P218,35.0,36.64,1.6400000000000006,1.6400000000000006,,,,0.7874999999999999,HIGH,recent demand momentum,inventory coverage,promotion context
2026-08-24,S05,P218,33.0,37.088,4.088000000000001,4.088000000000001,,,,0.7874999999999999,HIGH,recent demand momentum,inventory coverage,promotion context
2026-08-25,S05,P218,29.0,37.892,8.892000000000003,8.892000000000003,0.0,LOW,0.0,0.7874999999999999,HIGH,recent demand momentum,inventory coverage,promotion context
2026-08-23,S05,P219,9.0,14.708,5.708,5.708,,,,0.7874999999999999,HIGH,recent demand momentum,inventory coverage,promotion context
2026-08-24,S05,P219,8.0,17.44,9.440000000000001,9.440000000000001,,,,0.7874999999999999,HIGH,recent demand momentum,inventory coverage,promotion context
2026-08-22,S05,P220,8.0,6.76,-1.2400000000000002,1.2400000000000002,,,,0.7874999999999999,HIGH,recent demand momentum,inventory coverage,promotion context
2026-08-25,S05,P220,10.0,6.932,-3.0679999999999996,3.0679999999999996,0.0,LOW,0.0,0.7874999999999999,HIGH,recent demand momentum,inventory coverage,promotion context
2026-08-20,S06,P101,59.0,104.584,45.584,45.584,,,,0.7874999999999999,HIGH,recent demand momentum,inventory coverage,promotion context
2026-08-21,S06,P101,63.0,101.48,38.480000000000004,38.480000000000004,,,,0.7874999999999999,HIGH,recent demand momentum,inventory coverage,promotion context
2026-08-22,S06,P101,68.0,109.128,41.128,41.128,,,,0.7874999999999999,HIGH,recent demand momentum,inventory coverage,promotion context
2026-08-23,S06,P101,80.0,108.7,28.700000000000003,28.700000000000003,,,,0.7874999999999999,HIGH,recent demand momentum,inventory coverage,promotion context
2026-08-24,S06,P101,84.0,110.128,26.128,26.128,,,,0.7874999999999999,HIGH,recent demand momentum,inventory coverage,promotion context
2026-08-25,S06,P101,73.0,108.44,35.44,35.44,0.0,LOW,0.0,0.7874999999999999,HIGH,recent demand momentum,inventory coverage,promotion context
2026-08-20,S06,P103,150.0,168.932,18.931999999999988,18.931999999999988,,,,0.7874999999999999,HIGH,recent demand momentum,inventory coverage,promotion context
2026-08-21,S06,P103,176.0,175.56,-0.4399999999999977,0.4399999999999977,,,,0.7874999999999999,HIGH,recent demand momentum,inventory coverage,promotion context
2026-08-22,S06,P103,196.0,180.048,-15.951999999999998,15.951999999999998,,,,0.7874999999999999,HIGH,recent demand momentum,inventory coverage,promotion context
2026-08-23,S06,P103,201.0,174.244,-26.756,26.756,,,,0.7874999999999999,HIGH,recent demand momentum,inventory coverage,promotion context
2026-08-24,S06,P103,201.0,168.58,-32.41999999999999,32.41999999999999,,,,0.7874999999999999,HIGH,recent demand momentum,inventory coverage,promotion context
2026-08-25,S06,P103,185.0,172.56,-12.439999999999998,12.439999999999998,0.0,LOW,0.0,0.7874999999999999,HIGH,recent demand momentum,inventory coverage,promotion context
2026-08-20,S06,P104,20.0,27.452,7.452000000000002,7.452000000000002,,,,0.7874999999999999,HIGH,recent demand momentum,inventory coverage,promotion context
2026-08-21,S06,P104,24.0,25.448,1.4480000000000004,1.4480000000000004,,,,0.7874999999999999,HIGH,recent demand momentum,inventory coverage,promotion context
2026-08-22,S06,P104,24.0,32.292,8.292000000000002,8.292000000000002,,,,0.7874999999999999,HIGH,recent demand momentum,inventory coverage,promotion context
2026-08-23,S06,P104,21.0,34.428,13.427999999999997,13.427999999999997,,,,0.7874999999999999,HIGH,recent demand momentum,inventory coverage,promotion context
2026-08-24,S06,P104,21.0,33.152,12.152000000000001,12.152000000000001,,,,0.7874999999999999,HIGH,recent demand momentum,inventory coverage,promotion context
2026-08-25,S06,P104,18.0,26.72,8.719999999999999,8.719999999999999,0.0,LOW,0.0,0.7874999999999999,HIGH,recent demand momentum,inventory coverage,promotion context
2026-08-20,S06,P105,9.0,12.776,3.776,3.776,,,,0.7874999999999999,HIGH,recent demand momentum,inventory coverage,promotion context
2026-08-21,S06,P105,10.0,12.844,2.8439999999999994,2.8439999999999994,,,,0.7874999999999999,HIGH,recent demand momentum,inventory coverage,promotion context
2026-08-23,S06,P105,14.0,13.408,-0.5920000000000005,0.5920000000000005,,,,0.7874999999999999,HIGH,recent demand momentum,inventory coverage,promotion context
2026-08-24,S06,P105,17.0,13.564,-3.436,3.436,,,,0.7874999999999999,HIGH,recent demand momentum,inventory coverage,promotion context
2026-08-25,S06,P105,15.0,13.784,-1.2159999999999993,1.2159999999999993,0.0,LOW,0.0,0.7874999999999999,HIGH,recent demand momentum,inventory coverage,promotion context
2026-08-20,S06,P106,20.0,8.188,-11.812,11.812,,,,0.7874999999999999,HIGH,recent demand momentum,inventory coverage,promotion context
2026-08-21,S06,P106,16.0,6.672,-9.328,9.328,,,,0.7874999999999999,HIGH,recent demand momentum,inventory coverage,promotion context
2026-08-22,S06,P106,13.0,11.836,-1.1639999999999997,1.1639999999999997,,,,0.7874999999999999,HIGH,recent demand momentum,inventory coverage,promotion context
2026-08-25,S06,P106,9.0,7.768,-1.2320000000000002,1.2320000000000002,0.0,LOW,0.0,0.7874999999999999,HIGH,recent demand momentum,inventory coverage,promotion context
2026-08-21,S06,P108,5.0,7.36,2.3600000000000003,2.3600000000000003,,,,0.7874999999999999,HIGH,recent demand momentum,inventory coverage,promotion context
2026-08-20,S06,P109,39.0,38.968,-0.031999999999996476,0.031999999999996476,,,,0.7874999999999999,HIGH,recent demand momentum,inventory coverage,promotion context
2026-08-21,S06,P109,39.0,39.044,0.04399999999999693,0.04399999999999693,,,,0.7874999999999999,HIGH,recent demand momentum,inventory coverage,promotion context
2026-08-22,S06,P109,32.0,37.484,5.484000000000002,5.484000000000002,,,,0.7874999999999999,HIGH,recent demand momentum,inventory coverage,promotion context
2026-08-23,S06,P109,38.0,37.816,-0.1839999999999975,0.1839999999999975,,,,0.7874999999999999,HIGH,recent demand momentum,inventory coverage,promotion context
2026-08-25,S06,P109,41.0,36.088,-4.911999999999999,4.911999999999999,0.0,LOW,0.0,0.7874999999999999,HIGH,recent demand momentum,inventory coverage,promotion context
2026-08-20,S06,P110,850.0,854.176,4.176000000000045,4.176000000000045,,,,0.7874999999999999,HIGH,recent demand momentum,inventory coverage,promotion context
2026-08-21,S06,P110,814.0,844.22,30.220000000000027,30.220000000000027,,,,0.7874999999999999,HIGH,recent demand momentum,inventory coverage,promotion context
2026-08-22,S06,P110,846.0,861.328,15.327999999999975,15.327999999999975,,,,0.7874999999999999,HIGH,recent demand momentum,inventory coverage,promotion context
2026-08-23,S06,P110,810.0,855.908,45.908000000000015,45.908000000000015,,,,0.7874999999999999,HIGH,recent demand momentum,inventory coverage,promotion context
2026-08-24,S06,P110,818.0,882.852,64.85199999999998,64.85199999999998,,,,0.7874999999999999,HIGH,recent demand momentum,inventory coverage,promotion context
2026-08-25,S06,P110,702.0,869.172,167.17200000000003,167.17200000000003,,,,0.7874999999999999,HIGH,recent demand momentum,inventory coverage,promotion context
2026-08-20,S06,P111,44.0,51.236,7.235999999999997,7.235999999999997,,,,0.7874999999999999,HIGH,recent demand momentum,inventory coverage,promotion context
2026-08-21,S06,P111,43.0,50.4,7.399999999999999,7.399999999999999,,,,0.7874999999999999,HIGH,recent demand momentum,inventory coverage,promotion context
2026-08-22,S06,P111,38.0,49.736,11.735999999999997,11.735999999999997,,,,0.7874999999999999,HIGH,recent demand momentum,inventory coverage,promotion context
2026-08-23,S06,P111,35.0,51.66,16.659999999999997,16.659999999999997,,,,0.7874999999999999,HIGH,recent demand momentum,inventory coverage,promotion context
2026-08-24,S06,P111,33.0,53.888,20.887999999999998,20.887999999999998,,,,0.7874999999999999,HIGH,recent demand momentum,inventory coverage,promotion context
2026-08-22,S06,P112,12.0,11.064,-0.9359999999999999,0.9359999999999999,,,,0.7874999999999999,HIGH,recent demand momentum,inventory coverage,promotion context
2026-08-23,S06,P112,10.0,11.324,1.3239999999999998,1.3239999999999998,,,,0.7874999999999999,HIGH,recent demand momentum,inventory coverage,promotion context
2026-08-25,S06,P112,12.0,13.804,1.8040000000000003,1.8040000000000003,0.0,LOW,0.0,0.7874999999999999,HIGH,recent demand momentum,inventory coverage,promotion context
2026-08-21,S06,P113,23.0,25.364,2.3640000000000008,2.3640000000000008,,,,0.7874999999999999,HIGH,recent demand momentum,inventory coverage,promotion context
2026-08-23,S06,P113,23.0,26.904,3.904,3.904,,,,0.7874999999999999,HIGH,recent demand momentum,inventory coverage,promotion context
2026-08-24,S06,P113,22.0,23.868,1.8679999999999986,1.8679999999999986,,,,0.7874999999999999,HIGH,recent demand momentum,inventory coverage,promotion context
2026-08-25,S06,P113,21.0,24.668,3.6679999999999993,3.6679999999999993,0.0,LOW,0.0,0.7874999999999999,HIGH,recent demand momentum,inventory coverage,promotion context
2026-08-20,S06,P114,17.0,29.992,12.992,12.992,,,,0.7874999999999999,HIGH,recent demand momentum,inventory coverage,promotion context
2026-08-21,S06,P114,20.0,31.56,11.559999999999999,11.559999999999999,,,,0.7874999999999999,HIGH,recent demand momentum,inventory coverage,promotion context
2026-08-22,S06,P114,17.0,31.272,14.271999999999998,14.271999999999998,,,,0.7874999999999999,HIGH,recent demand momentum,inventory coverage,promotion context
2026-08-23,S06,P114,15.0,29.88,14.879999999999999,14.879999999999999,,,,0.7874999999999999,HIGH,recent demand momentum,inventory coverage,promotion context
2026-08-24,S06,P114,17.0,29.336,12.335999999999999,12.335999999999999,,,,0.7874999999999999,HIGH,recent demand momentum,inventory coverage,promotion context
2026-08-25,S06,P114,14.0,27.316,13.315999999999999,13.315999999999999,0.0,LOW,0.0,0.7874999999999999,HIGH,recent demand momentum,inventory coverage,promotion context
2026-08-20,S06,P115,4.0,7.688,3.6879999999999997,3.6879999999999997,,,,0.7874999999999999,HIGH,recent demand momentum,inventory coverage,promotion context
2026-08-21,S06,P115,4.0,10.308,6.308,6.308,,,,0.7874999999999999,HIGH,recent demand momentum,inventory coverage,promotion context
2026-08-23,S06,P115,4.0,10.04,6.039999999999999,6.039999999999999,,,,0.7874999999999999,HIGH,recent demand momentum,inventory coverage,promotion context
2026-08-24,S06,P115,3.0,9.516,6.516,6.516,,,,0.7874999999999999,HIGH,recent demand momentum,inventory coverage,promotion context
2026-08-20,S06,P116,45.0,28.3,-16.7,16.7,,,,0.7874999999999999,HIGH,recent demand momentum,inventory coverage,promotion context
2026-08-21,S06,P116,53.0,23.24,-29.76,29.76,,,,0.7874999999999999,HIGH,recent demand momentum,inventory coverage,promotion context
2026-08-22,S06,P116,55.0,27.816,-27.184,27.184,,,,0.7874999999999999,HIGH,recent demand momentum,inventory coverage,promotion context
2026-08-23,S06,P116,46.0,29.584,-16.416,16.416,,,,0.7874999999999999,HIGH,recent demand momentum,inventory coverage,promotion context
2026-08-24,S06,P116,47.0,25.556,-21.444,21.444,,,,0.7874999999999999,HIGH,recent demand momentum,inventory coverage,promotion context
2026-08-25,S06,P116,44.0,21.616,-22.384,22.384,,,,0.7874999999999999,HIGH,recent demand momentum,inventory coverage,promotion context
2026-08-21,S06,P117,38.0,18.336,-19.664,19.664,,,,0.7874999999999999,HIGH,recent demand momentum,inventory coverage,promotion context
2026-08-22,S06,P117,40.0,16.132,-23.868,23.868,,,,0.7874999999999999,HIGH,recent demand momentum,inventory coverage,promotion context
2026-08-23,S06,P117,47.0,17.168,-29.832,29.832,,,,0.7874999999999999,HIGH,recent demand momentum,inventory coverage,promotion context
2026-08-24,S06,P117,47.0,19.02,-27.98,27.98,,,,0.7874999999999999,HIGH,recent demand momentum,inventory coverage,promotion context
2026-08-25,S06,P117,36.0,18.128,-17.872,17.872,,,,0.7874999999999999,HIGH,recent demand momentum,inventory coverage,promotion context
2026-08-21,S06,P118,10.0,17.78,7.780000000000001,7.780000000000001,,,,0.7874999999999999,HIGH,recent demand momentum,inventory coverage,promotion context
2026-08-25,S06,P118,16.0,17.328,1.3279999999999994,1.3279999999999994,,,,0.7874999999999999,HIGH,recent demand momentum,inventory coverage,promotion context
2026-08-20,S06,P119,16.0,14.248,-1.7520000000000007,1.7520000000000007,,,,0.7874999999999999,HIGH,recent demand momentum,inventory coverage,promotion context
2026-08-22,S06,P119,26.0,17.268,-8.732,8.732,,,,0.7874999999999999,HIGH,recent demand momentum,inventory coverage,promotion context
2026-08-24,S06,P119,30.0,18.248,-11.751999999999999,11.751999999999999,,,,0.7874999999999999,HIGH,recent demand momentum,inventory coverage,promotion context
2026-08-20,S06,P120,24.0,16.332,-7.667999999999999,7.667999999999999,,,,0.7874999999999999,HIGH,recent demand momentum,inventory coverage,promotion context
2026-08-21,S06,P120,25.0,18.176,-6.824000000000002,6.824000000000002,,,,0.7874999999999999,HIGH,recent demand momentum,inventory coverage,promotion context
2026-08-22,S06,P120,19.0,17.076,-1.9239999999999995,1.9239999999999995,,,,0.7874999999999999,HIGH,recent demand momentum,inventory coverage,promotion context
2026-08-23,S06,P120,22.0,18.864,-3.1359999999999992,3.1359999999999992,,,,0.7874999999999999,HIGH,recent demand momentum,inventory coverage,promotion context
2026-08-24,S06,P120,20.0,20.492,0.4920000000000009,0.4920000000000009,,,,0.7874999999999999,HIGH,recent demand momentum,inventory coverage,promotion context
2026-08-25,S06,P120,15.0,20.272,5.2719999999999985,5.2719999999999985,,,,0.7874999999999999,HIGH,recent demand momentum,inventory coverage,promotion context
2026-08-20,S06,P121,16.0,13.848,-2.1519999999999992,2.1519999999999992,,,,0.7874999999999999,HIGH,recent demand momentum,inventory coverage,promotion context
2026-08-22,S06,P121,8.0,10.852,2.8520000000000003,2.8520000000000003,,,,0.7874999999999999,HIGH,recent demand momentum,inventory coverage,promotion context
2026-08-23,S06,P121,7.0,14.56,7.5600000000000005,7.5600000000000005,,,,0.7874999999999999,HIGH,recent demand momentum,inventory coverage,promotion context
2026-08-24,S06,P121,5.0,13.484,8.484,8.484,,,,0.7874999999999999,HIGH,recent demand momentum,inventory coverage,promotion context
2026-08-25,S06,P121,4.0,14.912,10.912,10.912,0.0,LOW,0.0,0.7874999999999999,HIGH,recent demand momentum,inventory coverage,promotion context
2026-08-20,S06,P122,13.0,25.932,12.931999999999999,12.931999999999999,,,,0.7874999999999999,HIGH,recent demand momentum,inventory coverage,promotion context
2026-08-22,S06,P122,12.0,21.736,9.736,9.736,,,,0.7874999999999999,HIGH,recent demand momentum,inventory coverage,promotion context
2026-08-23,S06,P122,7.0,26.252,19.252,19.252,,,,0.7874999999999999,HIGH,recent demand momentum,inventory coverage,promotion context
2026-08-24,S06,P122,4.0,31.268,27.268,27.268,,,,0.7874999999999999,HIGH,recent demand momentum,inventory coverage,promotion context
2026-08-25,S06,P122,2.0,35.564,33.564,33.564,0.0,LOW,0.0,0.7874999999999999,HIGH,recent demand momentum,inventory coverage,promotion context
2026-08-20,S06,P123,145.0,173.46,28.460000000000008,28.460000000000008,,,,0.7874999999999999,HIGH,recent demand momentum,inventory coverage,promotion context
2026-08-21,S06,P123,136.0,167.16,31.159999999999997,31.159999999999997,,,,0.7874999999999999,HIGH,recent demand momentum,inventory coverage,promotion context
2026-08-22,S06,P123,120.0,126.412,6.412000000000006,6.412000000000006,,,,0.7874999999999999,HIGH,recent demand momentum,inventory coverage,promotion context
2026-08-23,S06,P123,124.0,166.184,42.184,42.184,,,,0.7874999999999999,HIGH,recent demand momentum,inventory coverage,promotion context
2026-08-24,S06,P123,126.0,126.66,0.6599999999999966,0.6599999999999966,,,,0.7874999999999999,HIGH,recent demand momentum,inventory coverage,promotion context
2026-08-25,S06,P123,94.0,126.024,32.024,32.024,0.0,LOW,0.0,0.7874999999999999,HIGH,recent demand momentum,inventory coverage,promotion context
2026-08-20,S06,P124,71.0,63.556,-7.444000000000003,7.444000000000003,,,,0.7874999999999999,HIGH,recent demand momentum,inventory coverage,promotion context
2026-08-21,S06,P124,53.0,68.816,15.816000000000003,15.816000000000003,,,,0.7874999999999999,HIGH,recent demand momentum,inventory coverage,promotion context
2026-08-22,S06,P124,47.0,66.176,19.176000000000002,19.176000000000002,,,,0.7874999999999999,HIGH,recent demand momentum,inventory coverage,promotion context
2026-08-23,S06,P124,48.0,71.112,23.111999999999995,23.111999999999995,,,,0.7874999999999999,HIGH,recent demand momentum,inventory coverage,promotion context
2026-08-24,S06,P124,47.0,66.148,19.147999999999996,19.147999999999996,,,,0.7874999999999999,HIGH,recent demand momentum,inventory coverage,promotion context
2026-08-25,S06,P124,41.0,63.8,22.799999999999997,22.799999999999997,0.0,LOW,0.0,0.7874999999999999,HIGH,recent demand momentum,inventory coverage,promotion context
2026-08-21,S06,P125,5.0,15.524,10.524,10.524,,,,0.7874999999999999,HIGH,recent demand momentum,inventory coverage,promotion context
2026-08-24,S06,P125,9.0,17.524,8.524000000000001,8.524000000000001,,,,0.7874999999999999,HIGH,recent demand momentum,inventory coverage,promotion context
2026-08-25,S06,P125,8.0,15.38,7.380000000000001,7.380000000000001,,,,0.7874999999999999,HIGH,recent demand momentum,inventory coverage,promotion context
2026-08-20,S06,P126,62.0,77.772,15.772000000000006,15.772000000000006,,,,0.7874999999999999,HIGH,recent demand momentum,inventory coverage,promotion context
2026-08-21,S06,P126,56.0,77.696,21.695999999999998,21.695999999999998,,,,0.7874999999999999,HIGH,recent demand momentum,inventory coverage,promotion context
2026-08-22,S06,P126,50.0,72.384,22.384,22.384,,,,0.7874999999999999,HIGH,recent demand momentum,inventory coverage,promotion context
2026-08-23,S06,P126,57.0,77.188,20.188000000000002,20.188000000000002,,,,0.7874999999999999,HIGH,recent demand momentum,inventory coverage,promotion context
2026-08-24,S06,P126,53.0,71.448,18.447999999999993,18.447999999999993,,,,0.7874999999999999,HIGH,recent demand momentum,inventory coverage,promotion context
2026-08-25,S06,P126,46.0,71.312,25.311999999999998,25.311999999999998,,,,0.7874999999999999,HIGH,recent demand momentum,inventory coverage,promotion context
2026-08-20,S06,P127,184.0,172.312,-11.687999999999988,11.687999999999988,,,,0.7874999999999999,HIGH,recent demand momentum,inventory coverage,promotion context
2026-08-21,S06,P127,181.0,169.216,-11.783999999999992,11.783999999999992,,,,0.7874999999999999,HIGH,recent demand momentum,inventory coverage,promotion context
2026-08-22,S06,P127,178.0,180.032,2.0320000000000107,2.0320000000000107,,,,0.7874999999999999,HIGH,recent demand momentum,inventory coverage,promotion context
2026-08-23,S06,P127,179.0,183.564,4.563999999999993,4.563999999999993,,,,0.7874999999999999,HIGH,recent demand momentum,inventory coverage,promotion context
2026-08-24,S06,P127,185.0,168.028,-16.97200000000001,16.97200000000001,,,,0.7874999999999999,HIGH,recent demand momentum,inventory coverage,promotion context
2026-08-25,S06,P127,163.0,174.124,11.123999999999995,11.123999999999995,0.0,LOW,0.0,0.7874999999999999,HIGH,recent demand momentum,inventory coverage,promotion context
2026-08-20,S06,P128,26.0,24.364,-1.6359999999999992,1.6359999999999992,,,,0.7874999999999999,HIGH,recent demand momentum,inventory coverage,promotion context
2026-08-21,S06,P128,24.0,26.54,2.539999999999999,2.539999999999999,,,,0.7874999999999999,HIGH,recent demand momentum,inventory coverage,promotion context
2026-08-22,S06,P128,25.0,23.628,-1.3719999999999999,1.3719999999999999,,,,0.7874999999999999,HIGH,recent demand momentum,inventory coverage,promotion context
2026-08-23,S06,P128,24.0,24.652,0.652000000000001,0.652000000000001,,,,0.7874999999999999,HIGH,recent demand momentum,inventory coverage,promotion context
2026-08-24,S06,P128,27.0,23.7,-3.3000000000000007,3.3000000000000007,,,,0.7874999999999999,HIGH,recent demand momentum,inventory coverage,promotion context
2026-08-25,S06,P128,20.0,24.1,4.100000000000001,4.100000000000001,0.0,LOW,0.0,0.7874999999999999,HIGH,recent demand momentum,inventory coverage,promotion context
2026-08-20,S06,P129,103.0,118.004,15.004000000000005,15.004000000000005,,,,0.7874999999999999,HIGH,recent demand momentum,inventory coverage,promotion context
2026-08-21,S06,P129,103.0,111.768,8.768,8.768,,,,0.7874999999999999,HIGH,recent demand momentum,inventory coverage,promotion context
2026-08-22,S06,P129,90.0,111.776,21.775999999999996,21.775999999999996,,,,0.7874999999999999,HIGH,recent demand momentum,inventory coverage,promotion context
2026-08-23,S06,P129,98.0,113.22,15.219999999999999,15.219999999999999,,,,0.7874999999999999,HIGH,recent demand momentum,inventory coverage,promotion context
2026-08-24,S06,P129,101.0,112.952,11.951999999999998,11.951999999999998,,,,0.7874999999999999,HIGH,recent demand momentum,inventory coverage,promotion context
2026-08-25,S06,P129,79.0,114.652,35.652,35.652,,,,0.7874999999999999,HIGH,recent demand momentum,inventory coverage,promotion context
2026-08-20,S06,P130,183.0,193.452,10.451999999999998,10.451999999999998,,,,0.7874999999999999,HIGH,recent demand momentum,inventory coverage,promotion context
2026-08-21,S06,P130,180.0,272.012,92.012,92.012,,,,0.7874999999999999,HIGH,recent demand momentum,inventory coverage,promotion context
2026-08-22,S06,P130,199.0,263.744,64.74400000000003,64.74400000000003,,,,0.7874999999999999,HIGH,recent demand momentum,inventory coverage,promotion context
2026-08-23,S06,P130,209.0,278.044,69.04399999999998,69.04399999999998,,,,0.7874999999999999,HIGH,recent demand momentum,inventory coverage,promotion context
2026-08-24,S06,P130,189.0,212.392,23.391999999999996,23.391999999999996,,,,0.7874999999999999,HIGH,recent demand momentum,inventory coverage,promotion context
2026-08-25,S06,P130,159.0,268.448,109.44799999999998,109.44799999999998,,,,0.7874999999999999,HIGH,recent demand momentum,inventory coverage,promotion context
2026-08-20,S06,P131,111.0,131.728,20.72800000000001,20.72800000000001,,,,0.7874999999999999,HIGH,recent demand momentum,inventory coverage,promotion context
2026-08-21,S06,P131,104.0,121.976,17.976,17.976,,,,0.7874999999999999,HIGH,recent demand momentum,inventory coverage,promotion context
2026-08-22,S06,P131,108.0,121.824,13.823999999999998,13.823999999999998,,,,0.7874999999999999,HIGH,recent demand momentum,inventory coverage,promotion context
2026-08-23,S06,P131,107.0,116.196,9.195999999999998,9.195999999999998,,,,0.7874999999999999,HIGH,recent demand momentum,inventory coverage,promotion context
2026-08-24,S06,P131,99.0,117.256,18.256,18.256,,,,0.7874999999999999,HIGH,recent demand momentum,inventory coverage,promotion context
2026-08-25,S06,P131,82.0,120.664,38.664,38.664,,,,0.7874999999999999,HIGH,recent demand momentum,inventory coverage,promotion context
2026-08-20,S06,P132,30.0,63.64,33.64,33.64,,,,0.7874999999999999,HIGH,recent demand momentum,inventory coverage,promotion context
2026-08-21,S06,P132,50.0,50.948,0.9480000000000004,0.9480000000000004,,,,0.7874999999999999,HIGH,recent demand momentum,inventory coverage,promotion context
2026-08-22,S06,P132,48.0,53.956,5.956000000000003,5.956000000000003,,,,0.7874999999999999,HIGH,recent demand momentum,inventory coverage,promotion context
2026-08-23,S06,P132,48.0,51.62,3.6199999999999974,3.6199999999999974,,,,0.7874999999999999,HIGH,recent demand momentum,inventory coverage,promotion context
2026-08-24,S06,P132,62.0,51.944,-10.055999999999997,10.055999999999997,,,,0.7874999999999999,HIGH,recent demand momentum,inventory coverage,promotion context
2026-08-25,S06,P132,56.0,53.288,-2.7120000000000033,2.7120000000000033,0.0,LOW,0.0,0.7874999999999999,HIGH,recent demand momentum,inventory coverage,promotion context
2026-08-20,S06,P133,291.0,255.772,-35.22800000000001,35.22800000000001,,,,0.7874999999999999,HIGH,recent demand momentum,inventory coverage,promotion context
2026-08-21,S06,P133,319.0,259.6,-59.39999999999998,59.39999999999998,,,,0.7874999999999999,HIGH,recent demand momentum,inventory coverage,promotion context
2026-08-22,S06,P133,325.0,259.16,-65.83999999999997,65.83999999999997,,,,0.7874999999999999,HIGH,recent demand momentum,inventory coverage,promotion context
2026-08-23,S06,P133,317.0,257.756,-59.24400000000003,59.24400000000003,,,,0.7874999999999999,HIGH,recent demand momentum,inventory coverage,promotion context
2026-08-24,S06,P133,310.0,257.932,-52.067999999999984,52.067999999999984,,,,0.7874999999999999,HIGH,recent demand momentum,inventory coverage,promotion context
2026-08-25,S06,P133,266.0,257.452,-8.548000000000002,8.548000000000002,0.0,LOW,0.0,0.7874999999999999,HIGH,recent demand momentum,inventory coverage,promotion context
2026-08-20,S06,P134,99.0,111.188,12.188000000000002,12.188000000000002,,,,0.7874999999999999,HIGH,recent demand momentum,inventory coverage,promotion context
2026-08-21,S06,P134,101.0,116.588,15.587999999999994,15.587999999999994,,,,0.7874999999999999,HIGH,recent demand momentum,inventory coverage,promotion context
2026-08-22,S06,P134,118.0,110.616,-7.384,7.384,,,,0.7874999999999999,HIGH,recent demand momentum,inventory coverage,promotion context
2026-08-23,S06,P134,114.0,109.944,-4.055999999999997,4.055999999999997,,,,0.7874999999999999,HIGH,recent demand momentum,inventory coverage,promotion context
2026-08-24,S06,P134,98.0,114.252,16.251999999999995,16.251999999999995,,,,0.7874999999999999,HIGH,recent demand momentum,inventory coverage,promotion context
2026-08-25,S06,P134,84.0,113.836,29.836,29.836,,,,0.7874999999999999,HIGH,recent demand momentum,inventory coverage,promotion context
2026-08-20,S06,P135,53.0,49.704,-3.2959999999999994,3.2959999999999994,,,,0.7874999999999999,HIGH,recent demand momentum,inventory coverage,promotion context
2026-08-21,S06,P135,48.0,49.42,1.4200000000000017,1.4200000000000017,,,,0.7874999999999999,HIGH,recent demand momentum,inventory coverage,promotion context
2026-08-22,S06,P135,45.0,52.032,7.0319999999999965,7.0319999999999965,,,,0.7874999999999999,HIGH,recent demand momentum,inventory coverage,promotion context
2026-08-23,S06,P135,42.0,49.572,7.572000000000003,7.572000000000003,,,,0.7874999999999999,HIGH,recent demand momentum,inventory coverage,promotion context
2026-08-24,S06,P135,41.0,51.332,10.332,10.332,,,,0.7874999999999999,HIGH,recent demand momentum,inventory coverage,promotion context
2026-08-25,S06,P135,31.0,49.852,18.851999999999997,18.851999999999997,,,,0.7874999999999999,HIGH,recent demand momentum,inventory coverage,promotion context
2026-08-20,S06,P136,8.0,5.696,-2.3040000000000003,2.3040000000000003,,,,0.7874999999999999,HIGH,recent demand momentum,inventory coverage,promotion context
2026-08-23,S06,P136,12.0,5.364,-6.636,6.636,,,,0.7874999999999999,HIGH,recent demand momentum,inventory coverage,promotion context
2026-08-24,S06,P136,13.0,5.508,-7.492,7.492,,,,0.7874999999999999,HIGH,recent demand momentum,inventory coverage,promotion context
2026-08-20,S06,P137,69.0,76.728,7.727999999999994,7.727999999999994,,,,0.7874999999999999,HIGH,recent demand momentum,inventory coverage,promotion context
2026-08-21,S06,P137,74.0,74.144,0.14400000000000546,0.14400000000000546,,,,0.7874999999999999,HIGH,recent demand momentum,inventory coverage,promotion context
2026-08-22,S06,P137,94.0,73.796,-20.203999999999994,20.203999999999994,,,,0.7874999999999999,HIGH,recent demand momentum,inventory coverage,promotion context
2026-08-23,S06,P137,91.0,85.448,-5.552000000000007,5.552000000000007,,,,0.7874999999999999,HIGH,recent demand momentum,inventory coverage,promotion context
2026-08-24,S06,P137,87.0,87.892,0.8919999999999959,0.8919999999999959,,,,0.7874999999999999,HIGH,recent demand momentum,inventory coverage,promotion context
2026-08-25,S06,P137,75.0,86.704,11.703999999999994,11.703999999999994,0.0,LOW,0.0,0.7874999999999999,HIGH,recent demand momentum,inventory coverage,promotion context
2026-08-20,S06,P138,50.0,47.644,-2.3560000000000016,2.3560000000000016,,,,0.7874999999999999,HIGH,recent demand momentum,inventory coverage,promotion context
2026-08-21,S06,P138,55.0,47.86,-7.140000000000001,7.140000000000001,,,,0.7874999999999999,HIGH,recent demand momentum,inventory coverage,promotion context
2026-08-22,S06,P138,47.0,49.744,2.7439999999999998,2.7439999999999998,,,,0.7874999999999999,HIGH,recent demand momentum,inventory coverage,promotion context
2026-08-23,S06,P138,54.0,48.78,-5.219999999999999,5.219999999999999,,,,0.7874999999999999,HIGH,recent demand momentum,inventory coverage,promotion context
2026-08-24,S06,P138,56.0,52.368,-3.631999999999998,3.631999999999998,,,,0.7874999999999999,HIGH,recent demand momentum,inventory coverage,promotion context
2026-08-25,S06,P138,48.0,50.028,2.0279999999999987,2.0279999999999987,0.0,LOW,0.0,0.7874999999999999,HIGH,recent demand momentum,inventory coverage,promotion context
2026-08-20,S06,P139,14.0,12.604,-1.3960000000000008,1.3960000000000008,,,,0.7874999999999999,HIGH,recent demand momentum,inventory coverage,promotion context
2026-08-22,S06,P139,18.0,13.176,-4.824,4.824,,,,0.7874999999999999,HIGH,recent demand momentum,inventory coverage,promotion context
2026-08-24,S06,P139,17.0,13.36,-3.6400000000000006,3.6400000000000006,,,,0.7874999999999999,HIGH,recent demand momentum,inventory coverage,promotion context
2026-08-25,S06,P139,12.0,13.46,1.4600000000000009,1.4600000000000009,0.0,LOW,0.0,0.7874999999999999,HIGH,recent demand momentum,inventory coverage,promotion context
2026-08-21,S06,P140,23.0,22.972,-0.027999999999998693,0.027999999999998693,,,,0.7874999999999999,HIGH,recent demand momentum,inventory coverage,promotion context
2026-08-23,S06,P140,22.0,25.744,3.7439999999999998,3.7439999999999998,,,,0.7874999999999999,HIGH,recent demand momentum,inventory coverage,promotion context
2026-08-25,S06,P140,19.0,22.112,3.1119999999999983,3.1119999999999983,0.0,LOW,0.0,0.7874999999999999,HIGH,recent demand momentum,inventory coverage,promotion context
2026-08-20,S06,P141,30.0,23.028,-6.972000000000001,6.972000000000001,,,,0.7874999999999999,HIGH,recent demand momentum,inventory coverage,promotion context
2026-08-21,S06,P141,31.0,23.976,-7.024000000000001,7.024000000000001,,,,0.7874999999999999,HIGH,recent demand momentum,inventory coverage,promotion context
2026-08-22,S06,P141,30.0,23.908,-6.091999999999999,6.091999999999999,,,,0.7874999999999999,HIGH,recent demand momentum,inventory coverage,promotion context
2026-08-23,S06,P141,30.0,22.632,-7.3679999999999986,7.3679999999999986,,,,0.7874999999999999,HIGH,recent demand momentum,inventory coverage,promotion context
2026-08-25,S06,P141,28.0,25.176,-2.8240000000000016,2.8240000000000016,,,,0.7874999999999999,HIGH,recent demand momentum,inventory coverage,promotion context
2026-08-22,S06,P142,19.0,9.056,-9.944,9.944,,,,0.7874999999999999,HIGH,recent demand momentum,inventory coverage,promotion context
2026-08-23,S06,P142,19.0,10.16,-8.84,8.84,,,,0.7874999999999999,HIGH,recent demand momentum,inventory coverage,promotion context
2026-08-24,S06,P142,18.0,11.412,-6.587999999999999,6.587999999999999,,,,0.7874999999999999,HIGH,recent demand momentum,inventory coverage,promotion context
2026-08-20,S06,P143,48.0,44.572,-3.4279999999999973,3.4279999999999973,,,,0.7874999999999999,HIGH,recent demand momentum,inventory coverage,promotion context
2026-08-21,S06,P143,62.0,48.52,-13.479999999999997,13.479999999999997,,,,0.7874999999999999,HIGH,recent demand momentum,inventory coverage,promotion context
2026-08-22,S06,P143,53.0,44.844,-8.155999999999999,8.155999999999999,,,,0.7874999999999999,HIGH,recent demand momentum,inventory coverage,promotion context
2026-08-23,S06,P143,46.0,47.976,1.975999999999999,1.975999999999999,,,,0.7874999999999999,HIGH,recent demand momentum,inventory coverage,promotion context
2026-08-24,S06,P143,50.0,48.892,-1.107999999999997,1.107999999999997,,,,0.7874999999999999,HIGH,recent demand momentum,inventory coverage,promotion context
2026-08-25,S06,P143,42.0,44.668,2.6679999999999993,2.6679999999999993,0.0,LOW,0.0,0.7874999999999999,HIGH,recent demand momentum,inventory coverage,promotion context
2026-08-20,S06,P144,46.0,38.148,-7.851999999999997,7.851999999999997,,,,0.7874999999999999,HIGH,recent demand momentum,inventory coverage,promotion context
2026-08-21,S06,P144,41.0,36.744,-4.256,4.256,,,,0.7874999999999999,HIGH,recent demand momentum,inventory coverage,promotion context
2026-08-22,S06,P144,41.0,40.512,-0.48799999999999955,0.48799999999999955,,,,0.7874999999999999,HIGH,recent demand momentum,inventory coverage,promotion context
2026-08-23,S06,P144,37.0,40.92,3.9200000000000017,3.9200000000000017,,,,0.7874999999999999,HIGH,recent demand momentum,inventory coverage,promotion context
2026-08-24,S06,P144,37.0,39.248,2.2479999999999976,2.2479999999999976,,,,0.7874999999999999,HIGH,recent demand momentum,inventory coverage,promotion context
2026-08-25,S06,P144,33.0,38.164,5.1640000000000015,5.1640000000000015,0.0,LOW,0.0,0.7874999999999999,HIGH,recent demand momentum,inventory coverage,promotion context
2026-08-21,S06,P145,19.0,24.284,5.283999999999999,5.283999999999999,,,,0.7874999999999999,HIGH,recent demand momentum,inventory coverage,promotion context
2026-08-22,S06,P145,18.0,23.344,5.344000000000001,5.344000000000001,,,,0.7874999999999999,HIGH,recent demand momentum,inventory coverage,promotion context
2026-08-23,S06,P145,18.0,27.156,9.155999999999999,9.155999999999999,,,,0.7874999999999999,HIGH,recent demand momentum,inventory coverage,promotion context
2026-08-24,S06,P145,18.0,27.008,9.008,9.008,,,,0.7874999999999999,HIGH,recent demand momentum,inventory coverage,promotion context
2026-08-20,S06,P146,67.0,66.156,-0.8439999999999941,0.8439999999999941,,,,0.7874999999999999,HIGH,recent demand momentum,inventory coverage,promotion context
2026-08-21,S06,P146,64.0,62.26,-1.740000000000002,1.740000000000002,,,,0.7874999999999999,HIGH,recent demand momentum,inventory coverage,promotion context
2026-08-22,S06,P146,60.0,63.844,3.844000000000001,3.844000000000001,,,,0.7874999999999999,HIGH,recent demand momentum,inventory coverage,promotion context
2026-08-23,S06,P146,64.0,67.484,3.4839999999999947,3.4839999999999947,,,,0.7874999999999999,HIGH,recent demand momentum,inventory coverage,promotion context
2026-08-24,S06,P146,62.0,64.74,2.739999999999995,2.739999999999995,,,,0.7874999999999999,HIGH,recent demand momentum,inventory coverage,promotion context
2026-08-25,S06,P146,51.0,65.448,14.447999999999993,14.447999999999993,0.0,LOW,0.0,0.7874999999999999,HIGH,recent demand momentum,inventory coverage,promotion context
2026-08-20,S06,P147,45.0,38.316,-6.6839999999999975,6.6839999999999975,,,,0.7874999999999999,HIGH,recent demand momentum,inventory coverage,promotion context
2026-08-21,S06,P147,62.0,36.816,-25.183999999999997,25.183999999999997,,,,0.7874999999999999,HIGH,recent demand momentum,inventory coverage,promotion context
2026-08-22,S06,P147,60.0,34.096,-25.904000000000003,25.904000000000003,,,,0.7874999999999999,HIGH,recent demand momentum,inventory coverage,promotion context
2026-08-23,S06,P147,50.0,38.944,-11.055999999999997,11.055999999999997,,,,0.7874999999999999,HIGH,recent demand momentum,inventory coverage,promotion context
2026-08-24,S06,P147,47.0,39.052,-7.948,7.948,,,,0.7874999999999999,HIGH,recent demand momentum,inventory coverage,promotion context
2026-08-25,S06,P147,37.0,41.292,4.292000000000002,4.292000000000002,0.0,LOW,0.0,0.7874999999999999,HIGH,recent demand momentum,inventory coverage,promotion context
2026-08-22,S06,P148,6.0,11.732,5.731999999999999,5.731999999999999,,,,0.7874999999999999,HIGH,recent demand momentum,inventory coverage,promotion context
2026-08-23,S06,P148,4.0,11.512,7.5120000000000005,7.5120000000000005,,,,0.7874999999999999,HIGH,recent demand momentum,inventory coverage,promotion context
2026-08-20,S06,P149,21.0,31.408,10.408000000000001,10.408000000000001,,,,0.7874999999999999,HIGH,recent demand momentum,inventory coverage,promotion context
2026-08-21,S06,P149,20.0,32.216,12.216000000000001,12.216000000000001,,,,0.7874999999999999,HIGH,recent demand momentum,inventory coverage,promotion context
2026-08-22,S06,P149,14.0,26.432,12.431999999999999,12.431999999999999,,,,0.7874999999999999,HIGH,recent demand momentum,inventory coverage,promotion context
2026-08-23,S06,P149,8.0,28.384,20.384,20.384,,,,0.7874999999999999,HIGH,recent demand momentum,inventory coverage,promotion context
2026-08-25,S06,P149,7.0,27.304,20.304,20.304,0.0,LOW,0.0,0.7874999999999999,HIGH,recent demand momentum,inventory coverage,promotion context
2026-08-21,S06,P150,13.0,23.244,10.244,10.244,,,,0.7874999999999999,HIGH,recent demand momentum,inventory coverage,promotion context
2026-08-22,S06,P150,12.0,19.388,7.388000000000002,7.388000000000002,,,,0.7874999999999999,HIGH,recent demand momentum,inventory coverage,promotion context
2026-08-25,S06,P150,25.0,18.412,-6.588000000000001,6.588000000000001,0.0,LOW,0.0,0.7874999999999999,HIGH,recent demand momentum,inventory coverage,promotion context
2026-08-20,S06,P151,11.0,16.936,5.936,5.936,,,,0.7874999999999999,HIGH,recent demand momentum,inventory coverage,promotion context
2026-08-22,S06,P151,12.0,15.548,3.548,3.548,,,,0.7874999999999999,HIGH,recent demand momentum,inventory coverage,promotion context
2026-08-23,S06,P151,12.0,18.976,6.975999999999999,6.975999999999999,,,,0.7874999999999999,HIGH,recent demand momentum,inventory coverage,promotion context
2026-08-24,S06,P151,12.0,17.64,5.640000000000001,5.640000000000001,,,,0.7874999999999999,HIGH,recent demand momentum,inventory coverage,promotion context
2026-08-25,S06,P151,11.0,17.308,6.308,6.308,0.0,LOW,0.0,0.7874999999999999,HIGH,recent demand momentum,inventory coverage,promotion context
2026-08-20,S06,P152,68.0,65.076,-2.9240000000000066,2.9240000000000066,,,,0.7874999999999999,HIGH,recent demand momentum,inventory coverage,promotion context
2026-08-21,S06,P152,61.0,67.48,6.480000000000004,6.480000000000004,,,,0.7874999999999999,HIGH,recent demand momentum,inventory coverage,promotion context
2026-08-22,S06,P152,64.0,69.468,5.4680000000000035,5.4680000000000035,,,,0.7874999999999999,HIGH,recent demand momentum,inventory coverage,promotion context
2026-08-23,S06,P152,62.0,67.44,5.439999999999998,5.439999999999998,,,,0.7874999999999999,HIGH,recent demand momentum,inventory coverage,promotion context
2026-08-24,S06,P152,69.0,63.052,-5.948,5.948,,,,0.7874999999999999,HIGH,recent demand momentum,inventory coverage,promotion context
2026-08-25,S06,P152,67.0,63.596,-3.4040000000000035,3.4040000000000035,0.0,LOW,0.0,0.7874999999999999,HIGH,recent demand momentum,inventory coverage,promotion context
2026-08-20,S06,P153,56.0,48.684,-7.3160000000000025,7.3160000000000025,,,,0.7874999999999999,HIGH,recent demand momentum,inventory coverage,promotion context
2026-08-21,S06,P153,50.0,51.108,1.107999999999997,1.107999999999997,,,,0.7874999999999999,HIGH,recent demand momentum,inventory coverage,promotion context
2026-08-22,S06,P153,42.0,51.164,9.164000000000001,9.164000000000001,,,,0.7874999999999999,HIGH,recent demand momentum,inventory coverage,promotion context
2026-08-23,S06,P153,56.0,58.412,2.411999999999999,2.411999999999999,,,,0.7874999999999999,HIGH,recent demand momentum,inventory coverage,promotion context
2026-08-24,S06,P153,66.0,56.432,-9.567999999999998,9.567999999999998,,,,0.7874999999999999,HIGH,recent demand momentum,inventory coverage,promotion context
2026-08-25,S06,P153,57.0,60.064,3.064,3.064,0.0,LOW,0.0,0.7874999999999999,HIGH,recent demand momentum,inventory coverage,promotion context
2026-08-20,S06,P154,23.0,24.848,1.847999999999999,1.847999999999999,,,,0.7874999999999999,HIGH,recent demand momentum,inventory coverage,promotion context
2026-08-21,S06,P154,22.0,26.048,4.047999999999998,4.047999999999998,,,,0.7874999999999999,HIGH,recent demand momentum,inventory coverage,promotion context
2026-08-22,S06,P154,23.0,19.2,-3.8000000000000007,3.8000000000000007,,,,0.7874999999999999,HIGH,recent demand momentum,inventory coverage,promotion context
2026-08-23,S06,P154,32.0,22.488,-9.512,9.512,,,,0.7874999999999999,HIGH,recent demand momentum,inventory coverage,promotion context
2026-08-24,S06,P154,27.0,21.636,-5.364000000000001,5.364000000000001,,,,0.7874999999999999,HIGH,recent demand momentum,inventory coverage,promotion context
2026-08-25,S06,P154,25.0,24.724,-0.2759999999999998,0.2759999999999998,0.0,LOW,0.0,0.7874999999999999,HIGH,recent demand momentum,inventory coverage,promotion context
2026-08-20,S06,P155,25.0,27.9,2.8999999999999986,2.8999999999999986,,,,0.7874999999999999,HIGH,recent demand momentum,inventory coverage,promotion context
2026-08-21,S06,P155,24.0,29.108,5.1080000000000005,5.1080000000000005,,,,0.7874999999999999,HIGH,recent demand momentum,inventory coverage,promotion context
2026-08-22,S06,P155,25.0,28.02,3.0199999999999996,3.0199999999999996,,,,0.7874999999999999,HIGH,recent demand momentum,inventory coverage,promotion context
2026-08-23,S06,P155,34.0,29.424,-4.5760000000000005,4.5760000000000005,,,,0.7874999999999999,HIGH,recent demand momentum,inventory coverage,promotion context
2026-08-24,S06,P155,35.0,29.872,-5.128,5.128,,,,0.7874999999999999,HIGH,recent demand momentum,inventory coverage,promotion context
2026-08-25,S06,P155,26.0,28.496,2.4959999999999987,2.4959999999999987,,,,0.7874999999999999,HIGH,recent demand momentum,inventory coverage,promotion context
2026-08-20,S06,P156,70.0,80.08,10.079999999999998,10.079999999999998,,,,0.7874999999999999,HIGH,recent demand momentum,inventory coverage,promotion context
2026-08-21,S06,P156,78.0,95.348,17.348,17.348,,,,0.7874999999999999,HIGH,recent demand momentum,inventory coverage,promotion context
2026-08-22,S06,P156,75.0,72.184,-2.8160000000000025,2.8160000000000025,,,,0.7874999999999999,HIGH,recent demand momentum,inventory coverage,promotion context
2026-08-23,S06,P156,84.0,92.048,8.048000000000002,8.048000000000002,,,,0.7874999999999999,HIGH,recent demand momentum,inventory coverage,promotion context
2026-08-24,S06,P156,82.0,87.156,5.156000000000006,5.156000000000006,,,,0.7874999999999999,HIGH,recent demand momentum,inventory coverage,promotion context
2026-08-25,S06,P156,73.0,85.484,12.483999999999995,12.483999999999995,0.0,LOW,0.0,0.7874999999999999,HIGH,recent demand momentum,inventory coverage,promotion context
2026-08-20,S06,P157,28.0,45.624,17.624000000000002,17.624000000000002,,,,0.7874999999999999,HIGH,recent demand momentum,inventory coverage,promotion context
2026-08-21,S06,P157,38.0,48.224,10.223999999999997,10.223999999999997,,,,0.7874999999999999,HIGH,recent demand momentum,inventory coverage,promotion context
2026-08-22,S06,P157,30.0,51.512,21.512,21.512,,,,0.7874999999999999,HIGH,recent demand momentum,inventory coverage,promotion context
2026-08-23,S06,P157,38.0,52.528,14.527999999999999,14.527999999999999,,,,0.7874999999999999,HIGH,recent demand momentum,inventory coverage,promotion context
2026-08-24,S06,P157,38.0,48.812,10.811999999999998,10.811999999999998,,,,0.7874999999999999,HIGH,recent demand momentum,inventory coverage,promotion context
2026-08-25,S06,P157,29.0,51.948,22.948,22.948,,,,0.7874999999999999,HIGH,recent demand momentum,inventory coverage,promotion context
2026-08-20,S06,P158,167.0,164.42,-2.5800000000000125,2.5800000000000125,,,,0.7874999999999999,HIGH,recent demand momentum,inventory coverage,promotion context
2026-08-21,S06,P158,160.0,152.04,-7.960000000000008,7.960000000000008,,,,0.7874999999999999,HIGH,recent demand momentum,inventory coverage,promotion context
2026-08-22,S06,P158,155.0,155.972,0.9720000000000084,0.9720000000000084,,,,0.7874999999999999,HIGH,recent demand momentum,inventory coverage,promotion context
2026-08-23,S06,P158,184.0,141.864,-42.135999999999996,42.135999999999996,,,,0.7874999999999999,HIGH,recent demand momentum,inventory coverage,promotion context
2026-08-24,S06,P158,166.0,169.404,3.4039999999999964,3.4039999999999964,,,,0.7874999999999999,HIGH,recent demand momentum,inventory coverage,promotion context
2026-08-25,S06,P158,133.0,155.46,22.460000000000008,22.460000000000008,0.0,LOW,0.0,0.7874999999999999,HIGH,recent demand momentum,inventory coverage,promotion context
2026-08-20,S06,P159,177.0,195.676,18.675999999999988,18.675999999999988,,,,0.7874999999999999,HIGH,recent demand momentum,inventory coverage,promotion context
2026-08-21,S06,P159,186.0,202.456,16.45599999999999,16.45599999999999,,,,0.7874999999999999,HIGH,recent demand momentum,inventory coverage,promotion context
2026-08-22,S06,P159,176.0,192.996,16.99600000000001,16.99600000000001,,,,0.7874999999999999,HIGH,recent demand momentum,inventory coverage,promotion context
2026-08-23,S06,P159,174.0,183.828,9.828000000000003,9.828000000000003,,,,0.7874999999999999,HIGH,recent demand momentum,inventory coverage,promotion context
2026-08-24,S06,P159,180.0,180.684,0.6839999999999975,0.6839999999999975,,,,0.7874999999999999,HIGH,recent demand momentum,inventory coverage,promotion context
2026-08-25,S06,P159,160.0,179.156,19.156000000000006,19.156000000000006,0.0,LOW,0.0,0.7874999999999999,HIGH,recent demand momentum,inventory coverage,promotion context
2026-08-20,S06,P160,1.0,3.388,2.388,2.388,,,,0.7874999999999999,HIGH,recent demand momentum,inventory coverage,promotion context
2026-08-21,S06,P160,0.0,4.456,4.456,4.456,,,,0.7874999999999999,HIGH,recent demand momentum,inventory coverage,promotion context
2026-08-20,S06,P161,109.0,103.012,-5.9879999999999995,5.9879999999999995,,,,0.7874999999999999,HIGH,recent demand momentum,inventory coverage,promotion context
2026-08-21,S06,P161,104.0,105.976,1.975999999999999,1.975999999999999,,,,0.7874999999999999,HIGH,recent demand momentum,inventory coverage,promotion context
2026-08-22,S06,P161,112.0,104.868,-7.132000000000005,7.132000000000005,,,,0.7874999999999999,HIGH,recent demand momentum,inventory coverage,promotion context
2026-08-23,S06,P161,110.0,103.22,-6.780000000000001,6.780000000000001,,,,0.7874999999999999,HIGH,recent demand momentum,inventory coverage,promotion context
2026-08-24,S06,P161,97.0,105.624,8.623999999999995,8.623999999999995,,,,0.7874999999999999,HIGH,recent demand momentum,inventory coverage,promotion context
2026-08-25,S06,P161,84.0,106.532,22.531999999999996,22.531999999999996,0.0,LOW,0.0,0.7874999999999999,HIGH,recent demand momentum,inventory coverage,promotion context
2026-08-20,S06,P163,150.0,122.636,-27.364000000000004,27.364000000000004,,,,0.7874999999999999,HIGH,recent demand momentum,inventory coverage,promotion context
2026-08-21,S06,P163,132.0,120.98,-11.019999999999996,11.019999999999996,,,,0.7874999999999999,HIGH,recent demand momentum,inventory coverage,promotion context
2026-08-22,S06,P163,118.0,116.948,-1.0520000000000067,1.0520000000000067,,,,0.7874999999999999,HIGH,recent demand momentum,inventory coverage,promotion context
2026-08-23,S06,P163,122.0,117.932,-4.067999999999998,4.067999999999998,,,,0.7874999999999999,HIGH,recent demand momentum,inventory coverage,promotion context
2026-08-24,S06,P163,109.0,117.392,8.391999999999996,8.391999999999996,,,,0.7874999999999999,HIGH,recent demand momentum,inventory coverage,promotion context
2026-08-25,S06,P163,97.0,120.712,23.712000000000003,23.712000000000003,0.0,LOW,0.0,0.7874999999999999,HIGH,recent demand momentum,inventory coverage,promotion context
2026-08-20,S06,P164,56.0,30.476,-25.524,25.524,,,,0.7874999999999999,HIGH,recent demand momentum,inventory coverage,promotion context
2026-08-21,S06,P164,44.0,26.152,-17.848,17.848,,,,0.7874999999999999,HIGH,recent demand momentum,inventory coverage,promotion context
2026-08-22,S06,P164,39.0,27.324,-11.675999999999998,11.675999999999998,,,,0.7874999999999999,HIGH,recent demand momentum,inventory coverage,promotion context
2026-08-23,S06,P164,34.0,28.232,-5.768000000000001,5.768000000000001,,,,0.7874999999999999,HIGH,recent demand momentum,inventory coverage,promotion context
2026-08-24,S06,P164,37.0,26.06,-10.940000000000001,10.940000000000001,,,,0.7874999999999999,HIGH,recent demand momentum,inventory coverage,promotion context
2026-08-25,S06,P164,31.0,33.728,2.7280000000000015,2.7280000000000015,0.0,LOW,0.0,0.7874999999999999,HIGH,recent demand momentum,inventory coverage,promotion context
2026-08-20,S06,P165,7.0,6.916,-0.08399999999999963,0.08399999999999963,,,,0.7874999999999999,HIGH,recent demand momentum,inventory coverage,promotion context
2026-08-21,S06,P165,7.0,7.484,0.484,0.484,,,,0.7874999999999999,HIGH,recent demand momentum,inventory coverage,promotion context
2026-08-20,S06,P166,57.0,43.268,-13.732,13.732,,,,0.7874999999999999,HIGH,recent demand momentum,inventory coverage,promotion context
2026-08-21,S06,P166,54.0,44.184,-9.816000000000003,9.816000000000003,,,,0.7874999999999999,HIGH,recent demand momentum,inventory coverage,promotion context
2026-08-22,S06,P166,51.0,43.092,-7.908000000000001,7.908000000000001,,,,0.7874999999999999,HIGH,recent demand momentum,inventory coverage,promotion context
2026-08-23,S06,P166,48.0,44.224,-3.7760000000000034,3.7760000000000034,,,,0.7874999999999999,HIGH,recent demand momentum,inventory coverage,promotion context
2026-08-24,S06,P166,45.0,43.784,-1.216000000000001,1.216000000000001,,,,0.7874999999999999,HIGH,recent demand momentum,inventory coverage,promotion context
2026-08-25,S06,P166,33.0,52.864,19.863999999999997,19.863999999999997,0.0,LOW,0.0,0.7874999999999999,HIGH,recent demand momentum,inventory coverage,promotion context
2026-08-20,S06,P167,3.0,7.716,4.716,4.716,,,,0.7874999999999999,HIGH,recent demand momentum,inventory coverage,promotion context
2026-08-25,S06,P167,2.0,5.88,3.88,3.88,0.0,LOW,0.0,0.7874999999999999,HIGH,recent demand momentum,inventory coverage,promotion context
2026-08-21,S06,P168,3.0,13.22,10.22,10.22,,,,0.7874999999999999,HIGH,recent demand momentum,inventory coverage,promotion context
2026-08-24,S06,P168,8.0,12.008,4.007999999999999,4.007999999999999,,,,0.7874999999999999,HIGH,recent demand momentum,inventory coverage,promotion context
2026-08-25,S06,P168,7.0,11.788,4.788,4.788,0.0,LOW,0.0,0.7874999999999999,HIGH,recent demand momentum,inventory coverage,promotion context
2026-08-20,S06,P169,49.0,49.088,0.08800000000000097,0.08800000000000097,,,,0.7874999999999999,HIGH,recent demand momentum,inventory coverage,promotion context
2026-08-21,S06,P169,48.0,44.868,-3.131999999999998,3.131999999999998,,,,0.7874999999999999,HIGH,recent demand momentum,inventory coverage,promotion context
2026-08-22,S06,P169,48.0,44.556,-3.4440000000000026,3.4440000000000026,,,,0.7874999999999999,HIGH,recent demand momentum,inventory coverage,promotion context
2026-08-23,S06,P169,53.0,48.004,-4.996000000000002,4.996000000000002,,,,0.7874999999999999,HIGH,recent demand momentum,inventory coverage,promotion context
2026-08-24,S06,P169,54.0,46.316,-7.6839999999999975,7.6839999999999975,,,,0.7874999999999999,HIGH,recent demand momentum,inventory coverage,promotion context
2026-08-25,S06,P169,48.0,47.46,-0.5399999999999991,0.5399999999999991,0.0,LOW,0.0,0.7874999999999999,HIGH,recent demand momentum,inventory coverage,promotion context
2026-08-23,S06,P170,9.0,7.368,-1.6319999999999997,1.6319999999999997,,,,0.7874999999999999,HIGH,recent demand momentum,inventory coverage,promotion context
2026-08-25,S06,P170,6.0,8.7,2.6999999999999993,2.6999999999999993,0.0,LOW,0.0,0.7874999999999999,HIGH,recent demand momentum,inventory coverage,promotion context
2026-08-20,S06,P171,45.0,40.888,-4.112000000000002,4.112000000000002,,,,0.7874999999999999,HIGH,recent demand momentum,inventory coverage,promotion context
2026-08-21,S06,P171,46.0,40.38,-5.619999999999997,5.619999999999997,,,,0.7874999999999999,HIGH,recent demand momentum,inventory coverage,promotion context
2026-08-22,S06,P171,36.0,41.128,5.128,5.128,,,,0.7874999999999999,HIGH,recent demand momentum,inventory coverage,promotion context
2026-08-24,S06,P171,35.0,39.42,4.420000000000002,4.420000000000002,,,,0.7874999999999999,HIGH,recent demand momentum,inventory coverage,promotion context
2026-08-25,S06,P171,28.0,39.404,11.404000000000003,11.404000000000003,,,,0.7874999999999999,HIGH,recent demand momentum,inventory coverage,promotion context
2026-08-20,S06,P172,25.0,28.636,3.6359999999999992,3.6359999999999992,,,,0.7874999999999999,HIGH,recent demand momentum,inventory coverage,promotion context
2026-08-21,S06,P172,30.0,27.44,-2.5599999999999987,2.5599999999999987,,,,0.7874999999999999,HIGH,recent demand momentum,inventory coverage,promotion context
2026-08-22,S06,P172,31.0,27.312,-3.687999999999999,3.687999999999999,,,,0.7874999999999999,HIGH,recent demand momentum,inventory coverage,promotion context
2026-08-23,S06,P172,29.0,25.752,-3.248000000000001,3.248000000000001,,,,0.7874999999999999,HIGH,recent demand momentum,inventory coverage,promotion context
2026-08-24,S06,P172,31.0,25.44,-5.559999999999999,5.559999999999999,,,,0.7874999999999999,HIGH,recent demand momentum,inventory coverage,promotion context
2026-08-25,S06,P172,23.0,25.836,2.8359999999999985,2.8359999999999985,,,,0.7874999999999999,HIGH,recent demand momentum,inventory coverage,promotion context
2026-08-20,S06,P173,4.0,10.212,6.212,6.212,,,,0.7874999999999999,HIGH,recent demand momentum,inventory coverage,promotion context
2026-08-21,S06,P173,2.0,10.032,8.032,8.032,,,,0.7874999999999999,HIGH,recent demand momentum,inventory coverage,promotion context
2026-08-23,S06,P173,8.0,9.404,1.404,1.404,,,,0.7874999999999999,HIGH,recent demand momentum,inventory coverage,promotion context
2026-08-20,S06,P174,5.0,7.912,2.912,2.912,,,,0.7874999999999999,HIGH,recent demand momentum,inventory coverage,promotion context
2026-08-21,S06,P174,4.0,7.2,3.2,3.2,,,,0.7874999999999999,HIGH,recent demand momentum,inventory coverage,promotion context
2026-08-22,S06,P174,3.0,10.02,7.02,7.02,,,,0.7874999999999999,HIGH,recent demand momentum,inventory coverage,promotion context
2026-08-20,S06,P175,14.0,12.244,-1.7560000000000002,1.7560000000000002,,,,0.7874999999999999,HIGH,recent demand momentum,inventory coverage,promotion context
2026-08-21,S06,P175,17.0,10.38,-6.619999999999999,6.619999999999999,,,,0.7874999999999999,HIGH,recent demand momentum,inventory coverage,promotion context
2026-08-22,S06,P175,16.0,10.74,-5.26,5.26,,,,0.7874999999999999,HIGH,recent demand momentum,inventory coverage,promotion context
2026-08-24,S06,P175,9.0,15.592,6.5920000000000005,6.5920000000000005,,,,0.7874999999999999,HIGH,recent demand momentum,inventory coverage,promotion context
2026-08-20,S06,P176,204.0,174.52,-29.47999999999999,29.47999999999999,,,,0.7874999999999999,HIGH,recent demand momentum,inventory coverage,promotion context
2026-08-21,S06,P176,218.0,173.688,-44.31200000000001,44.31200000000001,,,,0.7874999999999999,HIGH,recent demand momentum,inventory coverage,promotion context
2026-08-22,S06,P176,184.0,172.568,-11.431999999999988,11.431999999999988,,,,0.7874999999999999,HIGH,recent demand momentum,inventory coverage,promotion context
2026-08-23,S06,P176,181.0,181.272,0.27199999999999136,0.27199999999999136,,,,0.7874999999999999,HIGH,recent demand momentum,inventory coverage,promotion context
2026-08-24,S06,P176,192.0,185.388,-6.611999999999995,6.611999999999995,,,,0.7874999999999999,HIGH,recent demand momentum,inventory coverage,promotion context
2026-08-25,S06,P176,167.0,171.352,4.352000000000004,4.352000000000004,,,,0.7874999999999999,HIGH,recent demand momentum,inventory coverage,promotion context
2026-08-20,S06,P177,34.0,32.364,-1.6360000000000028,1.6360000000000028,,,,0.7874999999999999,HIGH,recent demand momentum,inventory coverage,promotion context
2026-08-21,S06,P177,40.0,25.108,-14.892,14.892,,,,0.7874999999999999,HIGH,recent demand momentum,inventory coverage,promotion context
2026-08-22,S06,P177,38.0,25.68,-12.32,12.32,,,,0.7874999999999999,HIGH,recent demand momentum,inventory coverage,promotion context
2026-08-23,S06,P177,34.0,25.872,-8.128,8.128,,,,0.7874999999999999,HIGH,recent demand momentum,inventory coverage,promotion context
2026-08-24,S06,P177,27.0,25.352,-1.6479999999999997,1.6479999999999997,,,,0.7874999999999999,HIGH,recent demand momentum,inventory coverage,promotion context
2026-08-25,S06,P177,26.0,29.488,3.4879999999999995,3.4879999999999995,0.0,LOW,0.0,0.7874999999999999,HIGH,recent demand momentum,inventory coverage,promotion context
2026-08-20,S06,P178,34.0,22.172,-11.828,11.828,,,,0.7874999999999999,HIGH,recent demand momentum,inventory coverage,promotion context
2026-08-21,S06,P178,38.0,23.152,-14.847999999999999,14.847999999999999,,,,0.7874999999999999,HIGH,recent demand momentum,inventory coverage,promotion context
2026-08-22,S06,P178,32.0,24.54,-7.460000000000001,7.460000000000001,,,,0.7874999999999999,HIGH,recent demand momentum,inventory coverage,promotion context
2026-08-23,S06,P178,16.0,23.848,7.847999999999999,7.847999999999999,,,,0.7874999999999999,HIGH,recent demand momentum,inventory coverage,promotion context
2026-08-24,S06,P178,17.0,23.216,6.216000000000001,6.216000000000001,,,,0.7874999999999999,HIGH,recent demand momentum,inventory coverage,promotion context
2026-08-25,S06,P178,15.0,20.548,5.547999999999998,5.547999999999998,0.0,LOW,0.0,0.7874999999999999,HIGH,recent demand momentum,inventory coverage,promotion context
2026-08-21,S06,P179,11.0,8.988,-2.0120000000000005,2.0120000000000005,,,,0.7874999999999999,HIGH,recent demand momentum,inventory coverage,promotion context
2026-08-23,S06,P179,8.0,10.752,2.7520000000000007,2.7520000000000007,,,,0.7874999999999999,HIGH,recent demand momentum,inventory coverage,promotion context
2026-08-24,S06,P179,12.0,8.76,-3.24,3.24,,,,0.7874999999999999,HIGH,recent demand momentum,inventory coverage,promotion context
2026-08-20,S06,P180,85.0,93.812,8.811999999999998,8.811999999999998,,,,0.7874999999999999,HIGH,recent demand momentum,inventory coverage,promotion context
2026-08-21,S06,P180,77.0,100.212,23.212000000000003,23.212000000000003,,,,0.7874999999999999,HIGH,recent demand momentum,inventory coverage,promotion context
2026-08-22,S06,P180,83.0,88.488,5.4879999999999995,5.4879999999999995,,,,0.7874999999999999,HIGH,recent demand momentum,inventory coverage,promotion context
2026-08-23,S06,P180,76.0,90.448,14.447999999999993,14.447999999999993,,,,0.7874999999999999,HIGH,recent demand momentum,inventory coverage,promotion context
2026-08-24,S06,P180,70.0,90.112,20.111999999999995,20.111999999999995,,,,0.7874999999999999,HIGH,recent demand momentum,inventory coverage,promotion context
2026-08-25,S06,P180,65.0,98.468,33.468,33.468,0.0,LOW,0.0,0.7874999999999999,HIGH,recent demand momentum,inventory coverage,promotion context
2026-08-20,S06,P181,21.0,35.456,14.456000000000003,14.456000000000003,,,,0.7874999999999999,HIGH,recent demand momentum,inventory coverage,promotion context
2026-08-22,S06,P181,28.0,36.888,8.887999999999998,8.887999999999998,,,,0.7874999999999999,HIGH,recent demand momentum,inventory coverage,promotion context
2026-08-23,S06,P181,29.0,37.644,8.643999999999998,8.643999999999998,,,,0.7874999999999999,HIGH,recent demand momentum,inventory coverage,promotion context
2026-08-24,S06,P181,37.0,38.792,1.7920000000000016,1.7920000000000016,,,,0.7874999999999999,HIGH,recent demand momentum,inventory coverage,promotion context
2026-08-25,S06,P181,33.0,40.156,7.155999999999999,7.155999999999999,0.0,LOW,0.0,0.7874999999999999,HIGH,recent demand momentum,inventory coverage,promotion context
2026-08-23,S06,P182,8.0,15.0,7.0,7.0,,,,0.7874999999999999,HIGH,recent demand momentum,inventory coverage,promotion context
2026-08-20,S06,P183,316.0,320.24,4.240000000000009,4.240000000000009,,,,0.7874999999999999,HIGH,recent demand momentum,inventory coverage,promotion context
2026-08-21,S06,P183,359.0,321.332,-37.668000000000006,37.668000000000006,,,,0.7874999999999999,HIGH,recent demand momentum,inventory coverage,promotion context
2026-08-22,S06,P183,385.0,325.04,-59.95999999999998,59.95999999999998,,,,0.7874999999999999,HIGH,recent demand momentum,inventory coverage,promotion context
2026-08-23,S06,P183,391.0,335.02,-55.98000000000002,55.98000000000002,,,,0.7874999999999999,HIGH,recent demand momentum,inventory coverage,promotion context
2026-08-24,S06,P183,405.0,337.996,-67.00400000000002,67.00400000000002,,,,0.7874999999999999,HIGH,recent demand momentum,inventory coverage,promotion context
2026-08-25,S06,P183,371.0,348.572,-22.427999999999997,22.427999999999997,0.0,LOW,0.0,0.7874999999999999,HIGH,recent demand momentum,inventory coverage,promotion context
2026-08-21,S06,P184,21.0,11.24,-9.76,9.76,,,,0.7874999999999999,HIGH,recent demand momentum,inventory coverage,promotion context
2026-08-23,S06,P184,20.0,10.332,-9.668,9.668,,,,0.7874999999999999,HIGH,recent demand momentum,inventory coverage,promotion context
2026-08-24,S06,P184,5.0,9.908,4.9079999999999995,4.9079999999999995,,,,0.7874999999999999,HIGH,recent demand momentum,inventory coverage,promotion context
2026-08-25,S06,P184,4.0,11.732,7.731999999999999,7.731999999999999,,,,0.7874999999999999,HIGH,recent demand momentum,inventory coverage,promotion context
2026-08-20,S06,P185,36.0,31.552,-4.448,4.448,,,,0.7874999999999999,HIGH,recent demand momentum,inventory coverage,promotion context
2026-08-21,S06,P185,37.0,33.272,-3.7280000000000015,3.7280000000000015,,,,0.7874999999999999,HIGH,recent demand momentum,inventory coverage,promotion context
2026-08-22,S06,P185,35.0,30.148,-4.852,4.852,,,,0.7874999999999999,HIGH,recent demand momentum,inventory coverage,promotion context
2026-08-23,S06,P185,33.0,30.2,-2.8000000000000007,2.8000000000000007,,,,0.7874999999999999,HIGH,recent demand momentum,inventory coverage,promotion context
2026-08-24,S06,P185,33.0,34.188,1.1880000000000024,1.1880000000000024,,,,0.7874999999999999,HIGH,recent demand momentum,inventory coverage,promotion context
2026-08-25,S06,P185,30.0,36.66,6.659999999999997,6.659999999999997,0.0,LOW,0.0,0.7874999999999999,HIGH,recent demand momentum,inventory coverage,promotion context
2026-08-20,S06,P186,57.0,65.696,8.695999999999998,8.695999999999998,,,,0.7874999999999999,HIGH,recent demand momentum,inventory coverage,promotion context
2026-08-21,S06,P186,61.0,64.98,3.980000000000004,3.980000000000004,,,,0.7874999999999999,HIGH,recent demand momentum,inventory coverage,promotion context
2026-08-22,S06,P186,59.0,66.504,7.504000000000005,7.504000000000005,,,,0.7874999999999999,HIGH,recent demand momentum,inventory coverage,promotion context
2026-08-23,S06,P186,47.0,63.704,16.704,16.704,,,,0.7874999999999999,HIGH,recent demand momentum,inventory coverage,promotion context
2026-08-24,S06,P186,51.0,61.888,10.887999999999998,10.887999999999998,,,,0.7874999999999999,HIGH,recent demand momentum,inventory coverage,promotion context
2026-08-25,S06,P186,48.0,64.116,16.116,16.116,0.0,LOW,0.0,0.7874999999999999,HIGH,recent demand momentum,inventory coverage,promotion context
2026-08-20,S06,P187,35.0,40.184,5.1839999999999975,5.1839999999999975,,,,0.7874999999999999,HIGH,recent demand momentum,inventory coverage,promotion context
2026-08-21,S06,P187,26.0,41.44,15.439999999999998,15.439999999999998,,,,0.7874999999999999,HIGH,recent demand momentum,inventory coverage,promotion context
2026-08-22,S06,P187,29.0,40.976,11.975999999999999,11.975999999999999,,,,0.7874999999999999,HIGH,recent demand momentum,inventory coverage,promotion context
2026-08-23,S06,P187,36.0,35.66,-0.3400000000000034,0.3400000000000034,,,,0.7874999999999999,HIGH,recent demand momentum,inventory coverage,promotion context
2026-08-24,S06,P187,42.0,35.536,-6.463999999999999,6.463999999999999,,,,0.7874999999999999,HIGH,recent demand momentum,inventory coverage,promotion context
2026-08-20,S06,P188,81.0,85.864,4.864000000000004,4.864000000000004,,,,0.7874999999999999,HIGH,recent demand momentum,inventory coverage,promotion context
2026-08-21,S06,P188,78.0,84.864,6.864000000000004,6.864000000000004,,,,0.7874999999999999,HIGH,recent demand momentum,inventory coverage,promotion context
2026-08-22,S06,P188,82.0,86.688,4.688000000000002,4.688000000000002,,,,0.7874999999999999,HIGH,recent demand momentum,inventory coverage,promotion context
2026-08-23,S06,P188,90.0,89.532,-0.4680000000000035,0.4680000000000035,,,,0.7874999999999999,HIGH,recent demand momentum,inventory coverage,promotion context
2026-08-24,S06,P188,77.0,88.924,11.924000000000007,11.924000000000007,,,,0.7874999999999999,HIGH,recent demand momentum,inventory coverage,promotion context
2026-08-25,S06,P188,70.0,85.692,15.691999999999993,15.691999999999993,0.0,LOW,0.0,0.7874999999999999,HIGH,recent demand momentum,inventory coverage,promotion context
2026-08-21,S06,P189,17.0,24.44,7.440000000000001,7.440000000000001,,,,0.7874999999999999,HIGH,recent demand momentum,inventory coverage,promotion context
2026-08-22,S06,P189,21.0,21.62,0.620000000000001,0.620000000000001,,,,0.7874999999999999,HIGH,recent demand momentum,inventory coverage,promotion context
2026-08-24,S06,P189,24.0,23.084,-0.9160000000000004,0.9160000000000004,,,,0.7874999999999999,HIGH,recent demand momentum,inventory coverage,promotion context
2026-08-25,S06,P189,16.0,21.96,5.960000000000001,5.960000000000001,,,,0.7874999999999999,HIGH,recent demand momentum,inventory coverage,promotion context
2026-08-21,S06,P190,28.0,24.7,-3.3000000000000007,3.3000000000000007,,,,0.7874999999999999,HIGH,recent demand momentum,inventory coverage,promotion context
2026-08-23,S06,P190,26.0,22.496,-3.5040000000000013,3.5040000000000013,,,,0.7874999999999999,HIGH,recent demand momentum,inventory coverage,promotion context
2026-08-24,S06,P190,25.0,27.696,2.6960000000000015,2.6960000000000015,,,,0.7874999999999999,HIGH,recent demand momentum,inventory coverage,promotion context
2026-08-20,S06,P191,42.0,38.988,-3.0120000000000005,3.0120000000000005,,,,0.7874999999999999,HIGH,recent demand momentum,inventory coverage,promotion context
2026-08-21,S06,P191,39.0,36.392,-2.607999999999997,2.607999999999997,,,,0.7874999999999999,HIGH,recent demand momentum,inventory coverage,promotion context
2026-08-22,S06,P191,36.0,35.552,-0.4480000000000004,0.4480000000000004,,,,0.7874999999999999,HIGH,recent demand momentum,inventory coverage,promotion context
2026-08-23,S06,P191,48.0,37.644,-10.356000000000002,10.356000000000002,,,,0.7874999999999999,HIGH,recent demand momentum,inventory coverage,promotion context
2026-08-24,S06,P191,41.0,39.532,-1.4680000000000035,1.4680000000000035,,,,0.7874999999999999,HIGH,recent demand momentum,inventory coverage,promotion context
2026-08-25,S06,P191,38.0,40.988,2.9879999999999995,2.9879999999999995,0.0,LOW,0.0,0.7874999999999999,HIGH,recent demand momentum,inventory coverage,promotion context
2026-08-20,S06,P192,31.0,32.964,1.9639999999999986,1.9639999999999986,,,,0.7874999999999999,HIGH,recent demand momentum,inventory coverage,promotion context
2026-08-21,S06,P192,33.0,35.264,2.264000000000003,2.264000000000003,,,,0.7874999999999999,HIGH,recent demand momentum,inventory coverage,promotion context
2026-08-23,S06,P192,18.0,40.212,22.212000000000003,22.212000000000003,,,,0.7874999999999999,HIGH,recent demand momentum,inventory coverage,promotion context
2026-08-24,S06,P192,22.0,36.956,14.956000000000003,14.956000000000003,,,,0.7874999999999999,HIGH,recent demand momentum,inventory coverage,promotion context
2026-08-25,S06,P192,17.0,38.516,21.516,21.516,0.0,LOW,0.0,0.7874999999999999,HIGH,recent demand momentum,inventory coverage,promotion context
2026-08-20,S06,P193,83.0,52.972,-30.028,30.028,,,,0.7874999999999999,HIGH,recent demand momentum,inventory coverage,promotion context
2026-08-21,S06,P193,78.0,57.736,-20.264000000000003,20.264000000000003,,,,0.7874999999999999,HIGH,recent demand momentum,inventory coverage,promotion context
2026-08-22,S06,P193,78.0,63.312,-14.688000000000002,14.688000000000002,,,,0.7874999999999999,HIGH,recent demand momentum,inventory coverage,promotion context
2026-08-23,S06,P193,74.0,62.384,-11.616,11.616,,,,0.7874999999999999,HIGH,recent demand momentum,inventory coverage,promotion context
2026-08-24,S06,P193,68.0,60.384,-7.616,7.616,,,,0.7874999999999999,HIGH,recent demand momentum,inventory coverage,promotion context
2026-08-25,S06,P193,67.0,60.416,-6.584000000000003,6.584000000000003,0.0,LOW,0.0,0.7874999999999999,HIGH,recent demand momentum,inventory coverage,promotion context
2026-08-20,S06,P194,35.0,37.108,2.107999999999997,2.107999999999997,,,,0.7874999999999999,HIGH,recent demand momentum,inventory coverage,promotion context
2026-08-21,S06,P194,31.0,38.636,7.636000000000003,7.636000000000003,,,,0.7874999999999999,HIGH,recent demand momentum,inventory coverage,promotion context
2026-08-22,S06,P194,40.0,39.94,-0.060000000000002274,0.060000000000002274,,,,0.7874999999999999,HIGH,recent demand momentum,inventory coverage,promotion context
2026-08-23,S06,P194,26.0,39.072,13.072000000000003,13.072000000000003,,,,0.7874999999999999,HIGH,recent demand momentum,inventory coverage,promotion context
2026-08-24,S06,P194,24.0,39.128,15.128,15.128,,,,0.7874999999999999,HIGH,recent demand momentum,inventory coverage,promotion context
2026-08-20,S06,P195,57.0,68.316,11.316000000000003,11.316000000000003,,,,0.7874999999999999,HIGH,recent demand momentum,inventory coverage,promotion context
2026-08-21,S06,P195,54.0,64.44,10.439999999999998,10.439999999999998,,,,0.7874999999999999,HIGH,recent demand momentum,inventory coverage,promotion context
2026-08-22,S06,P195,56.0,65.3,9.299999999999997,9.299999999999997,,,,0.7874999999999999,HIGH,recent demand momentum,inventory coverage,promotion context
2026-08-23,S06,P195,57.0,65.644,8.644000000000005,8.644000000000005,,,,0.7874999999999999,HIGH,recent demand momentum,inventory coverage,promotion context
2026-08-24,S06,P195,57.0,66.876,9.876000000000005,9.876000000000005,,,,0.7874999999999999,HIGH,recent demand momentum,inventory coverage,promotion context
2026-08-25,S06,P195,55.0,73.972,18.971999999999994,18.971999999999994,0.0,LOW,0.0,0.7874999999999999,HIGH,recent demand momentum,inventory coverage,promotion context
2026-08-20,S06,P196,32.0,43.78,11.780000000000001,11.780000000000001,,,,0.7874999999999999,HIGH,recent demand momentum,inventory coverage,promotion context
2026-08-21,S06,P196,29.0,34.672,5.671999999999997,5.671999999999997,,,,0.7874999999999999,HIGH,recent demand momentum,inventory coverage,promotion context
2026-08-22,S06,P196,32.0,41.22,9.219999999999999,9.219999999999999,,,,0.7874999999999999,HIGH,recent demand momentum,inventory coverage,promotion context
2026-08-23,S06,P196,28.0,38.528,10.527999999999999,10.527999999999999,,,,0.7874999999999999,HIGH,recent demand momentum,inventory coverage,promotion context
2026-08-24,S06,P196,29.0,38.1,9.100000000000001,9.100000000000001,,,,0.7874999999999999,HIGH,recent demand momentum,inventory coverage,promotion context
2026-08-25,S06,P196,24.0,42.128,18.128,18.128,0.0,LOW,0.0,0.7874999999999999,HIGH,recent demand momentum,inventory coverage,promotion context
2026-08-23,S06,P197,35.0,33.588,-1.411999999999999,1.411999999999999,,,,0.7874999999999999,HIGH,recent demand momentum,inventory coverage,promotion context
2026-08-24,S06,P197,31.0,27.828,-3.1720000000000006,3.1720000000000006,,,,0.7874999999999999,HIGH,recent demand momentum,inventory coverage,promotion context
2026-08-20,S06,P198,38.0,32.812,-5.188000000000002,5.188000000000002,,,,0.7874999999999999,HIGH,recent demand momentum,inventory coverage,promotion context
2026-08-21,S06,P198,46.0,30.616,-15.384,15.384,,,,0.7874999999999999,HIGH,recent demand momentum,inventory coverage,promotion context
2026-08-22,S06,P198,46.0,33.884,-12.116,12.116,,,,0.7874999999999999,HIGH,recent demand momentum,inventory coverage,promotion context
2026-08-23,S06,P198,46.0,31.88,-14.120000000000001,14.120000000000001,,,,0.7874999999999999,HIGH,recent demand momentum,inventory coverage,promotion context
2026-08-24,S06,P198,47.0,36.264,-10.735999999999997,10.735999999999997,,,,0.7874999999999999,HIGH,recent demand momentum,inventory coverage,promotion context
2026-08-25,S06,P198,36.0,37.16,1.1599999999999966,1.1599999999999966,0.0,LOW,0.0,0.7874999999999999,HIGH,recent demand momentum,inventory coverage,promotion context
2026-08-20,S06,P199,118.0,143.544,25.54400000000001,25.54400000000001,,,,0.7874999999999999,HIGH,recent demand momentum,inventory coverage,promotion context
2026-08-21,S06,P199,136.0,141.532,5.532000000000011,5.532000000000011,,,,0.7874999999999999,HIGH,recent demand momentum,inventory coverage,promotion context
2026-08-22,S06,P199,134.0,143.128,9.127999999999986,9.127999999999986,,,,0.7874999999999999,HIGH,recent demand momentum,inventory coverage,promotion context
2026-08-23,S06,P199,161.0,144.128,-16.872000000000014,16.872000000000014,,,,0.7874999999999999,HIGH,recent demand momentum,inventory coverage,promotion context
2026-08-24,S06,P199,161.0,138.148,-22.852000000000004,22.852000000000004,,,,0.7874999999999999,HIGH,recent demand momentum,inventory coverage,promotion context
2026-08-25,S06,P199,136.0,139.692,3.6920000000000073,3.6920000000000073,0.0,LOW,0.0,0.7874999999999999,HIGH,recent demand momentum,inventory coverage,promotion context
2026-08-20,S06,P200,74.0,65.0,-9.0,9.0,,,,0.7874999999999999,HIGH,recent demand momentum,inventory coverage,promotion context
2026-08-21,S06,P200,74.0,63.58,-10.420000000000002,10.420000000000002,,,,0.7874999999999999,HIGH,recent demand momentum,inventory coverage,promotion context
2026-08-22,S06,P200,70.0,65.708,-4.292000000000002,4.292000000000002,,,,0.7874999999999999,HIGH,recent demand momentum,inventory coverage,promotion context
2026-08-23,S06,P200,69.0,65.128,-3.872,3.872,,,,0.7874999999999999,HIGH,recent demand momentum,inventory coverage,promotion context
2026-08-24,S06,P200,77.0,63.748,-13.252000000000002,13.252000000000002,,,,0.7874999999999999,HIGH,recent demand momentum,inventory coverage,promotion context
2026-08-25,S06,P200,59.0,65.164,6.1640000000000015,6.1640000000000015,0.0,LOW,0.0,0.7874999999999999,HIGH,recent demand momentum,inventory coverage,promotion context
2026-08-20,S06,P201,136.0,148.604,12.604000000000013,12.604000000000013,,,,0.7874999999999999,HIGH,recent demand momentum,inventory coverage,promotion context
2026-08-21,S06,P201,127.0,136.1,9.099999999999994,9.099999999999994,,,,0.7874999999999999,HIGH,recent demand momentum,inventory coverage,promotion context
2026-08-22,S06,P201,128.0,135.964,7.963999999999999,7.963999999999999,,,,0.7874999999999999,HIGH,recent demand momentum,inventory coverage,promotion context
2026-08-23,S06,P201,130.0,138.28,8.280000000000001,8.280000000000001,,,,0.7874999999999999,HIGH,recent demand momentum,inventory coverage,promotion context
2026-08-24,S06,P201,122.0,138.356,16.355999999999995,16.355999999999995,,,,0.7874999999999999,HIGH,recent demand momentum,inventory coverage,promotion context
2026-08-25,S06,P201,108.0,139.44,31.439999999999998,31.439999999999998,0.0,LOW,0.0,0.7874999999999999,HIGH,recent demand momentum,inventory coverage,promotion context
2026-08-20,S06,P203,4.0,9.464,5.464,5.464,,,,0.7874999999999999,HIGH,recent demand momentum,inventory coverage,promotion context
2026-08-22,S06,P203,0.0,9.16,9.16,9.16,,,,0.7874999999999999,HIGH,recent demand momentum,inventory coverage,promotion context
2026-08-20,S06,P204,1.0,10.096,9.096,9.096,,,,0.7874999999999999,HIGH,recent demand momentum,inventory coverage,promotion context
2026-08-23,S06,P204,7.0,10.564,3.564,3.564,,,,0.7874999999999999,HIGH,recent demand momentum,inventory coverage,promotion context
2026-08-20,S06,P205,11.0,15.476,4.476000000000001,4.476000000000001,,,,0.7874999999999999,HIGH,recent demand momentum,inventory coverage,promotion context
2026-08-22,S06,P205,7.0,16.164,9.164000000000001,9.164000000000001,,,,0.7874999999999999,HIGH,recent demand momentum,inventory coverage,promotion context
2026-08-23,S06,P205,6.0,13.66,7.66,7.66,,,,0.7874999999999999,HIGH,recent demand momentum,inventory coverage,promotion context
2026-08-24,S06,P205,8.0,14.776,6.776,6.776,,,,0.7874999999999999,HIGH,recent demand momentum,inventory coverage,promotion context
2026-08-21,S06,P206,9.0,8.292,-0.7080000000000002,0.7080000000000002,,,,0.7874999999999999,HIGH,recent demand momentum,inventory coverage,promotion context
2026-08-21,S06,P207,3.0,5.576,2.5759999999999996,2.5759999999999996,,,,0.7874999999999999,HIGH,recent demand momentum,inventory coverage,promotion context
2026-08-24,S06,P207,2.0,4.704,2.7039999999999997,2.7039999999999997,,,,0.7874999999999999,HIGH,recent demand momentum,inventory coverage,promotion context
2026-08-20,S06,P208,7.0,15.82,8.82,8.82,,,,0.7874999999999999,HIGH,recent demand momentum,inventory coverage,promotion context
2026-08-21,S06,P208,6.0,20.796,14.796,14.796,,,,0.7874999999999999,HIGH,recent demand momentum,inventory coverage,promotion context
2026-08-22,S06,P208,5.0,14.38,9.38,9.38,,,,0.7874999999999999,HIGH,recent demand momentum,inventory coverage,promotion context
2026-08-21,S06,P209,6.0,12.032,6.032,6.032,,,,0.7874999999999999,HIGH,recent demand momentum,inventory coverage,promotion context
2026-08-23,S06,P209,14.0,12.128,-1.8719999999999999,1.8719999999999999,,,,0.7874999999999999,HIGH,recent demand momentum,inventory coverage,promotion context
2026-08-24,S06,P209,13.0,14.548,1.548,1.548,,,,0.7874999999999999,HIGH,recent demand momentum,inventory coverage,promotion context
2026-08-25,S06,P209,12.0,13.268,1.2680000000000007,1.2680000000000007,,,,0.7874999999999999,HIGH,recent demand momentum,inventory coverage,promotion context
2026-08-23,S06,P210,4.0,7.268,3.268,3.268,,,,0.7874999999999999,HIGH,recent demand momentum,inventory coverage,promotion context
2026-08-24,S06,P210,0.0,5.236,5.236,5.236,,,,0.7874999999999999,HIGH,recent demand momentum,inventory coverage,promotion context
2026-08-20,S06,P211,79.0,59.752,-19.247999999999998,19.247999999999998,,,,0.7874999999999999,HIGH,recent demand momentum,inventory coverage,promotion context
2026-08-21,S06,P211,80.0,52.524,-27.476,27.476,,,,0.7874999999999999,HIGH,recent demand momentum,inventory coverage,promotion context
2026-08-22,S06,P211,88.0,53.46,-34.54,34.54,,,,0.7874999999999999,HIGH,recent demand momentum,inventory coverage,promotion context
2026-08-23,S06,P211,77.0,54.904,-22.095999999999997,22.095999999999997,,,,0.7874999999999999,HIGH,recent demand momentum,inventory coverage,promotion context
2026-08-24,S06,P211,66.0,56.464,-9.536000000000001,9.536000000000001,,,,0.7874999999999999,HIGH,recent demand momentum,inventory coverage,promotion context
2026-08-25,S06,P211,42.0,55.244,13.244,13.244,,,,0.7874999999999999,HIGH,recent demand momentum,inventory coverage,promotion context
2026-08-20,S06,P212,65.0,70.12,5.1200000000000045,5.1200000000000045,,,,0.7874999999999999,HIGH,recent demand momentum,inventory coverage,promotion context
2026-08-21,S06,P212,65.0,70.12,5.1200000000000045,5.1200000000000045,,,,0.7874999999999999,HIGH,recent demand momentum,inventory coverage,promotion context
2026-08-22,S06,P212,66.0,72.592,6.591999999999999,6.591999999999999,,,,0.7874999999999999,HIGH,recent demand momentum,inventory coverage,promotion context
2026-08-23,S06,P212,67.0,67.108,0.10800000000000409,0.10800000000000409,,,,0.7874999999999999,HIGH,recent demand momentum,inventory coverage,promotion context
2026-08-24,S06,P212,87.0,67.528,-19.471999999999994,19.471999999999994,,,,0.7874999999999999,HIGH,recent demand momentum,inventory coverage,promotion context
2026-08-25,S06,P212,77.0,67.316,-9.683999999999997,9.683999999999997,,,,0.7874999999999999,HIGH,recent demand momentum,inventory coverage,promotion context
2026-08-20,S06,P213,128.0,66.852,-61.147999999999996,61.147999999999996,,,,0.7874999999999999,HIGH,recent demand momentum,inventory coverage,promotion context
2026-08-21,S06,P213,117.0,68.888,-48.111999999999995,48.111999999999995,,,,0.7874999999999999,HIGH,recent demand momentum,inventory coverage,promotion context
2026-08-22,S06,P213,125.0,65.92,-59.08,59.08,,,,0.7874999999999999,HIGH,recent demand momentum,inventory coverage,promotion context
2026-08-23,S06,P213,110.0,69.096,-40.903999999999996,40.903999999999996,,,,0.7874999999999999,HIGH,recent demand momentum,inventory coverage,promotion context
2026-08-24,S06,P213,107.0,70.704,-36.29600000000001,36.29600000000001,,,,0.7874999999999999,HIGH,recent demand momentum,inventory coverage,promotion context
2026-08-25,S06,P213,99.0,68.384,-30.616,30.616,0.0,LOW,0.0,0.7874999999999999,HIGH,recent demand momentum,inventory coverage,promotion context
2026-08-20,S06,P214,16.0,12.572,-3.428000000000001,3.428000000000001,,,,0.7874999999999999,HIGH,recent demand momentum,inventory coverage,promotion context
2026-08-21,S06,P214,10.0,11.272,1.2720000000000002,1.2720000000000002,,,,0.7874999999999999,HIGH,recent demand momentum,inventory coverage,promotion context
2026-08-22,S06,P214,8.0,13.196,5.196,5.196,,,,0.7874999999999999,HIGH,recent demand momentum,inventory coverage,promotion context
2026-08-23,S06,P214,7.0,12.604,5.603999999999999,5.603999999999999,,,,0.7874999999999999,HIGH,recent demand momentum,inventory coverage,promotion context
2026-08-24,S06,P214,6.0,14.376,8.376,8.376,,,,0.7874999999999999,HIGH,recent demand momentum,inventory coverage,promotion context
2026-08-20,S06,P215,61.0,41.636,-19.363999999999997,19.363999999999997,,,,0.7874999999999999,HIGH,recent demand momentum,inventory coverage,promotion context
2026-08-21,S06,P215,58.0,44.276,-13.723999999999997,13.723999999999997,,,,0.7874999999999999,HIGH,recent demand momentum,inventory coverage,promotion context
2026-08-22,S06,P215,60.0,40.024,-19.976,19.976,,,,0.7874999999999999,HIGH,recent demand momentum,inventory coverage,promotion context
2026-08-23,S06,P215,56.0,43.332,-12.668,12.668,,,,0.7874999999999999,HIGH,recent demand momentum,inventory coverage,promotion context
2026-08-24,S06,P215,59.0,44.08,-14.920000000000002,14.920000000000002,,,,0.7874999999999999,HIGH,recent demand momentum,inventory coverage,promotion context
2026-08-25,S06,P215,34.0,46.148,12.148000000000003,12.148000000000003,,,,0.7874999999999999,HIGH,recent demand momentum,inventory coverage,promotion context
2026-08-20,S06,P216,8.0,23.54,15.54,15.54,,,,0.7874999999999999,HIGH,recent demand momentum,inventory coverage,promotion context
2026-08-21,S06,P216,7.0,23.888,16.888,16.888,,,,0.7874999999999999,HIGH,recent demand momentum,inventory coverage,promotion context
2026-08-23,S06,P216,9.0,23.596,14.596,14.596,,,,0.7874999999999999,HIGH,recent demand momentum,inventory coverage,promotion context
2026-08-24,S06,P216,10.0,24.156,14.155999999999999,14.155999999999999,,,,0.7874999999999999,HIGH,recent demand momentum,inventory coverage,promotion context
2026-08-25,S06,P216,8.0,27.544,19.544,19.544,0.0,LOW,0.0,0.7874999999999999,HIGH,recent demand momentum,inventory coverage,promotion context
2026-08-20,S06,P217,18.0,16.268,-1.7319999999999993,1.7319999999999993,,,,0.7874999999999999,HIGH,recent demand momentum,inventory coverage,promotion context
2026-08-21,S06,P217,11.0,20.744,9.744,9.744,,,,0.7874999999999999,HIGH,recent demand momentum,inventory coverage,promotion context
2026-08-24,S06,P217,24.0,16.616,-7.384,7.384,,,,0.7874999999999999,HIGH,recent demand momentum,inventory coverage,promotion context
2026-08-20,S06,P218,34.0,36.872,2.872,2.872,,,,0.7874999999999999,HIGH,recent demand momentum,inventory coverage,promotion context
2026-08-21,S06,P218,39.0,36.916,-2.084000000000003,2.084000000000003,,,,0.7874999999999999,HIGH,recent demand momentum,inventory coverage,promotion context
2026-08-23,S06,P218,39.0,38.124,-0.8759999999999977,0.8759999999999977,,,,0.7874999999999999,HIGH,recent demand momentum,inventory coverage,promotion context
2026-08-24,S06,P218,36.0,36.616,0.6159999999999997,0.6159999999999997,,,,0.7874999999999999,HIGH,recent demand momentum,inventory coverage,promotion context
2026-08-25,S06,P218,31.0,36.248,5.2479999999999976,5.2479999999999976,,,,0.7874999999999999,HIGH,recent demand momentum,inventory coverage,promotion context
2026-08-20,S06,P219,18.0,12.66,-5.34,5.34,,,,0.7874999999999999,HIGH,recent demand momentum,inventory coverage,promotion context
2026-08-21,S06,P219,19.0,13.264,-5.736000000000001,5.736000000000001,,,,0.7874999999999999,HIGH,recent demand momentum,inventory coverage,promotion context
2026-08-22,S06,P219,11.0,28.672,17.672,17.672,,,,0.7874999999999999,HIGH,recent demand momentum,inventory coverage,promotion context
2026-08-24,S06,P219,10.0,16.564,6.564,6.564,,,,0.7874999999999999,HIGH,recent demand momentum,inventory coverage,promotion context
2026-08-25,S06,P219,9.0,11.62,2.619999999999999,2.619999999999999,0.0,LOW,0.0,0.7874999999999999,HIGH,recent demand momentum,inventory coverage,promotion context
2026-08-22,S06,P220,11.0,8.436,-2.564,2.564,,,,0.7874999999999999,HIGH,recent demand momentum,inventory coverage,promotion context
2026-08-23,S06,P220,13.0,8.04,-4.960000000000001,4.960000000000001,,,,0.7874999999999999,HIGH,recent demand momentum,inventory coverage,promotion context
2026-08-25,S06,P220,13.0,6.66,-6.34,6.34,,,,0.7874999999999999,HIGH,recent demand momentum,inventory coverage,promotion context
2026-08-20,S07,P101,90.0,101.98,11.980000000000004,11.980000000000004,,,,0.7874999999999999,HIGH,recent demand momentum,inventory coverage,promotion context
2026-08-21,S07,P101,85.0,104.856,19.855999999999995,19.855999999999995,,,,0.7874999999999999,HIGH,recent demand momentum,inventory coverage,promotion context
2026-08-22,S07,P101,91.0,100.576,9.575999999999993,9.575999999999993,,,,0.7874999999999999,HIGH,recent demand momentum,inventory coverage,promotion context
2026-08-23,S07,P101,84.0,97.836,13.835999999999999,13.835999999999999,,,,0.7874999999999999,HIGH,recent demand momentum,inventory coverage,promotion context
2026-08-24,S07,P101,76.0,96.744,20.744,20.744,,,,0.7874999999999999,HIGH,recent demand momentum,inventory coverage,promotion context
2026-08-25,S07,P101,56.0,98.704,42.70399999999999,42.70399999999999,,,,0.7874999999999999,HIGH,recent demand momentum,inventory coverage,promotion context
2026-08-20,S07,P103,187.0,165.38,-21.620000000000005,21.620000000000005,,,,0.7874999999999999,HIGH,recent demand momentum,inventory coverage,promotion context
2026-08-21,S07,P103,186.0,165.88,-20.120000000000005,20.120000000000005,,,,0.7874999999999999,HIGH,recent demand momentum,inventory coverage,promotion context
2026-08-22,S07,P103,185.0,172.456,-12.544000000000011,12.544000000000011,,,,0.7874999999999999,HIGH,recent demand momentum,inventory coverage,promotion context
2026-08-23,S07,P103,183.0,173.232,-9.768,9.768,,,,0.7874999999999999,HIGH,recent demand momentum,inventory coverage,promotion context
2026-08-24,S07,P103,174.0,183.908,9.907999999999987,9.907999999999987,,,,0.7874999999999999,HIGH,recent demand momentum,inventory coverage,promotion context
2026-08-25,S07,P103,154.0,180.02,26.02000000000001,26.02000000000001,0.0,LOW,0.0,0.7874999999999999,HIGH,recent demand momentum,inventory coverage,promotion context
2026-08-21,S07,P104,37.0,23.7,-13.3,13.3,,,,0.7874999999999999,HIGH,recent demand momentum,inventory coverage,promotion context
2026-08-22,S07,P104,27.0,29.248,2.248000000000001,2.248000000000001,,,,0.7874999999999999,HIGH,recent demand momentum,inventory coverage,promotion context
2026-08-23,S07,P104,26.0,32.992,6.991999999999997,6.991999999999997,,,,0.7874999999999999,HIGH,recent demand momentum,inventory coverage,promotion context
2026-08-24,S07,P104,22.0,33.052,11.052,11.052,,,,0.7874999999999999,HIGH,recent demand momentum,inventory coverage,promotion context
2026-08-25,S07,P104,6.0,25.748,19.748,19.748,0.0,LOW,0.0,0.7874999999999999,HIGH,recent demand momentum,inventory coverage,promotion context
2026-08-20,S07,P105,19.0,13.576,-5.4239999999999995,5.4239999999999995,,,,0.7874999999999999,HIGH,recent demand momentum,inventory coverage,promotion context
2026-08-21,S07,P105,18.0,12.528,-5.4719999999999995,5.4719999999999995,,,,0.7874999999999999,HIGH,recent demand momentum,inventory coverage,promotion context
2026-08-22,S07,P105,19.0,13.08,-5.92,5.92,,,,0.7874999999999999,HIGH,recent demand momentum,inventory coverage,promotion context
2026-08-23,S07,P105,26.0,13.828,-12.172,12.172,,,,0.7874999999999999,HIGH,recent demand momentum,inventory coverage,promotion context
2026-08-24,S07,P105,24.0,13.404,-10.596,10.596,,,,0.7874999999999999,HIGH,recent demand momentum,inventory coverage,promotion context
2026-08-25,S07,P105,22.0,11.42,-10.58,10.58,,,,0.7874999999999999,HIGH,recent demand momentum,inventory coverage,promotion context
2026-08-24,S07,P106,8.0,6.756,-1.2439999999999998,1.2439999999999998,,,,0.7874999999999999,HIGH,recent demand momentum,inventory coverage,promotion context
2026-08-25,S07,P106,2.0,7.144,5.144,5.144,0.0,LOW,0.0,0.7874999999999999,HIGH,recent demand momentum,inventory coverage,promotion context
2026-08-21,S07,P107,1.0,6.86,5.86,5.86,,,,0.7874999999999999,HIGH,recent demand momentum,inventory coverage,promotion context
2026-08-23,S07,P107,0.0,4.62,4.62,4.62,,,,0.7874999999999999,HIGH,recent demand momentum,inventory coverage,promotion context
2026-08-20,S07,P108,6.0,10.604,4.603999999999999,4.603999999999999,,,,0.7874999999999999,HIGH,recent demand momentum,inventory coverage,promotion context
2026-08-23,S07,P108,4.0,8.724,4.724,4.724,,,,0.7874999999999999,HIGH,recent demand momentum,inventory coverage,promotion context
2026-08-20,S07,P109,43.0,36.244,-6.756,6.756,,,,0.7874999999999999,HIGH,recent demand momentum,inventory coverage,promotion context
2026-08-21,S07,P109,41.0,38.14,-2.8599999999999994,2.8599999999999994,,,,0.7874999999999999,HIGH,recent demand momentum,inventory coverage,promotion context
2026-08-22,S07,P109,33.0,36.356,3.3560000000000016,3.3560000000000016,,,,0.7874999999999999,HIGH,recent demand momentum,inventory coverage,promotion context
2026-08-23,S07,P109,31.0,35.732,4.731999999999999,4.731999999999999,,,,0.7874999999999999,HIGH,recent demand momentum,inventory coverage,promotion context
2026-08-24,S07,P109,23.0,34.328,11.328000000000003,11.328000000000003,,,,0.7874999999999999,HIGH,recent demand momentum,inventory coverage,promotion context
2026-08-25,S07,P109,16.0,33.528,17.528,17.528,0.0,LOW,0.0,0.7874999999999999,HIGH,recent demand momentum,inventory coverage,promotion context
2026-08-20,S07,P110,829.0,810.664,-18.336000000000013,18.336000000000013,,,,0.7874999999999999,HIGH,recent demand momentum,inventory coverage,promotion context
2026-08-21,S07,P110,799.0,799.9,0.8999999999999773,0.8999999999999773,,,,0.7874999999999999,HIGH,recent demand momentum,inventory coverage,promotion context
2026-08-22,S07,P110,795.0,805.3,10.299999999999955,10.299999999999955,,,,0.7874999999999999,HIGH,recent demand momentum,inventory coverage,promotion context
2026-08-23,S07,P110,733.0,791.748,58.74800000000005,58.74800000000005,,,,0.7874999999999999,HIGH,recent demand momentum,inventory coverage,promotion context
2026-08-24,S07,P110,770.0,783.108,13.107999999999947,13.107999999999947,,,,0.7874999999999999,HIGH,recent demand momentum,inventory coverage,promotion context
2026-08-25,S07,P110,662.0,779.824,117.82399999999996,117.82399999999996,0.0,LOW,0.0,0.7874999999999999,HIGH,recent demand momentum,inventory coverage,promotion context
2026-08-20,S07,P111,42.0,52.864,10.863999999999997,10.863999999999997,,,,0.7874999999999999,HIGH,recent demand momentum,inventory coverage,promotion context
2026-08-21,S07,P111,41.0,45.308,4.308,4.308,,,,0.7874999999999999,HIGH,recent demand momentum,inventory coverage,promotion context
2026-08-22,S07,P111,38.0,47.008,9.008000000000003,9.008000000000003,,,,0.7874999999999999,HIGH,recent demand momentum,inventory coverage,promotion context
2026-08-23,S07,P111,37.0,46.672,9.671999999999997,9.671999999999997,,,,0.7874999999999999,HIGH,recent demand momentum,inventory coverage,promotion context
2026-08-24,S07,P111,38.0,49.276,11.276000000000003,11.276000000000003,,,,0.7874999999999999,HIGH,recent demand momentum,inventory coverage,promotion context
2026-08-25,S07,P111,32.0,48.928,16.927999999999997,16.927999999999997,0.0,LOW,0.0,0.7874999999999999,HIGH,recent demand momentum,inventory coverage,promotion context
2026-08-20,S07,P112,5.0,9.816,4.816000000000001,4.816000000000001,,,,0.7874999999999999,HIGH,recent demand momentum,inventory coverage,promotion context
2026-08-21,S07,P112,4.0,11.12,7.119999999999999,7.119999999999999,,,,0.7874999999999999,HIGH,recent demand momentum,inventory coverage,promotion context
2026-08-23,S07,P112,6.0,10.448,4.448,4.448,,,,0.7874999999999999,HIGH,recent demand momentum,inventory coverage,promotion context
2026-08-24,S07,P112,7.0,15.136,8.136,8.136,,,,0.7874999999999999,HIGH,recent demand momentum,inventory coverage,promotion context
2026-08-21,S07,P113,23.0,22.656,-0.3440000000000012,0.3440000000000012,,,,0.7874999999999999,HIGH,recent demand momentum,inventory coverage,promotion context
2026-08-22,S07,P113,23.0,23.94,0.9400000000000013,0.9400000000000013,,,,0.7874999999999999,HIGH,recent demand momentum,inventory coverage,promotion context
2026-08-23,S07,P113,24.0,25.536,1.5360000000000014,1.5360000000000014,,,,0.7874999999999999,HIGH,recent demand momentum,inventory coverage,promotion context
2026-08-25,S07,P113,25.0,25.472,0.4720000000000013,0.4720000000000013,0.0,LOW,0.0,0.7874999999999999,HIGH,recent demand momentum,inventory coverage,promotion context
2026-08-21,S07,P114,32.0,29.796,-2.2040000000000006,2.2040000000000006,,,,0.7874999999999999,HIGH,recent demand momentum,inventory coverage,promotion context
2026-08-22,S07,P114,27.0,31.204,4.204000000000001,4.204000000000001,,,,0.7874999999999999,HIGH,recent demand momentum,inventory coverage,promotion context
2026-08-23,S07,P114,24.0,29.536,5.536000000000001,5.536000000000001,,,,0.7874999999999999,HIGH,recent demand momentum,inventory coverage,promotion context
2026-08-24,S07,P114,24.0,29.092,5.091999999999999,5.091999999999999,,,,0.7874999999999999,HIGH,recent demand momentum,inventory coverage,promotion context
2026-08-25,S07,P114,23.0,31.64,8.64,8.64,0.0,LOW,0.0,0.7874999999999999,HIGH,recent demand momentum,inventory coverage,promotion context
2026-08-20,S07,P115,11.0,10.404,-0.5960000000000001,0.5960000000000001,,,,0.7874999999999999,HIGH,recent demand momentum,inventory coverage,promotion context
2026-08-21,S07,P115,9.0,12.928,3.928000000000001,3.928000000000001,,,,0.7874999999999999,HIGH,recent demand momentum,inventory coverage,promotion context
2026-08-22,S07,P115,6.0,11.412,5.412000000000001,5.412000000000001,,,,0.7874999999999999,HIGH,recent demand momentum,inventory coverage,promotion context
2026-08-23,S07,P115,5.0,11.44,6.4399999999999995,6.4399999999999995,,,,0.7874999999999999,HIGH,recent demand momentum,inventory coverage,promotion context
2026-08-20,S07,P116,24.0,23.888,-0.11199999999999832,0.11199999999999832,,,,0.7874999999999999,HIGH,recent demand momentum,inventory coverage,promotion context
2026-08-22,S07,P116,28.0,29.048,1.0479999999999983,1.0479999999999983,,,,0.7874999999999999,HIGH,recent demand momentum,inventory coverage,promotion context
2026-08-23,S07,P116,30.0,23.9,-6.100000000000001,6.100000000000001,,,,0.7874999999999999,HIGH,recent demand momentum,inventory coverage,promotion context
2026-08-24,S07,P116,31.0,28.06,-2.9400000000000013,2.9400000000000013,,,,0.7874999999999999,HIGH,recent demand momentum,inventory coverage,promotion context
2026-08-25,S07,P116,24.0,22.336,-1.6640000000000015,1.6640000000000015,,,,0.7874999999999999,HIGH,recent demand momentum,inventory coverage,promotion context
2026-08-21,S07,P117,12.0,18.904,6.904,6.904,,,,0.7874999999999999,HIGH,recent demand momentum,inventory coverage,promotion context
2026-08-25,S07,P117,17.0,18.648,1.6479999999999997,1.6479999999999997,,,,0.7874999999999999,HIGH,recent demand momentum,inventory coverage,promotion context
2026-08-20,S07,P118,11.0,19.388,8.388000000000002,8.388000000000002,,,,0.7874999999999999,HIGH,recent demand momentum,inventory coverage,promotion context
2026-08-21,S07,P118,10.0,19.324,9.324000000000002,9.324000000000002,,,,0.7874999999999999,HIGH,recent demand momentum,inventory coverage,promotion context
2026-08-22,S07,P118,7.0,19.056,12.056000000000001,12.056000000000001,,,,0.7874999999999999,HIGH,recent demand momentum,inventory coverage,promotion context
2026-08-23,S07,P118,5.0,19.268,14.268,14.268,,,,0.7874999999999999,HIGH,recent demand momentum,inventory coverage,promotion context
2026-08-24,S07,P118,12.0,18.508,6.507999999999999,6.507999999999999,,,,0.7874999999999999,HIGH,recent demand momentum,inventory coverage,promotion context
2026-08-25,S07,P118,9.0,19.296,10.296,10.296,,,,0.7874999999999999,HIGH,recent demand momentum,inventory coverage,promotion context
2026-08-20,S07,P119,16.0,17.752,1.751999999999999,1.751999999999999,,,,0.7874999999999999,HIGH,recent demand momentum,inventory coverage,promotion context
2026-08-21,S07,P119,14.0,17.264,3.2639999999999993,3.2639999999999993,,,,0.7874999999999999,HIGH,recent demand momentum,inventory coverage,promotion context
2026-08-23,S07,P119,17.0,16.268,-0.7319999999999993,0.7319999999999993,,,,0.7874999999999999,HIGH,recent demand momentum,inventory coverage,promotion context
2026-08-24,S07,P119,18.0,20.24,2.2399999999999984,2.2399999999999984,,,,0.7874999999999999,HIGH,recent demand momentum,inventory coverage,promotion context
2026-08-25,S07,P119,16.0,19.44,3.4400000000000013,3.4400000000000013,,,,0.7874999999999999,HIGH,recent demand momentum,inventory coverage,promotion context
2026-08-20,S07,P120,22.0,17.936,-4.064,4.064,,,,0.7874999999999999,HIGH,recent demand momentum,inventory coverage,promotion context
2026-08-21,S07,P120,26.0,19.788,-6.212,6.212,,,,0.7874999999999999,HIGH,recent demand momentum,inventory coverage,promotion context
2026-08-22,S07,P120,25.0,21.668,-3.3320000000000007,3.3320000000000007,,,,0.7874999999999999,HIGH,recent demand momentum,inventory coverage,promotion context
2026-08-23,S07,P120,17.0,21.548,4.547999999999998,4.547999999999998,,,,0.7874999999999999,HIGH,recent demand momentum,inventory coverage,promotion context
2026-08-24,S07,P120,15.0,22.072,7.071999999999999,7.071999999999999,,,,0.7874999999999999,HIGH,recent demand momentum,inventory coverage,promotion context
2026-08-25,S07,P120,12.0,21.784,9.783999999999999,9.783999999999999,,,,0.7874999999999999,HIGH,recent demand momentum,inventory coverage,promotion context
2026-08-21,S07,P121,25.0,15.284,-9.716,9.716,,,,0.7874999999999999,HIGH,recent demand momentum,inventory coverage,promotion context
2026-08-22,S07,P121,24.0,11.508,-12.492,12.492,,,,0.7874999999999999,HIGH,recent demand momentum,inventory coverage,promotion context
2026-08-23,S07,P121,23.0,15.232,-7.768000000000001,7.768000000000001,,,,0.7874999999999999,HIGH,recent demand momentum,inventory coverage,promotion context
2026-08-25,S07,P121,25.0,14.664,-10.336,10.336,0.0,LOW,0.0,0.7874999999999999,HIGH,recent demand momentum,inventory coverage,promotion context
2026-08-20,S07,P122,31.0,26.96,-4.039999999999999,4.039999999999999,,,,0.7874999999999999,HIGH,recent demand momentum,inventory coverage,promotion context
2026-08-21,S07,P122,35.0,25.912,-9.088000000000001,9.088000000000001,,,,0.7874999999999999,HIGH,recent demand momentum,inventory coverage,promotion context
2026-08-22,S07,P122,35.0,26.288,-8.712,8.712,,,,0.7874999999999999,HIGH,recent demand momentum,inventory coverage,promotion context
2026-08-23,S07,P122,33.0,27.624,-5.376000000000001,5.376000000000001,,,,0.7874999999999999,HIGH,recent demand momentum,inventory coverage,promotion context
2026-08-24,S07,P122,30.0,35.788,5.787999999999997,5.787999999999997,,,,0.7874999999999999,HIGH,recent demand momentum,inventory coverage,promotion context
2026-08-25,S07,P122,27.0,30.488,3.4879999999999995,3.4879999999999995,0.0,LOW,0.0,0.7874999999999999,HIGH,recent demand momentum,inventory coverage,promotion context
2026-08-20,S07,P123,109.0,165.236,56.23599999999999,56.23599999999999,,,,0.7874999999999999,HIGH,recent demand momentum,inventory coverage,promotion context
2026-08-21,S07,P123,116.0,164.044,48.04400000000001,48.04400000000001,,,,0.7874999999999999,HIGH,recent demand momentum,inventory coverage,promotion context
2026-08-22,S07,P123,115.0,116.676,1.676000000000002,1.676000000000002,,,,0.7874999999999999,HIGH,recent demand momentum,inventory coverage,promotion context
2026-08-23,S07,P123,124.0,163.348,39.34800000000001,39.34800000000001,,,,0.7874999999999999,HIGH,recent demand momentum,inventory coverage,promotion context
2026-08-24,S07,P123,122.0,121.944,-0.055999999999997385,0.055999999999997385,,,,0.7874999999999999,HIGH,recent demand momentum,inventory coverage,promotion context
2026-08-25,S07,P123,116.0,117.412,1.4120000000000061,1.4120000000000061,,,,0.7874999999999999,HIGH,recent demand momentum,inventory coverage,promotion context
2026-08-20,S07,P124,73.0,62.78,-10.219999999999999,10.219999999999999,,,,0.7874999999999999,HIGH,recent demand momentum,inventory coverage,promotion context
2026-08-21,S07,P124,61.0,63.332,2.3320000000000007,2.3320000000000007,,,,0.7874999999999999,HIGH,recent demand momentum,inventory coverage,promotion context
2026-08-22,S07,P124,67.0,61.788,-5.212000000000003,5.212000000000003,,,,0.7874999999999999,HIGH,recent demand momentum,inventory coverage,promotion context
2026-08-23,S07,P124,65.0,64.956,-0.04399999999999693,0.04399999999999693,,,,0.7874999999999999,HIGH,recent demand momentum,inventory coverage,promotion context
2026-08-24,S07,P124,56.0,61.784,5.783999999999999,5.783999999999999,,,,0.7874999999999999,HIGH,recent demand momentum,inventory coverage,promotion context
2026-08-25,S07,P124,52.0,64.688,12.688000000000002,12.688000000000002,0.0,LOW,0.0,0.7874999999999999,HIGH,recent demand momentum,inventory coverage,promotion context
2026-08-22,S07,P125,17.0,17.124,0.12399999999999878,0.12399999999999878,,,,0.7874999999999999,HIGH,recent demand momentum,inventory coverage,promotion context
2026-08-23,S07,P125,17.0,15.516,-1.484,1.484,,,,0.7874999999999999,HIGH,recent demand momentum,inventory coverage,promotion context
2026-08-24,S07,P125,17.0,16.748,-0.2519999999999989,0.2519999999999989,,,,0.7874999999999999,HIGH,recent demand momentum,inventory coverage,promotion context
2026-08-25,S07,P125,15.0,15.204,0.20400000000000063,0.20400000000000063,0.0,LOW,0.0,0.7874999999999999,HIGH,recent demand momentum,inventory coverage,promotion context
2026-08-20,S07,P126,75.0,98.792,23.792,23.792,,,,0.7874999999999999,HIGH,recent demand momentum,inventory coverage,promotion context
2026-08-21,S07,P126,78.0,100.436,22.436000000000007,22.436000000000007,,,,0.7874999999999999,HIGH,recent demand momentum,inventory coverage,promotion context
2026-08-22,S07,P126,67.0,96.628,29.628,29.628,,,,0.7874999999999999,HIGH,recent demand momentum,inventory coverage,promotion context
2026-08-23,S07,P126,63.0,84.632,21.632000000000005,21.632000000000005,,,,0.7874999999999999,HIGH,recent demand momentum,inventory coverage,promotion context
2026-08-24,S07,P126,65.0,81.532,16.531999999999996,16.531999999999996,,,,0.7874999999999999,HIGH,recent demand momentum,inventory coverage,promotion context
2026-08-25,S07,P126,54.0,75.752,21.751999999999995,21.751999999999995,0.0,LOW,0.0,0.7874999999999999,HIGH,recent demand momentum,inventory coverage,promotion context
2026-08-20,S07,P127,153.0,157.736,4.73599999999999,4.73599999999999,,,,0.7874999999999999,HIGH,recent demand momentum,inventory coverage,promotion context
2026-08-21,S07,P127,141.0,162.212,21.21199999999999,21.21199999999999,,,,0.7874999999999999,HIGH,recent demand momentum,inventory coverage,promotion context
2026-08-22,S07,P127,152.0,162.952,10.951999999999998,10.951999999999998,,,,0.7874999999999999,HIGH,recent demand momentum,inventory coverage,promotion context
2026-08-23,S07,P127,157.0,164.284,7.283999999999992,7.283999999999992,,,,0.7874999999999999,HIGH,recent demand momentum,inventory coverage,promotion context
2026-08-24,S07,P127,148.0,157.304,9.304000000000002,9.304000000000002,,,,0.7874999999999999,HIGH,recent demand momentum,inventory coverage,promotion context
2026-08-25,S07,P127,128.0,160.512,32.512,32.512,0.0,LOW,0.0,0.7874999999999999,HIGH,recent demand momentum,inventory coverage,promotion context
2026-08-20,S07,P128,13.0,23.552,10.552,10.552,,,,0.7874999999999999,HIGH,recent demand momentum,inventory coverage,promotion context
2026-08-21,S07,P128,31.0,24.54,-6.460000000000001,6.460000000000001,,,,0.7874999999999999,HIGH,recent demand momentum,inventory coverage,promotion context
2026-08-22,S07,P128,38.0,26.56,-11.440000000000001,11.440000000000001,,,,0.7874999999999999,HIGH,recent demand momentum,inventory coverage,promotion context
2026-08-24,S07,P128,38.0,24.58,-13.420000000000002,13.420000000000002,,,,0.7874999999999999,HIGH,recent demand momentum,inventory coverage,promotion context
2026-08-25,S07,P128,33.0,23.084,-9.916,9.916,0.0,LOW,0.0,0.7874999999999999,HIGH,recent demand momentum,inventory coverage,promotion context
2026-08-20,S07,P129,104.0,105.768,1.7680000000000007,1.7680000000000007,,,,0.7874999999999999,HIGH,recent demand momentum,inventory coverage,promotion context
2026-08-21,S07,P129,96.0,107.068,11.067999999999998,11.067999999999998,,,,0.7874999999999999,HIGH,recent demand momentum,inventory coverage,promotion context
2026-08-22,S07,P129,94.0,95.0,1.0,1.0,,,,0.7874999999999999,HIGH,recent demand momentum,inventory coverage,promotion context
2026-08-23,S07,P129,93.0,99.428,6.427999999999997,6.427999999999997,,,,0.7874999999999999,HIGH,recent demand momentum,inventory coverage,promotion context
2026-08-24,S07,P129,107.0,105.884,-1.1159999999999997,1.1159999999999997,,,,0.7874999999999999,HIGH,recent demand momentum,inventory coverage,promotion context
2026-08-25,S07,P129,104.0,96.212,-7.787999999999997,7.787999999999997,0.0,LOW,0.0,0.7874999999999999,HIGH,recent demand momentum,inventory coverage,promotion context
2026-08-20,S07,P130,195.0,192.872,-2.127999999999986,2.127999999999986,,,,0.7874999999999999,HIGH,recent demand momentum,inventory coverage,promotion context
2026-08-21,S07,P130,191.0,258.464,67.464,67.464,,,,0.7874999999999999,HIGH,recent demand momentum,inventory coverage,promotion context
2026-08-22,S07,P130,201.0,259.14,58.139999999999986,58.139999999999986,,,,0.7874999999999999,HIGH,recent demand momentum,inventory coverage,promotion context
2026-08-23,S07,P130,203.0,264.316,61.315999999999974,61.315999999999974,,,,0.7874999999999999,HIGH,recent demand momentum,inventory coverage,promotion context
2026-08-24,S07,P130,196.0,192.004,-3.9960000000000093,3.9960000000000093,,,,0.7874999999999999,HIGH,recent demand momentum,inventory coverage,promotion context
2026-08-25,S07,P130,172.0,246.804,74.804,74.804,0.0,LOW,0.0,0.7874999999999999,HIGH,recent demand momentum,inventory coverage,promotion context
2026-08-20,S07,P131,90.0,111.264,21.263999999999996,21.263999999999996,,,,0.7874999999999999,HIGH,recent demand momentum,inventory coverage,promotion context
2026-08-21,S07,P131,95.0,115.008,20.007999999999996,20.007999999999996,,,,0.7874999999999999,HIGH,recent demand momentum,inventory coverage,promotion context
2026-08-22,S07,P131,96.0,114.624,18.623999999999995,18.623999999999995,,,,0.7874999999999999,HIGH,recent demand momentum,inventory coverage,promotion context
2026-08-23,S07,P131,100.0,107.552,7.552000000000007,7.552000000000007,,,,0.7874999999999999,HIGH,recent demand momentum,inventory coverage,promotion context
2026-08-24,S07,P131,96.0,109.764,13.763999999999996,13.763999999999996,,,,0.7874999999999999,HIGH,recent demand momentum,inventory coverage,promotion context
2026-08-25,S07,P131,87.0,110.844,23.843999999999994,23.843999999999994,,,,0.7874999999999999,HIGH,recent demand momentum,inventory coverage,promotion context
2026-08-20,S07,P132,56.0,55.692,-0.30799999999999983,0.30799999999999983,,,,0.7874999999999999,HIGH,recent demand momentum,inventory coverage,promotion context
2026-08-21,S07,P132,56.0,52.128,-3.872,3.872,,,,0.7874999999999999,HIGH,recent demand momentum,inventory coverage,promotion context
2026-08-22,S07,P132,65.0,50.088,-14.911999999999999,14.911999999999999,,,,0.7874999999999999,HIGH,recent demand momentum,inventory coverage,promotion context
2026-08-23,S07,P132,73.0,52.092,-20.908,20.908,,,,0.7874999999999999,HIGH,recent demand momentum,inventory coverage,promotion context
2026-08-24,S07,P132,70.0,51.756,-18.244,18.244,,,,0.7874999999999999,HIGH,recent demand momentum,inventory coverage,promotion context
2026-08-25,S07,P132,65.0,51.208,-13.792000000000002,13.792000000000002,,,,0.7874999999999999,HIGH,recent demand momentum,inventory coverage,promotion context
2026-08-20,S07,P133,286.0,254.568,-31.431999999999988,31.431999999999988,,,,0.7874999999999999,HIGH,recent demand momentum,inventory coverage,promotion context
2026-08-21,S07,P133,279.0,275.932,-3.0679999999999836,3.0679999999999836,,,,0.7874999999999999,HIGH,recent demand momentum,inventory coverage,promotion context
2026-08-22,S07,P133,284.0,258.656,-25.343999999999994,25.343999999999994,,,,0.7874999999999999,HIGH,recent demand momentum,inventory coverage,promotion context
2026-08-23,S07,P133,284.0,261.536,-22.464,22.464,,,,0.7874999999999999,HIGH,recent demand momentum,inventory coverage,promotion context
2026-08-24,S07,P133,286.0,273.044,-12.956000000000017,12.956000000000017,,,,0.7874999999999999,HIGH,recent demand momentum,inventory coverage,promotion context
2026-08-25,S07,P133,265.0,272.46,7.4599999999999795,7.4599999999999795,0.0,LOW,0.0,0.7874999999999999,HIGH,recent demand momentum,inventory coverage,promotion context
2026-08-20,S07,P134,105.0,107.084,2.084000000000003,2.084000000000003,,,,0.7874999999999999,HIGH,recent demand momentum,inventory coverage,promotion context
2026-08-21,S07,P134,98.0,107.84,9.840000000000003,9.840000000000003,,,,0.7874999999999999,HIGH,recent demand momentum,inventory coverage,promotion context
2026-08-22,S07,P134,85.0,110.66,25.659999999999997,25.659999999999997,,,,0.7874999999999999,HIGH,recent demand momentum,inventory coverage,promotion context
2026-08-23,S07,P134,87.0,106.864,19.864000000000004,19.864000000000004,,,,0.7874999999999999,HIGH,recent demand momentum,inventory coverage,promotion context
2026-08-24,S07,P134,85.0,99.636,14.635999999999996,14.635999999999996,,,,0.7874999999999999,HIGH,recent demand momentum,inventory coverage,promotion context
2026-08-25,S07,P134,74.0,103.644,29.644000000000005,29.644000000000005,0.0,LOW,0.0,0.7874999999999999,HIGH,recent demand momentum,inventory coverage,promotion context
2026-08-20,S07,P135,50.0,52.672,2.671999999999997,2.671999999999997,,,,0.7874999999999999,HIGH,recent demand momentum,inventory coverage,promotion context
2026-08-21,S07,P135,46.0,49.896,3.896000000000001,3.896000000000001,,,,0.7874999999999999,HIGH,recent demand momentum,inventory coverage,promotion context
2026-08-22,S07,P135,34.0,50.468,16.468000000000004,16.468000000000004,,,,0.7874999999999999,HIGH,recent demand momentum,inventory coverage,promotion context
2026-08-23,S07,P135,47.0,51.268,4.268000000000001,4.268000000000001,,,,0.7874999999999999,HIGH,recent demand momentum,inventory coverage,promotion context
2026-08-24,S07,P135,39.0,52.744,13.744,13.744,,,,0.7874999999999999,HIGH,recent demand momentum,inventory coverage,promotion context
2026-08-25,S07,P135,35.0,52.016,17.016,17.016,,,,0.7874999999999999,HIGH,recent demand momentum,inventory coverage,promotion context
2026-08-20,S07,P136,2.0,5.224,3.224,3.224,,,,0.7874999999999999,HIGH,recent demand momentum,inventory coverage,promotion context
2026-08-24,S07,P136,7.0,6.888,-0.1120000000000001,0.1120000000000001,,,,0.7874999999999999,HIGH,recent demand momentum,inventory coverage,promotion context
2026-08-25,S07,P136,6.0,7.844,1.8440000000000003,1.8440000000000003,0.0,LOW,0.0,0.7874999999999999,HIGH,recent demand momentum,inventory coverage,promotion context
2026-08-20,S07,P137,128.0,73.568,-54.432,54.432,,,,0.7874999999999999,HIGH,recent demand momentum,inventory coverage,promotion context
2026-08-21,S07,P137,114.0,74.908,-39.092,39.092,,,,0.7874999999999999,HIGH,recent demand momentum,inventory coverage,promotion context
2026-08-22,S07,P137,118.0,77.996,-40.004000000000005,40.004000000000005,,,,0.7874999999999999,HIGH,recent demand momentum,inventory coverage,promotion context
2026-08-23,S07,P137,93.0,87.036,-5.963999999999999,5.963999999999999,,,,0.7874999999999999,HIGH,recent demand momentum,inventory coverage,promotion context
2026-08-24,S07,P137,89.0,82.388,-6.611999999999995,6.611999999999995,,,,0.7874999999999999,HIGH,recent demand momentum,inventory coverage,promotion context
2026-08-25,S07,P137,73.0,83.58,10.579999999999998,10.579999999999998,0.0,LOW,0.0,0.7874999999999999,HIGH,recent demand momentum,inventory coverage,promotion context
2026-08-20,S07,P138,47.0,49.88,2.8800000000000026,2.8800000000000026,,,,0.7874999999999999,HIGH,recent demand momentum,inventory coverage,promotion context
2026-08-21,S07,P138,47.0,51.548,4.548000000000002,4.548000000000002,,,,0.7874999999999999,HIGH,recent demand momentum,inventory coverage,promotion context
2026-08-22,S07,P138,50.0,50.74,0.740000000000002,0.740000000000002,,,,0.7874999999999999,HIGH,recent demand momentum,inventory coverage,promotion context
2026-08-23,S07,P138,54.0,49.18,-4.82,4.82,,,,0.7874999999999999,HIGH,recent demand momentum,inventory coverage,promotion context
2026-08-24,S07,P138,42.0,52.568,10.567999999999998,10.567999999999998,,,,0.7874999999999999,HIGH,recent demand momentum,inventory coverage,promotion context
2026-08-21,S07,P139,6.0,13.852,7.852,7.852,,,,0.7874999999999999,HIGH,recent demand momentum,inventory coverage,promotion context
2026-08-22,S07,P139,7.0,13.148,6.148,6.148,,,,0.7874999999999999,HIGH,recent demand momentum,inventory coverage,promotion context
2026-08-23,S07,P139,5.0,12.804,7.804,7.804,,,,0.7874999999999999,HIGH,recent demand momentum,inventory coverage,promotion context
2026-08-20,S07,P140,23.0,28.888,5.888000000000002,5.888000000000002,,,,0.7874999999999999,HIGH,recent demand momentum,inventory coverage,promotion context
2026-08-21,S07,P140,26.0,27.172,1.1720000000000006,1.1720000000000006,,,,0.7874999999999999,HIGH,recent demand momentum,inventory coverage,promotion context
2026-08-23,S07,P140,30.0,26.952,-3.0479999999999983,3.0479999999999983,,,,0.7874999999999999,HIGH,recent demand momentum,inventory coverage,promotion context
2026-08-24,S07,P140,30.0,27.532,-2.468,2.468,,,,0.7874999999999999,HIGH,recent demand momentum,inventory coverage,promotion context
2026-08-25,S07,P140,22.0,23.6,1.6000000000000014,1.6000000000000014,0.0,LOW,0.0,0.7874999999999999,HIGH,recent demand momentum,inventory coverage,promotion context
2026-08-20,S07,P141,24.0,23.86,-0.14000000000000057,0.14000000000000057,,,,0.7874999999999999,HIGH,recent demand momentum,inventory coverage,promotion context
2026-08-21,S07,P141,22.0,24.5,2.5,2.5,,,,0.7874999999999999,HIGH,recent demand momentum,inventory coverage,promotion context
2026-08-22,S07,P141,19.0,24.94,5.940000000000001,5.940000000000001,,,,0.7874999999999999,HIGH,recent demand momentum,inventory coverage,promotion context
2026-08-23,S07,P141,22.0,24.848,2.847999999999999,2.847999999999999,,,,0.7874999999999999,HIGH,recent demand momentum,inventory coverage,promotion context
2026-08-24,S07,P141,24.0,24.84,0.8399999999999999,0.8399999999999999,,,,0.7874999999999999,HIGH,recent demand momentum,inventory coverage,promotion context
2026-08-25,S07,P141,15.0,25.852,10.852,10.852,0.0,LOW,0.0,0.7874999999999999,HIGH,recent demand momentum,inventory coverage,promotion context
2026-08-20,S07,P142,8.0,13.704,5.704000000000001,5.704000000000001,,,,0.7874999999999999,HIGH,recent demand momentum,inventory coverage,promotion context
2026-08-22,S07,P142,7.0,10.988,3.9879999999999995,3.9879999999999995,,,,0.7874999999999999,HIGH,recent demand momentum,inventory coverage,promotion context
2026-08-24,S07,P142,2.0,9.924,7.9239999999999995,7.9239999999999995,,,,0.7874999999999999,HIGH,recent demand momentum,inventory coverage,promotion context
2026-08-20,S07,P143,48.0,42.988,-5.0120000000000005,5.0120000000000005,,,,0.7874999999999999,HIGH,recent demand momentum,inventory coverage,promotion context
2026-08-21,S07,P143,51.0,47.66,-3.3400000000000034,3.3400000000000034,,,,0.7874999999999999,HIGH,recent demand momentum,inventory coverage,promotion context
2026-08-22,S07,P143,45.0,45.744,0.7439999999999998,0.7439999999999998,,,,0.7874999999999999,HIGH,recent demand momentum,inventory coverage,promotion context
2026-08-23,S07,P143,36.0,46.72,10.719999999999999,10.719999999999999,,,,0.7874999999999999,HIGH,recent demand momentum,inventory coverage,promotion context
2026-08-24,S07,P143,38.0,46.62,8.619999999999997,8.619999999999997,,,,0.7874999999999999,HIGH,recent demand momentum,inventory coverage,promotion context
2026-08-25,S07,P143,32.0,45.164,13.164000000000001,13.164000000000001,0.0,LOW,0.0,0.7874999999999999,HIGH,recent demand momentum,inventory coverage,promotion context
2026-08-20,S07,P144,25.0,39.592,14.591999999999999,14.591999999999999,,,,0.7874999999999999,HIGH,recent demand momentum,inventory coverage,promotion context
2026-08-21,S07,P144,26.0,40.024,14.024000000000001,14.024000000000001,,,,0.7874999999999999,HIGH,recent demand momentum,inventory coverage,promotion context
2026-08-22,S07,P144,24.0,39.272,15.271999999999998,15.271999999999998,,,,0.7874999999999999,HIGH,recent demand momentum,inventory coverage,promotion context
2026-08-23,S07,P144,24.0,36.316,12.316000000000003,12.316000000000003,,,,0.7874999999999999,HIGH,recent demand momentum,inventory coverage,promotion context
2026-08-24,S07,P144,20.0,42.988,22.988,22.988,,,,0.7874999999999999,HIGH,recent demand momentum,inventory coverage,promotion context
2026-08-25,S07,P144,16.0,38.08,22.08,22.08,,,,0.7874999999999999,HIGH,recent demand momentum,inventory coverage,promotion context
2026-08-20,S07,P145,12.0,31.792,19.792,19.792,,,,0.7874999999999999,HIGH,recent demand momentum,inventory coverage,promotion context
2026-08-23,S07,P145,14.0,25.472,11.472000000000001,11.472000000000001,,,,0.7874999999999999,HIGH,recent demand momentum,inventory coverage,promotion context
2026-08-24,S07,P145,13.0,27.096,14.096,14.096,,,,0.7874999999999999,HIGH,recent demand momentum,inventory coverage,promotion context
2026-08-25,S07,P145,9.0,26.564,17.564,17.564,0.0,LOW,0.0,0.7874999999999999,HIGH,recent demand momentum,inventory coverage,promotion context
2026-08-20,S07,P146,38.0,64.036,26.036,26.036,,,,0.7874999999999999,HIGH,recent demand momentum,inventory coverage,promotion context
2026-08-21,S07,P146,45.0,63.244,18.244,18.244,,,,0.7874999999999999,HIGH,recent demand momentum,inventory coverage,promotion context
2026-08-22,S07,P146,47.0,58.16,11.159999999999997,11.159999999999997,,,,0.7874999999999999,HIGH,recent demand momentum,inventory coverage,promotion context
2026-08-23,S07,P146,50.0,62.136,12.136000000000003,12.136000000000003,,,,0.7874999999999999,HIGH,recent demand momentum,inventory coverage,promotion context
2026-08-24,S07,P146,59.0,65.444,6.444000000000003,6.444000000000003,,,,0.7874999999999999,HIGH,recent demand momentum,inventory coverage,promotion context
2026-08-25,S07,P146,52.0,64.656,12.656000000000006,12.656000000000006,0.0,LOW,0.0,0.7874999999999999,HIGH,recent demand momentum,inventory coverage,promotion context
2026-08-20,S07,P147,26.0,34.812,8.811999999999998,8.811999999999998,,,,0.7874999999999999,HIGH,recent demand momentum,inventory coverage,promotion context
2026-08-21,S07,P147,20.0,36.64,16.64,16.64,,,,0.7874999999999999,HIGH,recent demand momentum,inventory coverage,promotion context
2026-08-22,S07,P147,15.0,35.612,20.612000000000002,20.612000000000002,,,,0.7874999999999999,HIGH,recent demand momentum,inventory coverage,promotion context
2026-08-23,S07,P147,18.0,37.536,19.536,19.536,,,,0.7874999999999999,HIGH,recent demand momentum,inventory coverage,promotion context
2026-08-24,S07,P147,33.0,40.484,7.484000000000002,7.484000000000002,,,,0.7874999999999999,HIGH,recent demand momentum,inventory coverage,promotion context
2026-08-25,S07,P147,26.0,35.876,9.875999999999998,9.875999999999998,0.0,LOW,0.0,0.7874999999999999,HIGH,recent demand momentum,inventory coverage,promotion context
2026-08-21,S07,P148,6.0,10.708,4.708,4.708,,,,0.7874999999999999,HIGH,recent demand momentum,inventory coverage,promotion context
2026-08-24,S07,P148,5.0,11.76,6.76,6.76,,,,0.7874999999999999,HIGH,recent demand momentum,inventory coverage,promotion context
2026-08-20,S07,P149,22.0,28.968,6.968,6.968,,,,0.7874999999999999,HIGH,recent demand momentum,inventory coverage,promotion context
2026-08-22,S07,P149,26.0,24.352,-1.6479999999999997,1.6479999999999997,,,,0.7874999999999999,HIGH,recent demand momentum,inventory coverage,promotion context
2026-08-23,S07,P149,24.0,22.94,-1.0599999999999987,1.0599999999999987,,,,0.7874999999999999,HIGH,recent demand momentum,inventory coverage,promotion context
2026-08-24,S07,P149,33.0,25.66,-7.34,7.34,,,,0.7874999999999999,HIGH,recent demand momentum,inventory coverage,promotion context
2026-08-25,S07,P149,30.0,25.16,-4.84,4.84,0.0,LOW,0.0,0.7874999999999999,HIGH,recent demand momentum,inventory coverage,promotion context
2026-08-21,S07,P150,8.0,24.276,16.276,16.276,,,,0.7874999999999999,HIGH,recent demand momentum,inventory coverage,promotion context
2026-08-25,S07,P150,16.0,18.304,2.3039999999999985,2.3039999999999985,0.0,LOW,0.0,0.7874999999999999,HIGH,recent demand momentum,inventory coverage,promotion context
2026-08-21,S07,P151,20.0,18.916,-1.0839999999999996,1.0839999999999996,,,,0.7874999999999999,HIGH,recent demand momentum,inventory coverage,promotion context
2026-08-22,S07,P151,12.0,14.936,2.936,2.936,,,,0.7874999999999999,HIGH,recent demand momentum,inventory coverage,promotion context
2026-08-23,S07,P151,10.0,20.448,10.448,10.448,,,,0.7874999999999999,HIGH,recent demand momentum,inventory coverage,promotion context
2026-08-24,S07,P151,11.0,15.936,4.936,4.936,,,,0.7874999999999999,HIGH,recent demand momentum,inventory coverage,promotion context
2026-08-25,S07,P151,6.0,17.94,11.940000000000001,11.940000000000001,,,,0.7874999999999999,HIGH,recent demand momentum,inventory coverage,promotion context
2026-08-20,S07,P152,58.0,70.516,12.516000000000005,12.516000000000005,,,,0.7874999999999999,HIGH,recent demand momentum,inventory coverage,promotion context
2026-08-21,S07,P152,66.0,72.796,6.7960000000000065,6.7960000000000065,,,,0.7874999999999999,HIGH,recent demand momentum,inventory coverage,promotion context
2026-08-22,S07,P152,68.0,70.744,2.7439999999999998,2.7439999999999998,,,,0.7874999999999999,HIGH,recent demand momentum,inventory coverage,promotion context
2026-08-23,S07,P152,69.0,71.672,2.671999999999997,2.671999999999997,,,,0.7874999999999999,HIGH,recent demand momentum,inventory coverage,promotion context
2026-08-24,S07,P152,59.0,66.388,7.388000000000005,7.388000000000005,,,,0.7874999999999999,HIGH,recent demand momentum,inventory coverage,promotion context
2026-08-25,S07,P152,49.0,74.664,25.664,25.664,,,,0.7874999999999999,HIGH,recent demand momentum,inventory coverage,promotion context
2026-08-20,S07,P153,66.0,54.036,-11.963999999999999,11.963999999999999,,,,0.7874999999999999,HIGH,recent demand momentum,inventory coverage,promotion context
2026-08-21,S07,P153,54.0,56.812,2.8119999999999976,2.8119999999999976,,,,0.7874999999999999,HIGH,recent demand momentum,inventory coverage,promotion context
2026-08-22,S07,P153,59.0,52.208,-6.792000000000002,6.792000000000002,,,,0.7874999999999999,HIGH,recent demand momentum,inventory coverage,promotion context
2026-08-23,S07,P153,60.0,57.304,-2.695999999999998,2.695999999999998,,,,0.7874999999999999,HIGH,recent demand momentum,inventory coverage,promotion context
2026-08-24,S07,P153,55.0,57.812,2.8119999999999976,2.8119999999999976,,,,0.7874999999999999,HIGH,recent demand momentum,inventory coverage,promotion context
2026-08-25,S07,P153,52.0,57.236,5.235999999999997,5.235999999999997,0.0,LOW,0.0,0.7874999999999999,HIGH,recent demand momentum,inventory coverage,promotion context
2026-08-20,S07,P154,12.0,23.828,11.828,11.828,,,,0.7874999999999999,HIGH,recent demand momentum,inventory coverage,promotion context
2026-08-21,S07,P154,15.0,22.62,7.620000000000001,7.620000000000001,,,,0.7874999999999999,HIGH,recent demand momentum,inventory coverage,promotion context
2026-08-23,S07,P154,16.0,19.676,3.6759999999999984,3.6759999999999984,,,,0.7874999999999999,HIGH,recent demand momentum,inventory coverage,promotion context
2026-08-25,S07,P154,20.0,24.672,4.672000000000001,4.672000000000001,0.0,LOW,0.0,0.7874999999999999,HIGH,recent demand momentum,inventory coverage,promotion context
2026-08-20,S07,P155,41.0,33.288,-7.712000000000003,7.712000000000003,,,,0.7874999999999999,HIGH,recent demand momentum,inventory coverage,promotion context
2026-08-22,S07,P155,51.0,31.112,-19.888,19.888,,,,0.7874999999999999,HIGH,recent demand momentum,inventory coverage,promotion context
2026-08-23,S07,P155,47.0,29.388,-17.612,17.612,,,,0.7874999999999999,HIGH,recent demand momentum,inventory coverage,promotion context
2026-08-24,S07,P155,48.0,29.4,-18.6,18.6,,,,0.7874999999999999,HIGH,recent demand momentum,inventory coverage,promotion context
2026-08-25,S07,P155,33.0,26.864,-6.135999999999999,6.135999999999999,,,,0.7874999999999999,HIGH,recent demand momentum,inventory coverage,promotion context
2026-08-20,S07,P156,117.0,79.396,-37.604,37.604,,,,0.7874999999999999,HIGH,recent demand momentum,inventory coverage,promotion context
2026-08-21,S07,P156,104.0,92.196,-11.804000000000002,11.804000000000002,,,,0.7874999999999999,HIGH,recent demand momentum,inventory coverage,promotion context
2026-08-22,S07,P156,84.0,76.952,-7.048000000000002,7.048000000000002,,,,0.7874999999999999,HIGH,recent demand momentum,inventory coverage,promotion context
2026-08-23,S07,P156,89.0,84.584,-4.415999999999997,4.415999999999997,,,,0.7874999999999999,HIGH,recent demand momentum,inventory coverage,promotion context
2026-08-24,S07,P156,98.0,89.004,-8.995999999999995,8.995999999999995,,,,0.7874999999999999,HIGH,recent demand momentum,inventory coverage,promotion context
2026-08-25,S07,P156,74.0,91.024,17.024,17.024,0.0,LOW,0.0,0.7874999999999999,HIGH,recent demand momentum,inventory coverage,promotion context
2026-08-20,S07,P157,49.0,51.988,2.9879999999999995,2.9879999999999995,,,,0.7874999999999999,HIGH,recent demand momentum,inventory coverage,promotion context
2026-08-21,S07,P157,48.0,47.656,-0.3440000000000012,0.3440000000000012,,,,0.7874999999999999,HIGH,recent demand momentum,inventory coverage,promotion context
2026-08-22,S07,P157,39.0,48.28,9.280000000000001,9.280000000000001,,,,0.7874999999999999,HIGH,recent demand momentum,inventory coverage,promotion context
2026-08-23,S07,P157,41.0,50.724,9.723999999999997,9.723999999999997,,,,0.7874999999999999,HIGH,recent demand momentum,inventory coverage,promotion context
2026-08-24,S07,P157,43.0,48.94,5.939999999999998,5.939999999999998,,,,0.7874999999999999,HIGH,recent demand momentum,inventory coverage,promotion context
2026-08-25,S07,P157,35.0,48.52,13.520000000000003,13.520000000000003,,,,0.7874999999999999,HIGH,recent demand momentum,inventory coverage,promotion context
2026-08-20,S07,P158,161.0,157.16,-3.8400000000000034,3.8400000000000034,,,,0.7874999999999999,HIGH,recent demand momentum,inventory coverage,promotion context
2026-08-21,S07,P158,133.0,152.42,19.419999999999987,19.419999999999987,,,,0.7874999999999999,HIGH,recent demand momentum,inventory coverage,promotion context
2026-08-22,S07,P158,156.0,155.716,-0.2839999999999918,0.2839999999999918,,,,0.7874999999999999,HIGH,recent demand momentum,inventory coverage,promotion context
2026-08-23,S07,P158,162.0,142.852,-19.147999999999996,19.147999999999996,,,,0.7874999999999999,HIGH,recent demand momentum,inventory coverage,promotion context
2026-08-24,S07,P158,180.0,143.104,-36.89599999999999,36.89599999999999,,,,0.7874999999999999,HIGH,recent demand momentum,inventory coverage,promotion context
2026-08-25,S07,P158,154.0,135.744,-18.256,18.256,0.0,LOW,0.0,0.7874999999999999,HIGH,recent demand momentum,inventory coverage,promotion context
2026-08-20,S07,P159,139.0,202.412,63.412000000000006,63.412000000000006,,,,0.7874999999999999,HIGH,recent demand momentum,inventory coverage,promotion context
2026-08-21,S07,P159,145.0,204.152,59.15199999999999,59.15199999999999,,,,0.7874999999999999,HIGH,recent demand momentum,inventory coverage,promotion context
2026-08-22,S07,P159,154.0,200.796,46.79599999999999,46.79599999999999,,,,0.7874999999999999,HIGH,recent demand momentum,inventory coverage,promotion context
2026-08-23,S07,P159,147.0,187.968,40.96799999999999,40.96799999999999,,,,0.7874999999999999,HIGH,recent demand momentum,inventory coverage,promotion context
2026-08-24,S07,P159,159.0,185.068,26.068000000000012,26.068000000000012,,,,0.7874999999999999,HIGH,recent demand momentum,inventory coverage,promotion context
2026-08-25,S07,P159,143.0,184.984,41.98400000000001,41.98400000000001,,,,0.7874999999999999,HIGH,recent demand momentum,inventory coverage,promotion context
2026-08-20,S07,P161,86.0,101.828,15.828000000000003,15.828000000000003,,,,0.7874999999999999,HIGH,recent demand momentum,inventory coverage,promotion context
2026-08-21,S07,P161,93.0,110.676,17.676000000000002,17.676000000000002,,,,0.7874999999999999,HIGH,recent demand momentum,inventory coverage,promotion context
2026-08-22,S07,P161,104.0,104.688,0.6880000000000024,0.6880000000000024,,,,0.7874999999999999,HIGH,recent demand momentum,inventory coverage,promotion context
2026-08-23,S07,P161,110.0,108.276,-1.7240000000000038,1.7240000000000038,,,,0.7874999999999999,HIGH,recent demand momentum,inventory coverage,promotion context
2026-08-24,S07,P161,114.0,113.976,-0.02400000000000091,0.02400000000000091,,,,0.7874999999999999,HIGH,recent demand momentum,inventory coverage,promotion context
2026-08-25,S07,P161,100.0,119.868,19.867999999999995,19.867999999999995,0.0,LOW,0.0,0.7874999999999999,HIGH,recent demand momentum,inventory coverage,promotion context
2026-08-20,S07,P163,113.0,112.58,-0.4200000000000017,0.4200000000000017,,,,0.7874999999999999,HIGH,recent demand momentum,inventory coverage,promotion context
2026-08-21,S07,P163,104.0,111.256,7.256,7.256,,,,0.7874999999999999,HIGH,recent demand momentum,inventory coverage,promotion context
2026-08-22,S07,P163,92.0,118.028,26.028000000000006,26.028000000000006,,,,0.7874999999999999,HIGH,recent demand momentum,inventory coverage,promotion context
2026-08-23,S07,P163,90.0,114.856,24.855999999999995,24.855999999999995,,,,0.7874999999999999,HIGH,recent demand momentum,inventory coverage,promotion context
2026-08-24,S07,P163,83.0,113.188,30.188000000000002,30.188000000000002,,,,0.7874999999999999,HIGH,recent demand momentum,inventory coverage,promotion context
2026-08-25,S07,P163,64.0,120.028,56.028000000000006,56.028000000000006,0.0,LOW,0.0,0.7874999999999999,HIGH,recent demand momentum,inventory coverage,promotion context
2026-08-21,S07,P164,40.0,25.78,-14.219999999999999,14.219999999999999,,,,0.7874999999999999,HIGH,recent demand momentum,inventory coverage,promotion context
2026-08-22,S07,P164,39.0,28.04,-10.96,10.96,,,,0.7874999999999999,HIGH,recent demand momentum,inventory coverage,promotion context
2026-08-23,S07,P164,29.0,31.684,2.684000000000001,2.684000000000001,,,,0.7874999999999999,HIGH,recent demand momentum,inventory coverage,promotion context
2026-08-24,S07,P164,30.0,25.768,-4.231999999999999,4.231999999999999,,,,0.7874999999999999,HIGH,recent demand momentum,inventory coverage,promotion context
2026-08-25,S07,P164,17.0,34.408,17.408,17.408,0.0,LOW,0.0,0.7874999999999999,HIGH,recent demand momentum,inventory coverage,promotion context
2026-08-20,S07,P165,10.0,6.272,-3.7279999999999998,3.7279999999999998,,,,0.7874999999999999,HIGH,recent demand momentum,inventory coverage,promotion context
2026-08-22,S07,P165,11.0,11.72,0.7200000000000006,0.7200000000000006,,,,0.7874999999999999,HIGH,recent demand momentum,inventory coverage,promotion context
2026-08-23,S07,P165,7.0,10.02,3.0199999999999996,3.0199999999999996,,,,0.7874999999999999,HIGH,recent demand momentum,inventory coverage,promotion context
2026-08-20,S07,P166,48.0,43.668,-4.332000000000001,4.332000000000001,,,,0.7874999999999999,HIGH,recent demand momentum,inventory coverage,promotion context
2026-08-21,S07,P166,50.0,41.748,-8.252000000000002,8.252000000000002,,,,0.7874999999999999,HIGH,recent demand momentum,inventory coverage,promotion context
2026-08-22,S07,P166,50.0,43.352,-6.648000000000003,6.648000000000003,,,,0.7874999999999999,HIGH,recent demand momentum,inventory coverage,promotion context
2026-08-23,S07,P166,49.0,41.276,-7.723999999999997,7.723999999999997,,,,0.7874999999999999,HIGH,recent demand momentum,inventory coverage,promotion context
2026-08-24,S07,P166,31.0,43.528,12.527999999999999,12.527999999999999,,,,0.7874999999999999,HIGH,recent demand momentum,inventory coverage,promotion context
2026-08-25,S07,P166,23.0,49.648,26.648000000000003,26.648000000000003,0.0,LOW,0.0,0.7874999999999999,HIGH,recent demand momentum,inventory coverage,promotion context
2026-08-21,S07,P167,8.0,6.672,-1.3280000000000003,1.3280000000000003,,,,0.7874999999999999,HIGH,recent demand momentum,inventory coverage,promotion context
2026-08-20,S07,P168,12.0,13.004,1.0039999999999996,1.0039999999999996,,,,0.7874999999999999,HIGH,recent demand momentum,inventory coverage,promotion context
2026-08-21,S07,P168,15.0,10.704,-4.295999999999999,4.295999999999999,,,,0.7874999999999999,HIGH,recent demand momentum,inventory coverage,promotion context
2026-08-24,S07,P168,13.0,11.152,-1.8480000000000008,1.8480000000000008,,,,0.7874999999999999,HIGH,recent demand momentum,inventory coverage,promotion context
2026-08-25,S07,P168,11.0,12.384,1.3840000000000003,1.3840000000000003,0.0,LOW,0.0,0.7874999999999999,HIGH,recent demand momentum,inventory coverage,promotion context
2026-08-20,S07,P169,49.0,48.268,-0.7319999999999993,0.7319999999999993,,,,0.7874999999999999,HIGH,recent demand momentum,inventory coverage,promotion context
2026-08-21,S07,P169,49.0,47.228,-1.7719999999999985,1.7719999999999985,,,,0.7874999999999999,HIGH,recent demand momentum,inventory coverage,promotion context
2026-08-22,S07,P169,44.0,48.164,4.1640000000000015,4.1640000000000015,,,,0.7874999999999999,HIGH,recent demand momentum,inventory coverage,promotion context
2026-08-23,S07,P169,42.0,48.116,6.116,6.116,,,,0.7874999999999999,HIGH,recent demand momentum,inventory coverage,promotion context
2026-08-25,S07,P169,51.0,49.392,-1.607999999999997,1.607999999999997,0.0,LOW,0.0,0.7874999999999999,HIGH,recent demand momentum,inventory coverage,promotion context
2026-08-20,S07,P170,14.0,6.56,-7.44,7.44,,,,0.7874999999999999,HIGH,recent demand momentum,inventory coverage,promotion context
2026-08-21,S07,P170,13.0,9.272,-3.7279999999999998,3.7279999999999998,,,,0.7874999999999999,HIGH,recent demand momentum,inventory coverage,promotion context
2026-08-22,S07,P170,5.0,10.628,5.628,5.628,,,,0.7874999999999999,HIGH,recent demand momentum,inventory coverage,promotion context
2026-08-24,S07,P170,4.0,9.04,5.039999999999999,5.039999999999999,,,,0.7874999999999999,HIGH,recent demand momentum,inventory coverage,promotion context
2026-08-25,S07,P170,2.0,8.296,6.295999999999999,6.295999999999999,0.0,LOW,0.0,0.7874999999999999,HIGH,recent demand momentum,inventory coverage,promotion context
2026-08-20,S07,P171,37.0,33.852,-3.1480000000000032,3.1480000000000032,,,,0.7874999999999999,HIGH,recent demand momentum,inventory coverage,promotion context
2026-08-21,S07,P171,41.0,36.24,-4.759999999999998,4.759999999999998,,,,0.7874999999999999,HIGH,recent demand momentum,inventory coverage,promotion context
2026-08-22,S07,P171,37.0,35.616,-1.3840000000000003,1.3840000000000003,,,,0.7874999999999999,HIGH,recent demand momentum,inventory coverage,promotion context
2026-08-23,S07,P171,31.0,35.16,4.159999999999997,4.159999999999997,,,,0.7874999999999999,HIGH,recent demand momentum,inventory coverage,promotion context
2026-08-24,S07,P171,38.0,35.884,-2.1159999999999997,2.1159999999999997,,,,0.7874999999999999,HIGH,recent demand momentum,inventory coverage,promotion context
2026-08-25,S07,P171,34.0,34.96,0.9600000000000009,0.9600000000000009,0.0,LOW,0.0,0.7874999999999999,HIGH,recent demand momentum,inventory coverage,promotion context
2026-08-21,S07,P172,25.0,24.396,-0.6039999999999992,0.6039999999999992,,,,0.7874999999999999,HIGH,recent demand momentum,inventory coverage,promotion context
2026-08-22,S07,P172,27.0,22.324,-4.675999999999998,4.675999999999998,,,,0.7874999999999999,HIGH,recent demand momentum,inventory coverage,promotion context
2026-08-23,S07,P172,15.0,23.38,8.379999999999999,8.379999999999999,,,,0.7874999999999999,HIGH,recent demand momentum,inventory coverage,promotion context
2026-08-25,S07,P172,22.0,29.008,7.007999999999999,7.007999999999999,0.0,LOW,0.0,0.7874999999999999,HIGH,recent demand momentum,inventory coverage,promotion context
2026-08-21,S07,P173,5.0,9.896,4.896000000000001,4.896000000000001,,,,0.7874999999999999,HIGH,recent demand momentum,inventory coverage,promotion context
2026-08-22,S07,P173,1.0,9.984,8.984,8.984,,,,0.7874999999999999,HIGH,recent demand momentum,inventory coverage,promotion context
2026-08-21,S07,P174,9.0,8.388,-0.6120000000000001,0.6120000000000001,,,,0.7874999999999999,HIGH,recent demand momentum,inventory coverage,promotion context
2026-08-25,S07,P174,7.0,11.436,4.436,4.436,0.0,LOW,0.0,0.7874999999999999,HIGH,recent demand momentum,inventory coverage,promotion context
2026-08-21,S07,P175,5.0,8.508,3.507999999999999,3.507999999999999,,,,0.7874999999999999,HIGH,recent demand momentum,inventory coverage,promotion context
2026-08-20,S07,P176,186.0,166.36,-19.639999999999986,19.639999999999986,,,,0.7874999999999999,HIGH,recent demand momentum,inventory coverage,promotion context
2026-08-21,S07,P176,199.0,160.784,-38.21600000000001,38.21600000000001,,,,0.7874999999999999,HIGH,recent demand momentum,inventory coverage,promotion context
2026-08-22,S07,P176,195.0,163.988,-31.012,31.012,,,,0.7874999999999999,HIGH,recent demand momentum,inventory coverage,promotion context
2026-08-23,S07,P176,197.0,162.264,-34.73599999999999,34.73599999999999,,,,0.7874999999999999,HIGH,recent demand momentum,inventory coverage,promotion context
2026-08-24,S07,P176,180.0,165.9,-14.099999999999994,14.099999999999994,,,,0.7874999999999999,HIGH,recent demand momentum,inventory coverage,promotion context
2026-08-25,S07,P176,160.0,163.036,3.0360000000000014,3.0360000000000014,0.0,LOW,0.0,0.7874999999999999,HIGH,recent demand momentum,inventory coverage,promotion context
2026-08-20,S07,P177,25.0,32.18,7.18,7.18,,,,0.7874999999999999,HIGH,recent demand momentum,inventory coverage,promotion context
2026-08-21,S07,P177,33.0,27.064,-5.936,5.936,,,,0.7874999999999999,HIGH,recent demand momentum,inventory coverage,promotion context
2026-08-22,S07,P177,37.0,27.404,-9.596,9.596,,,,0.7874999999999999,HIGH,recent demand momentum,inventory coverage,promotion context
2026-08-23,S07,P177,37.0,27.916,-9.084,9.084,,,,0.7874999999999999,HIGH,recent demand momentum,inventory coverage,promotion context
2026-08-24,S07,P177,31.0,29.712,-1.2880000000000003,1.2880000000000003,,,,0.7874999999999999,HIGH,recent demand momentum,inventory coverage,promotion context
2026-08-25,S07,P177,28.0,27.036,-0.9639999999999986,0.9639999999999986,0.0,LOW,0.0,0.7874999999999999,HIGH,recent demand momentum,inventory coverage,promotion context
2026-08-20,S07,P178,33.0,25.452,-7.547999999999998,7.547999999999998,,,,0.7874999999999999,HIGH,recent demand momentum,inventory coverage,promotion context
2026-08-21,S07,P178,33.0,22.968,-10.032,10.032,,,,0.7874999999999999,HIGH,recent demand momentum,inventory coverage,promotion context
2026-08-22,S07,P178,33.0,22.44,-10.559999999999999,10.559999999999999,,,,0.7874999999999999,HIGH,recent demand momentum,inventory coverage,promotion context
2026-08-24,S07,P178,25.0,25.028,0.027999999999998693,0.027999999999998693,,,,0.7874999999999999,HIGH,recent demand momentum,inventory coverage,promotion context
2026-08-25,S07,P178,22.0,25.24,3.2399999999999984,3.2399999999999984,0.0,LOW,0.0,0.7874999999999999,HIGH,recent demand momentum,inventory coverage,promotion context
2026-08-20,S07,P179,9.0,6.512,-2.4880000000000004,2.4880000000000004,,,,0.7874999999999999,HIGH,recent demand momentum,inventory coverage,promotion context
2026-08-22,S07,P179,6.0,7.744,1.7439999999999998,1.7439999999999998,,,,0.7874999999999999,HIGH,recent demand momentum,inventory coverage,promotion context
2026-08-20,S07,P180,91.0,95.696,4.695999999999998,4.695999999999998,,,,0.7874999999999999,HIGH,recent demand momentum,inventory coverage,promotion context
2026-08-21,S07,P180,90.0,82.612,-7.388000000000005,7.388000000000005,,,,0.7874999999999999,HIGH,recent demand momentum,inventory coverage,promotion context
2026-08-22,S07,P180,80.0,89.584,9.584000000000003,9.584000000000003,,,,0.7874999999999999,HIGH,recent demand momentum,inventory coverage,promotion context
2026-08-23,S07,P180,79.0,91.972,12.971999999999994,12.971999999999994,,,,0.7874999999999999,HIGH,recent demand momentum,inventory coverage,promotion context
2026-08-24,S07,P180,85.0,94.58,9.579999999999998,9.579999999999998,,,,0.7874999999999999,HIGH,recent demand momentum,inventory coverage,promotion context
2026-08-25,S07,P180,74.0,90.456,16.456000000000003,16.456000000000003,0.0,LOW,0.0,0.7874999999999999,HIGH,recent demand momentum,inventory coverage,promotion context
2026-08-20,S07,P181,39.0,33.892,-5.107999999999997,5.107999999999997,,,,0.7874999999999999,HIGH,recent demand momentum,inventory coverage,promotion context
2026-08-21,S07,P181,39.0,35.404,-3.5959999999999965,3.5959999999999965,,,,0.7874999999999999,HIGH,recent demand momentum,inventory coverage,promotion context
2026-08-22,S07,P181,35.0,37.216,2.216000000000001,2.216000000000001,,,,0.7874999999999999,HIGH,recent demand momentum,inventory coverage,promotion context
2026-08-23,S07,P181,36.0,34.0,-2.0,2.0,,,,0.7874999999999999,HIGH,recent demand momentum,inventory coverage,promotion context
2026-08-24,S07,P181,36.0,33.668,-2.3320000000000007,2.3320000000000007,,,,0.7874999999999999,HIGH,recent demand momentum,inventory coverage,promotion context
2026-08-25,S07,P181,34.0,34.076,0.07600000000000051,0.07600000000000051,0.0,LOW,0.0,0.7874999999999999,HIGH,recent demand momentum,inventory coverage,promotion context
2026-08-20,S07,P182,18.0,12.848,-5.151999999999999,5.151999999999999,,,,0.7874999999999999,HIGH,recent demand momentum,inventory coverage,promotion context
2026-08-22,S07,P182,22.0,16.688,-5.312000000000001,5.312000000000001,,,,0.7874999999999999,HIGH,recent demand momentum,inventory coverage,promotion context
2026-08-24,S07,P182,13.0,18.62,5.620000000000001,5.620000000000001,,,,0.7874999999999999,HIGH,recent demand momentum,inventory coverage,promotion context
2026-08-25,S07,P182,11.0,21.416,10.416,10.416,0.0,LOW,0.0,0.7874999999999999,HIGH,recent demand momentum,inventory coverage,promotion context
2026-08-20,S07,P183,385.0,333.932,-51.067999999999984,51.067999999999984,,,,0.7874999999999999,HIGH,recent demand momentum,inventory coverage,promotion context
2026-08-21,S07,P183,370.0,338.724,-31.27600000000001,31.27600000000001,,,,0.7874999999999999,HIGH,recent demand momentum,inventory coverage,promotion context
2026-08-22,S07,P183,364.0,332.424,-31.576000000000022,31.576000000000022,,,,0.7874999999999999,HIGH,recent demand momentum,inventory coverage,promotion context
2026-08-23,S07,P183,345.0,336.5,-8.5,8.5,,,,0.7874999999999999,HIGH,recent demand momentum,inventory coverage,promotion context
2026-08-24,S07,P183,325.0,322.192,-2.8079999999999927,2.8079999999999927,,,,0.7874999999999999,HIGH,recent demand momentum,inventory coverage,promotion context
2026-08-25,S07,P183,281.0,326.82,45.81999999999999,45.81999999999999,0.0,LOW,0.0,0.7874999999999999,HIGH,recent demand momentum,inventory coverage,promotion context
2026-08-21,S07,P184,16.0,10.964,-5.036,5.036,,,,0.7874999999999999,HIGH,recent demand momentum,inventory coverage,promotion context
2026-08-22,S07,P184,14.0,10.508,-3.492000000000001,3.492000000000001,,,,0.7874999999999999,HIGH,recent demand momentum,inventory coverage,promotion context
2026-08-23,S07,P184,12.0,10.412,-1.5879999999999992,1.5879999999999992,,,,0.7874999999999999,HIGH,recent demand momentum,inventory coverage,promotion context
2026-08-24,S07,P184,1.0,10.42,9.42,9.42,,,,0.7874999999999999,HIGH,recent demand momentum,inventory coverage,promotion context
2026-08-20,S07,P185,34.0,29.688,-4.312000000000001,4.312000000000001,,,,0.7874999999999999,HIGH,recent demand momentum,inventory coverage,promotion context
2026-08-21,S07,P185,36.0,34.744,-1.2560000000000002,1.2560000000000002,,,,0.7874999999999999,HIGH,recent demand momentum,inventory coverage,promotion context
2026-08-22,S07,P185,32.0,30.864,-1.1359999999999992,1.1359999999999992,,,,0.7874999999999999,HIGH,recent demand momentum,inventory coverage,promotion context
2026-08-23,S07,P185,29.0,34.508,5.508000000000003,5.508000000000003,,,,0.7874999999999999,HIGH,recent demand momentum,inventory coverage,promotion context
2026-08-24,S07,P185,41.0,35.816,-5.1839999999999975,5.1839999999999975,,,,0.7874999999999999,HIGH,recent demand momentum,inventory coverage,promotion context
2026-08-25,S07,P185,37.0,32.712,-4.287999999999997,4.287999999999997,,,,0.7874999999999999,HIGH,recent demand momentum,inventory coverage,promotion context
2026-08-20,S07,P186,57.0,60.628,3.628,3.628,,,,0.7874999999999999,HIGH,recent demand momentum,inventory coverage,promotion context
2026-08-21,S07,P186,50.0,61.248,11.247999999999998,11.247999999999998,,,,0.7874999999999999,HIGH,recent demand momentum,inventory coverage,promotion context
2026-08-22,S07,P186,70.0,67.016,-2.9839999999999947,2.9839999999999947,,,,0.7874999999999999,HIGH,recent demand momentum,inventory coverage,promotion context
2026-08-23,S07,P186,74.0,63.572,-10.427999999999997,10.427999999999997,,,,0.7874999999999999,HIGH,recent demand momentum,inventory coverage,promotion context
2026-08-24,S07,P186,65.0,61.208,-3.7920000000000016,3.7920000000000016,,,,0.7874999999999999,HIGH,recent demand momentum,inventory coverage,promotion context
2026-08-25,S07,P186,56.0,62.072,6.072000000000003,6.072000000000003,0.0,LOW,0.0,0.7874999999999999,HIGH,recent demand momentum,inventory coverage,promotion context
2026-08-20,S07,P187,42.0,41.86,-0.14000000000000057,0.14000000000000057,,,,0.7874999999999999,HIGH,recent demand momentum,inventory coverage,promotion context
2026-08-21,S07,P187,33.0,40.372,7.372,7.372,,,,0.7874999999999999,HIGH,recent demand momentum,inventory coverage,promotion context
2026-08-22,S07,P187,32.0,40.996,8.996000000000002,8.996000000000002,,,,0.7874999999999999,HIGH,recent demand momentum,inventory coverage,promotion context
2026-08-23,S07,P187,33.0,38.26,5.259999999999998,5.259999999999998,,,,0.7874999999999999,HIGH,recent demand momentum,inventory coverage,promotion context
2026-08-24,S07,P187,34.0,35.792,1.7920000000000016,1.7920000000000016,,,,0.7874999999999999,HIGH,recent demand momentum,inventory coverage,promotion context
2026-08-25,S07,P187,31.0,39.112,8.112000000000002,8.112000000000002,0.0,LOW,0.0,0.7874999999999999,HIGH,recent demand momentum,inventory coverage,promotion context
2026-08-20,S07,P188,63.0,85.3,22.299999999999997,22.299999999999997,,,,0.7874999999999999,HIGH,recent demand momentum,inventory coverage,promotion context
2026-08-21,S07,P188,46.0,83.632,37.632000000000005,37.632000000000005,,,,0.7874999999999999,HIGH,recent demand momentum,inventory coverage,promotion context
2026-08-22,S07,P188,52.0,84.568,32.568,32.568,,,,0.7874999999999999,HIGH,recent demand momentum,inventory coverage,promotion context
2026-08-23,S07,P188,48.0,85.384,37.384,37.384,,,,0.7874999999999999,HIGH,recent demand momentum,inventory coverage,promotion context
2026-08-24,S07,P188,45.0,92.328,47.328,47.328,,,,0.7874999999999999,HIGH,recent demand momentum,inventory coverage,promotion context
2026-08-25,S07,P188,42.0,95.832,53.831999999999994,53.831999999999994,0.0,LOW,0.0,0.7874999999999999,HIGH,recent demand momentum,inventory coverage,promotion context
2026-08-22,S07,P189,23.0,20.092,-2.9080000000000013,2.9080000000000013,,,,0.7874999999999999,HIGH,recent demand momentum,inventory coverage,promotion context
2026-08-23,S07,P189,15.0,18.58,3.5799999999999983,3.5799999999999983,,,,0.7874999999999999,HIGH,recent demand momentum,inventory coverage,promotion context
2026-08-24,S07,P189,10.0,19.28,9.280000000000001,9.280000000000001,,,,0.7874999999999999,HIGH,recent demand momentum,inventory coverage,promotion context
2026-08-25,S07,P189,8.0,20.108,12.108,12.108,0.0,LOW,0.0,0.7874999999999999,HIGH,recent demand momentum,inventory coverage,promotion context
2026-08-20,S07,P190,7.0,26.072,19.072,19.072,,,,0.7874999999999999,HIGH,recent demand momentum,inventory coverage,promotion context
2026-08-22,S07,P190,17.0,24.82,7.82,7.82,,,,0.7874999999999999,HIGH,recent demand momentum,inventory coverage,promotion context
2026-08-23,S07,P190,17.0,24.976,7.975999999999999,7.975999999999999,,,,0.7874999999999999,HIGH,recent demand momentum,inventory coverage,promotion context
2026-08-25,S07,P190,17.0,25.028,8.027999999999999,8.027999999999999,0.0,LOW,0.0,0.7874999999999999,HIGH,recent demand momentum,inventory coverage,promotion context
2026-08-20,S07,P191,37.0,43.048,6.048000000000002,6.048000000000002,,,,0.7874999999999999,HIGH,recent demand momentum,inventory coverage,promotion context
2026-08-21,S07,P191,36.0,37.744,1.7439999999999998,1.7439999999999998,,,,0.7874999999999999,HIGH,recent demand momentum,inventory coverage,promotion context
2026-08-22,S07,P191,31.0,35.996,4.996000000000002,4.996000000000002,,,,0.7874999999999999,HIGH,recent demand momentum,inventory coverage,promotion context
2026-08-23,S07,P191,26.0,38.672,12.671999999999997,12.671999999999997,,,,0.7874999999999999,HIGH,recent demand momentum,inventory coverage,promotion context
2026-08-24,S07,P191,27.0,41.568,14.567999999999998,14.567999999999998,,,,0.7874999999999999,HIGH,recent demand momentum,inventory coverage,promotion context
2026-08-25,S07,P191,26.0,39.012,13.012,13.012,0.0,LOW,0.0,0.7874999999999999,HIGH,recent demand momentum,inventory coverage,promotion context
2026-08-20,S07,P192,41.0,33.344,-7.655999999999999,7.655999999999999,,,,0.7874999999999999,HIGH,recent demand momentum,inventory coverage,promotion context
2026-08-21,S07,P192,36.0,32.36,-3.6400000000000006,3.6400000000000006,,,,0.7874999999999999,HIGH,recent demand momentum,inventory coverage,promotion context
2026-08-22,S07,P192,33.0,32.324,-0.6760000000000019,0.6760000000000019,,,,0.7874999999999999,HIGH,recent demand momentum,inventory coverage,promotion context
2026-08-23,S07,P192,26.0,34.064,8.064,8.064,,,,0.7874999999999999,HIGH,recent demand momentum,inventory coverage,promotion context
2026-08-24,S07,P192,29.0,32.928,3.9279999999999973,3.9279999999999973,,,,0.7874999999999999,HIGH,recent demand momentum,inventory coverage,promotion context
2026-08-25,S07,P192,27.0,35.564,8.564,8.564,0.0,LOW,0.0,0.7874999999999999,HIGH,recent demand momentum,inventory coverage,promotion context
2026-08-20,S07,P193,83.0,57.44,-25.560000000000002,25.560000000000002,,,,0.7874999999999999,HIGH,recent demand momentum,inventory coverage,promotion context
2026-08-21,S07,P193,82.0,58.912,-23.088,23.088,,,,0.7874999999999999,HIGH,recent demand momentum,inventory coverage,promotion context
2026-08-22,S07,P193,85.0,60.92,-24.08,24.08,,,,0.7874999999999999,HIGH,recent demand momentum,inventory coverage,promotion context
2026-08-23,S07,P193,84.0,60.4,-23.6,23.6,,,,0.7874999999999999,HIGH,recent demand momentum,inventory coverage,promotion context
2026-08-24,S07,P193,79.0,54.336,-24.664,24.664,,,,0.7874999999999999,HIGH,recent demand momentum,inventory coverage,promotion context
2026-08-25,S07,P193,71.0,61.464,-9.536000000000001,9.536000000000001,0.0,LOW,0.0,0.7874999999999999,HIGH,recent demand momentum,inventory coverage,promotion context
2026-08-20,S07,P194,26.0,37.736,11.735999999999997,11.735999999999997,,,,0.7874999999999999,HIGH,recent demand momentum,inventory coverage,promotion context
2026-08-21,S07,P194,20.0,39.34,19.340000000000003,19.340000000000003,,,,0.7874999999999999,HIGH,recent demand momentum,inventory coverage,promotion context
2026-08-22,S07,P194,20.0,41.688,21.688000000000002,21.688000000000002,,,,0.7874999999999999,HIGH,recent demand momentum,inventory coverage,promotion context
2026-08-23,S07,P194,21.0,40.484,19.484,19.484,,,,0.7874999999999999,HIGH,recent demand momentum,inventory coverage,promotion context
2026-08-24,S07,P194,22.0,40.948,18.948,18.948,,,,0.7874999999999999,HIGH,recent demand momentum,inventory coverage,promotion context
2026-08-20,S07,P195,76.0,72.348,-3.652000000000001,3.652000000000001,,,,0.7874999999999999,HIGH,recent demand momentum,inventory coverage,promotion context
2026-08-21,S07,P195,68.0,71.64,3.6400000000000006,3.6400000000000006,,,,0.7874999999999999,HIGH,recent demand momentum,inventory coverage,promotion context
2026-08-22,S07,P195,69.0,72.668,3.6680000000000064,3.6680000000000064,,,,0.7874999999999999,HIGH,recent demand momentum,inventory coverage,promotion context
2026-08-23,S07,P195,70.0,65.832,-4.168000000000006,4.168000000000006,,,,0.7874999999999999,HIGH,recent demand momentum,inventory coverage,promotion context
2026-08-24,S07,P195,76.0,69.388,-6.611999999999995,6.611999999999995,,,,0.7874999999999999,HIGH,recent demand momentum,inventory coverage,promotion context
2026-08-25,S07,P195,67.0,68.516,1.5160000000000053,1.5160000000000053,0.0,LOW,0.0,0.7874999999999999,HIGH,recent demand momentum,inventory coverage,promotion context
2026-08-20,S07,P196,59.0,41.864,-17.136000000000003,17.136000000000003,,,,0.7874999999999999,HIGH,recent demand momentum,inventory coverage,promotion context
2026-08-21,S07,P196,49.0,40.812,-8.188000000000002,8.188000000000002,,,,0.7874999999999999,HIGH,recent demand momentum,inventory coverage,promotion context
2026-08-22,S07,P196,44.0,32.976,-11.024000000000001,11.024000000000001,,,,0.7874999999999999,HIGH,recent demand momentum,inventory coverage,promotion context
2026-08-23,S07,P196,44.0,37.172,-6.828000000000003,6.828000000000003,,,,0.7874999999999999,HIGH,recent demand momentum,inventory coverage,promotion context
2026-08-24,S07,P196,39.0,39.72,0.7199999999999989,0.7199999999999989,,,,0.7874999999999999,HIGH,recent demand momentum,inventory coverage,promotion context
2026-08-25,S07,P196,27.0,39.024,12.024000000000001,12.024000000000001,,,,0.7874999999999999,HIGH,recent demand momentum,inventory coverage,promotion context
2026-08-20,S07,P197,31.0,33.612,2.612000000000002,2.612000000000002,,,,0.7874999999999999,HIGH,recent demand momentum,inventory coverage,promotion context
2026-08-21,S07,P197,32.0,36.164,4.1640000000000015,4.1640000000000015,,,,0.7874999999999999,HIGH,recent demand momentum,inventory coverage,promotion context
2026-08-22,S07,P197,25.0,25.64,0.6400000000000006,0.6400000000000006,,,,0.7874999999999999,HIGH,recent demand momentum,inventory coverage,promotion context
2026-08-23,S07,P197,19.0,31.32,12.32,12.32,,,,0.7874999999999999,HIGH,recent demand momentum,inventory coverage,promotion context
2026-08-24,S07,P197,9.0,26.4,17.4,17.4,,,,0.7874999999999999,HIGH,recent demand momentum,inventory coverage,promotion context
2026-08-25,S07,P197,4.0,35.264,31.264000000000003,31.264000000000003,0.0,LOW,0.0,0.7874999999999999,HIGH,recent demand momentum,inventory coverage,promotion context
2026-08-20,S07,P198,53.0,35.332,-17.668,17.668,,,,0.7874999999999999,HIGH,recent demand momentum,inventory coverage,promotion context
2026-08-21,S07,P198,47.0,33.636,-13.363999999999997,13.363999999999997,,,,0.7874999999999999,HIGH,recent demand momentum,inventory coverage,promotion context
2026-08-22,S07,P198,44.0,33.652,-10.347999999999999,10.347999999999999,,,,0.7874999999999999,HIGH,recent demand momentum,inventory coverage,promotion context
2026-08-23,S07,P198,35.0,32.904,-2.0959999999999965,2.0959999999999965,,,,0.7874999999999999,HIGH,recent demand momentum,inventory coverage,promotion context
2026-08-24,S07,P198,36.0,33.98,-2.020000000000003,2.020000000000003,,,,0.7874999999999999,HIGH,recent demand momentum,inventory coverage,promotion context
2026-08-25,S07,P198,35.0,32.596,-2.4040000000000035,2.4040000000000035,,,,0.7874999999999999,HIGH,recent demand momentum,inventory coverage,promotion context
2026-08-20,S07,P199,137.0,142.176,5.175999999999988,5.175999999999988,,,,0.7874999999999999,HIGH,recent demand momentum,inventory coverage,promotion context
2026-08-21,S07,P199,119.0,138.656,19.656000000000006,19.656000000000006,,,,0.7874999999999999,HIGH,recent demand momentum,inventory coverage,promotion context
2026-08-22,S07,P199,116.0,139.544,23.54400000000001,23.54400000000001,,,,0.7874999999999999,HIGH,recent demand momentum,inventory coverage,promotion context
2026-08-23,S07,P199,124.0,138.572,14.572000000000003,14.572000000000003,,,,0.7874999999999999,HIGH,recent demand momentum,inventory coverage,promotion context
2026-08-24,S07,P199,123.0,146.496,23.49600000000001,23.49600000000001,,,,0.7874999999999999,HIGH,recent demand momentum,inventory coverage,promotion context
2026-08-25,S07,P199,103.0,139.576,36.57599999999999,36.57599999999999,0.0,LOW,0.0,0.7874999999999999,HIGH,recent demand momentum,inventory coverage,promotion context
2026-08-20,S07,P200,89.0,67.168,-21.831999999999994,21.831999999999994,,,,0.7874999999999999,HIGH,recent demand momentum,inventory coverage,promotion context
2026-08-21,S07,P200,100.0,72.724,-27.275999999999996,27.275999999999996,,,,0.7874999999999999,HIGH,recent demand momentum,inventory coverage,promotion context
2026-08-22,S07,P200,93.0,67.848,-25.152,25.152,,,,0.7874999999999999,HIGH,recent demand momentum,inventory coverage,promotion context
2026-08-23,S07,P200,94.0,67.088,-26.912000000000006,26.912000000000006,,,,0.7874999999999999,HIGH,recent demand momentum,inventory coverage,promotion context
2026-08-24,S07,P200,100.0,64.272,-35.727999999999994,35.727999999999994,,,,0.7874999999999999,HIGH,recent demand momentum,inventory coverage,promotion context
2026-08-25,S07,P200,89.0,63.112,-25.887999999999998,25.887999999999998,0.0,LOW,0.0,0.7874999999999999,HIGH,recent demand momentum,inventory coverage,promotion context
2026-08-20,S07,P201,159.0,135.276,-23.72399999999999,23.72399999999999,,,,0.7874999999999999,HIGH,recent demand momentum,inventory coverage,promotion context
2026-08-21,S07,P201,153.0,139.024,-13.975999999999999,13.975999999999999,,,,0.7874999999999999,HIGH,recent demand momentum,inventory coverage,promotion context
2026-08-22,S07,P201,147.0,139.284,-7.716000000000008,7.716000000000008,,,,0.7874999999999999,HIGH,recent demand momentum,inventory coverage,promotion context
2026-08-23,S07,P201,152.0,135.1,-16.900000000000006,16.900000000000006,,,,0.7874999999999999,HIGH,recent demand momentum,inventory coverage,promotion context
2026-08-24,S07,P201,145.0,141.58,-3.4199999999999875,3.4199999999999875,,,,0.7874999999999999,HIGH,recent demand momentum,inventory coverage,promotion context
2026-08-25,S07,P201,116.0,141.956,25.95599999999999,25.95599999999999,,,,0.7874999999999999,HIGH,recent demand momentum,inventory coverage,promotion context
2026-08-20,S07,P203,2.0,6.564,4.564,4.564,,,,0.7874999999999999,HIGH,recent demand momentum,inventory coverage,promotion context
2026-08-21,S07,P203,3.0,7.844,4.844,4.844,,,,0.7874999999999999,HIGH,recent demand momentum,inventory coverage,promotion context
2026-08-20,S07,P204,5.0,7.352,2.3520000000000003,2.3520000000000003,,,,0.7874999999999999,HIGH,recent demand momentum,inventory coverage,promotion context
2026-08-21,S07,P204,7.0,6.632,-0.3680000000000003,0.3680000000000003,,,,0.7874999999999999,HIGH,recent demand momentum,inventory coverage,promotion context
2026-08-24,S07,P204,5.0,8.204,3.2040000000000006,3.2040000000000006,,,,0.7874999999999999,HIGH,recent demand momentum,inventory coverage,promotion context
2026-08-20,S07,P205,5.0,16.868,11.867999999999999,11.867999999999999,,,,0.7874999999999999,HIGH,recent demand momentum,inventory coverage,promotion context
2026-08-22,S07,P205,5.0,15.532,10.532,10.532,,,,0.7874999999999999,HIGH,recent demand momentum,inventory coverage,promotion context
2026-08-25,S07,P205,6.0,16.78,10.780000000000001,10.780000000000001,,,,0.7874999999999999,HIGH,recent demand momentum,inventory coverage,promotion context
2026-08-20,S07,P206,17.0,7.788,-9.212,9.212,,,,0.7874999999999999,HIGH,recent demand momentum,inventory coverage,promotion context
2026-08-21,S07,P206,11.0,6.924,-4.076,4.076,,,,0.7874999999999999,HIGH,recent demand momentum,inventory coverage,promotion context
2026-08-22,S07,P206,5.0,8.856,3.856,3.856,,,,0.7874999999999999,HIGH,recent demand momentum,inventory coverage,promotion context
2026-08-25,S07,P206,0.0,8.224,8.224,8.224,0.0,LOW,0.0,0.7874999999999999,HIGH,recent demand momentum,inventory coverage,promotion context
2026-08-21,S07,P207,6.0,4.676,-1.3239999999999998,1.3239999999999998,,,,0.7874999999999999,HIGH,recent demand momentum,inventory coverage,promotion context
2026-08-23,S07,P207,3.0,4.872,1.8719999999999999,1.8719999999999999,,,,0.7874999999999999,HIGH,recent demand momentum,inventory coverage,promotion context
2026-08-25,S07,P207,1.0,6.832,5.832,5.832,0.0,LOW,0.0,0.7874999999999999,HIGH,recent demand momentum,inventory coverage,promotion context
2026-08-20,S07,P208,8.0,15.396,7.396000000000001,7.396000000000001,,,,0.7874999999999999,HIGH,recent demand momentum,inventory coverage,promotion context
2026-08-23,S07,P208,11.0,16.188,5.187999999999999,5.187999999999999,,,,0.7874999999999999,HIGH,recent demand momentum,inventory coverage,promotion context
2026-08-24,S07,P208,6.0,15.44,9.44,9.44,,,,0.7874999999999999,HIGH,recent demand momentum,inventory coverage,promotion context
2026-08-23,S07,P209,11.0,13.492,2.492000000000001,2.492000000000001,,,,0.7874999999999999,HIGH,recent demand momentum,inventory coverage,promotion context
2026-08-24,S07,P209,12.0,12.276,0.2759999999999998,0.2759999999999998,,,,0.7874999999999999,HIGH,recent demand momentum,inventory coverage,promotion context
2026-08-25,S07,P209,11.0,12.664,1.6639999999999997,1.6639999999999997,0.0,LOW,0.0,0.7874999999999999,HIGH,recent demand momentum,inventory coverage,promotion context
2026-08-20,S07,P210,4.0,9.608,5.6080000000000005,5.6080000000000005,,,,0.7874999999999999,HIGH,recent demand momentum,inventory coverage,promotion context
2026-08-23,S07,P210,4.0,8.476,4.476000000000001,4.476000000000001,,,,0.7874999999999999,HIGH,recent demand momentum,inventory coverage,promotion context
2026-08-20,S07,P211,47.0,51.712,4.712000000000003,4.712000000000003,,,,0.7874999999999999,HIGH,recent demand momentum,inventory coverage,promotion context
2026-08-21,S07,P211,39.0,50.708,11.707999999999998,11.707999999999998,,,,0.7874999999999999,HIGH,recent demand momentum,inventory coverage,promotion context
2026-08-22,S07,P211,47.0,52.268,5.268000000000001,5.268000000000001,,,,0.7874999999999999,HIGH,recent demand momentum,inventory coverage,promotion context
2026-08-23,S07,P211,52.0,52.92,0.9200000000000017,0.9200000000000017,,,,0.7874999999999999,HIGH,recent demand momentum,inventory coverage,promotion context
2026-08-24,S07,P211,57.0,54.448,-2.5519999999999996,2.5519999999999996,,,,0.7874999999999999,HIGH,recent demand momentum,inventory coverage,promotion context
2026-08-25,S07,P211,43.0,52.388,9.387999999999998,9.387999999999998,,,,0.7874999999999999,HIGH,recent demand momentum,inventory coverage,promotion context
2026-08-20,S07,P212,56.0,71.772,15.772000000000006,15.772000000000006,,,,0.7874999999999999,HIGH,recent demand momentum,inventory coverage,promotion context
2026-08-21,S07,P212,48.0,68.38,20.379999999999995,20.379999999999995,,,,0.7874999999999999,HIGH,recent demand momentum,inventory coverage,promotion context
2026-08-23,S07,P212,66.0,72.472,6.471999999999994,6.471999999999994,,,,0.7874999999999999,HIGH,recent demand momentum,inventory coverage,promotion context
2026-08-24,S07,P212,67.0,68.964,1.9639999999999986,1.9639999999999986,,,,0.7874999999999999,HIGH,recent demand momentum,inventory coverage,promotion context
2026-08-25,S07,P212,53.0,73.492,20.492000000000004,20.492000000000004,0.0,LOW,0.0,0.7874999999999999,HIGH,recent demand momentum,inventory coverage,promotion context
2026-08-20,S07,P213,82.0,68.328,-13.671999999999997,13.671999999999997,,,,0.7874999999999999,HIGH,recent demand momentum,inventory coverage,promotion context
2026-08-21,S07,P213,83.0,76.72,-6.280000000000001,6.280000000000001,,,,0.7874999999999999,HIGH,recent demand momentum,inventory coverage,promotion context
2026-08-22,S07,P213,85.0,74.88,-10.120000000000005,10.120000000000005,,,,0.7874999999999999,HIGH,recent demand momentum,inventory coverage,promotion context
2026-08-23,S07,P213,87.0,72.604,-14.396,14.396,,,,0.7874999999999999,HIGH,recent demand momentum,inventory coverage,promotion context
2026-08-24,S07,P213,96.0,71.136,-24.864000000000004,24.864000000000004,,,,0.7874999999999999,HIGH,recent demand momentum,inventory coverage,promotion context
2026-08-25,S07,P213,82.0,73.944,-8.055999999999997,8.055999999999997,,,,0.7874999999999999,HIGH,recent demand momentum,inventory coverage,promotion context
2026-08-21,S07,P214,17.0,13.404,-3.596,3.596,,,,0.7874999999999999,HIGH,recent demand momentum,inventory coverage,promotion context
2026-08-23,S07,P214,17.0,12.54,-4.460000000000001,4.460000000000001,,,,0.7874999999999999,HIGH,recent demand momentum,inventory coverage,promotion context
2026-08-24,S07,P214,17.0,13.192,-3.808,3.808,,,,0.7874999999999999,HIGH,recent demand momentum,inventory coverage,promotion context
2026-08-25,S07,P214,15.0,12.112,-2.888,2.888,,,,0.7874999999999999,HIGH,recent demand momentum,inventory coverage,promotion context
2026-08-20,S07,P215,43.0,43.528,0.5279999999999987,0.5279999999999987,,,,0.7874999999999999,HIGH,recent demand momentum,inventory coverage,promotion context
2026-08-21,S07,P215,40.0,46.044,6.043999999999997,6.043999999999997,,,,0.7874999999999999,HIGH,recent demand momentum,inventory coverage,promotion context
2026-08-22,S07,P215,42.0,42.012,0.012000000000000455,0.012000000000000455,,,,0.7874999999999999,HIGH,recent demand momentum,inventory coverage,promotion context
2026-08-23,S07,P215,46.0,43.988,-2.0120000000000005,2.0120000000000005,,,,0.7874999999999999,HIGH,recent demand momentum,inventory coverage,promotion context
2026-08-24,S07,P215,55.0,45.984,-9.015999999999998,9.015999999999998,,,,0.7874999999999999,HIGH,recent demand momentum,inventory coverage,promotion context
2026-08-25,S07,P215,50.0,46.172,-3.828000000000003,3.828000000000003,,,,0.7874999999999999,HIGH,recent demand momentum,inventory coverage,promotion context
2026-08-20,S07,P216,41.0,22.616,-18.384,18.384,,,,0.7874999999999999,HIGH,recent demand momentum,inventory coverage,promotion context
2026-08-21,S07,P216,41.0,24.216,-16.784,16.784,,,,0.7874999999999999,HIGH,recent demand momentum,inventory coverage,promotion context
2026-08-22,S07,P216,35.0,23.72,-11.280000000000001,11.280000000000001,,,,0.7874999999999999,HIGH,recent demand momentum,inventory coverage,promotion context
2026-08-23,S07,P216,31.0,24.024,-6.975999999999999,6.975999999999999,,,,0.7874999999999999,HIGH,recent demand momentum,inventory coverage,promotion context
2026-08-24,S07,P216,28.0,25.292,-2.7079999999999984,2.7079999999999984,,,,0.7874999999999999,HIGH,recent demand momentum,inventory coverage,promotion context
2026-08-25,S07,P216,21.0,25.212,4.212,4.212,0.0,LOW,0.0,0.7874999999999999,HIGH,recent demand momentum,inventory coverage,promotion context
2026-08-20,S07,P217,21.0,17.396,-3.603999999999999,3.603999999999999,,,,0.7874999999999999,HIGH,recent demand momentum,inventory coverage,promotion context
2026-08-21,S07,P217,29.0,21.992,-7.007999999999999,7.007999999999999,,,,0.7874999999999999,HIGH,recent demand momentum,inventory coverage,promotion context
2026-08-23,S07,P217,29.0,17.328,-11.672,11.672,,,,0.7874999999999999,HIGH,recent demand momentum,inventory coverage,promotion context
2026-08-24,S07,P217,27.0,16.272,-10.728000000000002,10.728000000000002,,,,0.7874999999999999,HIGH,recent demand momentum,inventory coverage,promotion context
2026-08-25,S07,P217,26.0,19.536,-6.463999999999999,6.463999999999999,,,,0.7874999999999999,HIGH,recent demand momentum,inventory coverage,promotion context
2026-08-20,S07,P218,37.0,34.616,-2.3840000000000003,2.3840000000000003,,,,0.7874999999999999,HIGH,recent demand momentum,inventory coverage,promotion context
2026-08-21,S07,P218,42.0,35.848,-6.152000000000001,6.152000000000001,,,,0.7874999999999999,HIGH,recent demand momentum,inventory coverage,promotion context
2026-08-22,S07,P218,44.0,34.716,-9.283999999999999,9.283999999999999,,,,0.7874999999999999,HIGH,recent demand momentum,inventory coverage,promotion context
2026-08-23,S07,P218,43.0,35.936,-7.064,7.064,,,,0.7874999999999999,HIGH,recent demand momentum,inventory coverage,promotion context
2026-08-25,S07,P218,38.0,39.132,1.131999999999998,1.131999999999998,0.0,LOW,0.0,0.7874999999999999,HIGH,recent demand momentum,inventory coverage,promotion context
2026-08-22,S07,P219,7.0,30.844,23.844,23.844,,,,0.7874999999999999,HIGH,recent demand momentum,inventory coverage,promotion context
2026-08-23,S07,P219,7.0,17.34,10.34,10.34,,,,0.7874999999999999,HIGH,recent demand momentum,inventory coverage,promotion context
2026-08-24,S07,P220,11.0,7.584,-3.4160000000000004,3.4160000000000004,,,,0.7874999999999999,HIGH,recent demand momentum,inventory coverage,promotion context
2026-08-25,S07,P220,5.0,7.468,2.468,2.468,0.0,LOW,0.0,0.7874999999999999,HIGH,recent demand momentum,inventory coverage,promotion context
2026-08-20,S08,P101,98.0,108.2,10.200000000000003,10.200000000000003,,,,0.7874999999999999,HIGH,recent demand momentum,inventory coverage,promotion context
2026-08-21,S08,P101,112.0,104.912,-7.087999999999994,7.087999999999994,,,,0.7874999999999999,HIGH,recent demand momentum,inventory coverage,promotion context
2026-08-22,S08,P101,111.0,83.62,-27.379999999999995,27.379999999999995,,,,0.7874999999999999,HIGH,recent demand momentum,inventory coverage,promotion context
2026-08-23,S08,P101,101.0,89.324,-11.676000000000002,11.676000000000002,,,,0.7874999999999999,HIGH,recent demand momentum,inventory coverage,promotion context
2026-08-24,S08,P101,103.0,85.24,-17.760000000000005,17.760000000000005,,,,0.7874999999999999,HIGH,recent demand momentum,inventory coverage,promotion context
2026-08-25,S08,P101,93.0,89.124,-3.8760000000000048,3.8760000000000048,0.0,LOW,0.0,0.7874999999999999,HIGH,recent demand momentum,inventory coverage,promotion context
2026-08-20,S08,P102,7.0,6.548,-0.45199999999999996,0.45199999999999996,,,,0.7874999999999999,HIGH,recent demand momentum,inventory coverage,promotion context
2026-08-21,S08,P102,6.0,6.484,0.484,0.484,,,,0.7874999999999999,HIGH,recent demand momentum,inventory coverage,promotion context
2026-08-22,S08,P102,4.0,7.912,3.912,3.912,,,,0.7874999999999999,HIGH,recent demand momentum,inventory coverage,promotion context
2026-08-23,S08,P102,2.0,9.416,7.416,7.416,,,,0.7874999999999999,HIGH,recent demand momentum,inventory coverage,promotion context
2026-08-25,S08,P102,0.0,9.396,9.396,9.396,0.0,LOW,0.0,0.7874999999999999,HIGH,recent demand momentum,inventory coverage,promotion context
2026-08-20,S08,P103,181.0,183.404,2.4039999999999964,2.4039999999999964,,,,0.7874999999999999,HIGH,recent demand momentum,inventory coverage,promotion context
2026-08-21,S08,P103,195.0,185.336,-9.663999999999987,9.663999999999987,,,,0.7874999999999999,HIGH,recent demand momentum,inventory coverage,promotion context
2026-08-22,S08,P103,178.0,186.78,8.780000000000001,8.780000000000001,,,,0.7874999999999999,HIGH,recent demand momentum,inventory coverage,promotion context
2026-08-23,S08,P103,195.0,188.12,-6.8799999999999955,6.8799999999999955,,,,0.7874999999999999,HIGH,recent demand momentum,inventory coverage,promotion context
2026-08-24,S08,P103,210.0,172.188,-37.81200000000001,37.81200000000001,,,,0.7874999999999999,HIGH,recent demand momentum,inventory coverage,promotion context
2026-08-25,S08,P103,162.0,168.196,6.195999999999998,6.195999999999998,0.0,LOW,0.0,0.7874999999999999,HIGH,recent demand momentum,inventory coverage,promotion context
2026-08-20,S08,P104,28.0,24.988,-3.0120000000000005,3.0120000000000005,,,,0.7874999999999999,HIGH,recent demand momentum,inventory coverage,promotion context
2026-08-21,S08,P104,25.0,22.804,-2.1960000000000015,2.1960000000000015,,,,0.7874999999999999,HIGH,recent demand momentum,inventory coverage,promotion context
2026-08-22,S08,P104,19.0,30.216,11.216000000000001,11.216000000000001,,,,0.7874999999999999,HIGH,recent demand momentum,inventory coverage,promotion context
2026-08-24,S08,P104,18.0,35.48,17.479999999999997,17.479999999999997,,,,0.7874999999999999,HIGH,recent demand momentum,inventory coverage,promotion context
2026-08-25,S08,P104,15.0,23.388,8.388000000000002,8.388000000000002,,,,0.7874999999999999,HIGH,recent demand momentum,inventory coverage,promotion context
2026-08-20,S08,P105,17.0,12.828,-4.172000000000001,4.172000000000001,,,,0.7874999999999999,HIGH,recent demand momentum,inventory coverage,promotion context
2026-08-21,S08,P105,18.0,11.248,-6.752000000000001,6.752000000000001,,,,0.7874999999999999,HIGH,recent demand momentum,inventory coverage,promotion context
2026-08-22,S08,P105,16.0,13.24,-2.76,2.76,,,,0.7874999999999999,HIGH,recent demand momentum,inventory coverage,promotion context
2026-08-24,S08,P105,16.0,12.824,-3.176,3.176,,,,0.7874999999999999,HIGH,recent demand momentum,inventory coverage,promotion context
2026-08-25,S08,P105,14.0,12.308,-1.6920000000000002,1.6920000000000002,0.0,LOW,0.0,0.7874999999999999,HIGH,recent demand momentum,inventory coverage,promotion context
2026-08-21,S08,P106,5.0,6.416,1.4160000000000004,1.4160000000000004,,,,0.7874999999999999,HIGH,recent demand momentum,inventory coverage,promotion context
2026-08-23,S08,P106,6.0,9.568,3.5679999999999996,3.5679999999999996,,,,0.7874999999999999,HIGH,recent demand momentum,inventory coverage,promotion context
2026-08-24,S08,P106,5.0,7.608,2.6079999999999997,2.6079999999999997,,,,0.7874999999999999,HIGH,recent demand momentum,inventory coverage,promotion context
2026-08-25,S08,P106,2.0,9.936,7.936,7.936,0.0,LOW,0.0,0.7874999999999999,HIGH,recent demand momentum,inventory coverage,promotion context
2026-08-21,S08,P107,1.0,5.72,4.72,4.72,,,,0.7874999999999999,HIGH,recent demand momentum,inventory coverage,promotion context
2026-08-20,S08,P108,8.0,11.788,3.7880000000000003,3.7880000000000003,,,,0.7874999999999999,HIGH,recent demand momentum,inventory coverage,promotion context
2026-08-22,S08,P108,6.0,16.952,10.952000000000002,10.952000000000002,,,,0.7874999999999999,HIGH,recent demand momentum,inventory coverage,promotion context
2026-08-23,S08,P108,1.0,10.348,9.348,9.348,,,,0.7874999999999999,HIGH,recent demand momentum,inventory coverage,promotion context
2026-08-20,S08,P109,26.0,36.776,10.776000000000003,10.776000000000003,,,,0.7874999999999999,HIGH,recent demand momentum,inventory coverage,promotion context
2026-08-21,S08,P109,27.0,36.828,9.828000000000003,9.828000000000003,,,,0.7874999999999999,HIGH,recent demand momentum,inventory coverage,promotion context
2026-08-22,S08,P109,29.0,36.852,7.851999999999997,7.851999999999997,,,,0.7874999999999999,HIGH,recent demand momentum,inventory coverage,promotion context
2026-08-23,S08,P109,33.0,36.408,3.4080000000000013,3.4080000000000013,,,,0.7874999999999999,HIGH,recent demand momentum,inventory coverage,promotion context
2026-08-24,S08,P109,29.0,36.752,7.7520000000000024,7.7520000000000024,,,,0.7874999999999999,HIGH,recent demand momentum,inventory coverage,promotion context
2026-08-25,S08,P109,25.0,37.172,12.171999999999997,12.171999999999997,0.0,LOW,0.0,0.7874999999999999,HIGH,recent demand momentum,inventory coverage,promotion context
2026-08-20,S08,P110,847.0,805.456,-41.54399999999998,41.54399999999998,,,,0.7874999999999999,HIGH,recent demand momentum,inventory coverage,promotion context
2026-08-21,S08,P110,825.0,808.748,-16.251999999999953,16.251999999999953,,,,0.7874999999999999,HIGH,recent demand momentum,inventory coverage,promotion context
2026-08-22,S08,P110,792.0,796.392,4.392000000000053,4.392000000000053,,,,0.7874999999999999,HIGH,recent demand momentum,inventory coverage,promotion context
2026-08-23,S08,P110,788.0,801.904,13.903999999999996,13.903999999999996,,,,0.7874999999999999,HIGH,recent demand momentum,inventory coverage,promotion context
2026-08-24,S08,P110,826.0,812.656,-13.344000000000051,13.344000000000051,,,,0.7874999999999999,HIGH,recent demand momentum,inventory coverage,promotion context
2026-08-25,S08,P110,704.0,807.848,103.84799999999996,103.84799999999996,0.0,LOW,0.0,0.7874999999999999,HIGH,recent demand momentum,inventory coverage,promotion context
2026-08-20,S08,P111,62.0,53.676,-8.323999999999998,8.323999999999998,,,,0.7874999999999999,HIGH,recent demand momentum,inventory coverage,promotion context
2026-08-21,S08,P111,67.0,46.724,-20.276000000000003,20.276000000000003,,,,0.7874999999999999,HIGH,recent demand momentum,inventory coverage,promotion context
2026-08-22,S08,P111,68.0,49.24,-18.759999999999998,18.759999999999998,,,,0.7874999999999999,HIGH,recent demand momentum,inventory coverage,promotion context
2026-08-23,S08,P111,62.0,49.856,-12.143999999999998,12.143999999999998,,,,0.7874999999999999,HIGH,recent demand momentum,inventory coverage,promotion context
2026-08-24,S08,P111,64.0,48.384,-15.616,15.616,,,,0.7874999999999999,HIGH,recent demand momentum,inventory coverage,promotion context
2026-08-25,S08,P111,46.0,49.124,3.1240000000000023,3.1240000000000023,0.0,LOW,0.0,0.7874999999999999,HIGH,recent demand momentum,inventory coverage,promotion context
2026-08-20,S08,P112,12.0,9.976,-2.023999999999999,2.023999999999999,,,,0.7874999999999999,HIGH,recent demand momentum,inventory coverage,promotion context
2026-08-21,S08,P112,12.0,10.5,-1.5,1.5,,,,0.7874999999999999,HIGH,recent demand momentum,inventory coverage,promotion context
2026-08-22,S08,P112,16.0,10.088,-5.912000000000001,5.912000000000001,,,,0.7874999999999999,HIGH,recent demand momentum,inventory coverage,promotion context
2026-08-23,S08,P112,15.0,10.172,-4.827999999999999,4.827999999999999,,,,0.7874999999999999,HIGH,recent demand momentum,inventory coverage,promotion context
2026-08-24,S08,P112,19.0,12.564,-6.436,6.436,,,,0.7874999999999999,HIGH,recent demand momentum,inventory coverage,promotion context
2026-08-25,S08,P112,18.0,12.072,-5.928000000000001,5.928000000000001,0.0,LOW,0.0,0.7874999999999999,HIGH,recent demand momentum,inventory coverage,promotion context
2026-08-20,S08,P113,22.0,23.456,1.4559999999999995,1.4559999999999995,,,,0.7874999999999999,HIGH,recent demand momentum,inventory coverage,promotion context
2026-08-21,S08,P113,25.0,20.02,-4.98,4.98,,,,0.7874999999999999,HIGH,recent demand momentum,inventory coverage,promotion context
2026-08-22,S08,P113,21.0,23.6,2.6000000000000014,2.6000000000000014,,,,0.7874999999999999,HIGH,recent demand momentum,inventory coverage,promotion context
2026-08-23,S08,P113,20.0,23.592,3.5919999999999987,3.5919999999999987,,,,0.7874999999999999,HIGH,recent demand momentum,inventory coverage,promotion context
2026-08-24,S08,P113,15.0,25.012,10.012,10.012,,,,0.7874999999999999,HIGH,recent demand momentum,inventory coverage,promotion context
2026-08-20,S08,P114,29.0,29.044,0.04400000000000048,0.04400000000000048,,,,0.7874999999999999,HIGH,recent demand momentum,inventory coverage,promotion context
2026-08-21,S08,P114,27.0,26.86,-0.14000000000000057,0.14000000000000057,,,,0.7874999999999999,HIGH,recent demand momentum,inventory coverage,promotion context
2026-08-22,S08,P114,23.0,29.892,6.8919999999999995,6.8919999999999995,,,,0.7874999999999999,HIGH,recent demand momentum,inventory coverage,promotion context
2026-08-23,S08,P114,33.0,31.768,-1.2319999999999993,1.2319999999999993,,,,0.7874999999999999,HIGH,recent demand momentum,inventory coverage,promotion context
2026-08-24,S08,P114,31.0,25.08,-5.920000000000002,5.920000000000002,,,,0.7874999999999999,HIGH,recent demand momentum,inventory coverage,promotion context
2026-08-25,S08,P114,25.0,25.28,0.28000000000000114,0.28000000000000114,0.0,LOW,0.0,0.7874999999999999,HIGH,recent demand momentum,inventory coverage,promotion context
2026-08-20,S08,P115,6.0,8.548,2.548,2.548,,,,0.7874999999999999,HIGH,recent demand momentum,inventory coverage,promotion context
2026-08-22,S08,P115,6.0,9.008,3.007999999999999,3.007999999999999,,,,0.7874999999999999,HIGH,recent demand momentum,inventory coverage,promotion context
2026-08-23,S08,P115,5.0,11.104,6.103999999999999,6.103999999999999,,,,0.7874999999999999,HIGH,recent demand momentum,inventory coverage,promotion context
2026-08-25,S08,P115,1.0,9.66,8.66,8.66,0.0,LOW,0.0,0.7874999999999999,HIGH,recent demand momentum,inventory coverage,promotion context
2026-08-20,S08,P116,23.0,29.528,6.527999999999999,6.527999999999999,,,,0.7874999999999999,HIGH,recent demand momentum,inventory coverage,promotion context
2026-08-21,S08,P116,23.0,32.84,9.840000000000003,9.840000000000003,,,,0.7874999999999999,HIGH,recent demand momentum,inventory coverage,promotion context
2026-08-22,S08,P116,21.0,33.612,12.612000000000002,12.612000000000002,,,,0.7874999999999999,HIGH,recent demand momentum,inventory coverage,promotion context
2026-08-24,S08,P116,26.0,33.952,7.951999999999998,7.951999999999998,,,,0.7874999999999999,HIGH,recent demand momentum,inventory coverage,promotion context
2026-08-25,S08,P116,23.0,32.976,9.975999999999999,9.975999999999999,,,,0.7874999999999999,HIGH,recent demand momentum,inventory coverage,promotion context
2026-08-20,S08,P117,23.0,19.252,-3.748000000000001,3.748000000000001,,,,0.7874999999999999,HIGH,recent demand momentum,inventory coverage,promotion context
2026-08-21,S08,P117,29.0,18.984,-10.015999999999998,10.015999999999998,,,,0.7874999999999999,HIGH,recent demand momentum,inventory coverage,promotion context
2026-08-23,S08,P117,35.0,20.516,-14.484000000000002,14.484000000000002,,,,0.7874999999999999,HIGH,recent demand momentum,inventory coverage,promotion context
2026-08-24,S08,P117,32.0,17.048,-14.952000000000002,14.952000000000002,,,,0.7874999999999999,HIGH,recent demand momentum,inventory coverage,promotion context
2026-08-25,S08,P117,31.0,18.628,-12.372,12.372,,,,0.7874999999999999,HIGH,recent demand momentum,inventory coverage,promotion context
2026-08-20,S08,P118,17.0,18.436,1.436,1.436,,,,0.7874999999999999,HIGH,recent demand momentum,inventory coverage,promotion context
2026-08-22,S08,P118,23.0,19.744,-3.2560000000000002,3.2560000000000002,,,,0.7874999999999999,HIGH,recent demand momentum,inventory coverage,promotion context
2026-08-23,S08,P118,20.0,19.664,-0.3359999999999985,0.3359999999999985,,,,0.7874999999999999,HIGH,recent demand momentum,inventory coverage,promotion context
2026-08-24,S08,P118,19.0,18.616,-0.38400000000000034,0.38400000000000034,,,,0.7874999999999999,HIGH,recent demand momentum,inventory coverage,promotion context
2026-08-25,S08,P118,11.0,19.384,8.384,8.384,,,,0.7874999999999999,HIGH,recent demand momentum,inventory coverage,promotion context
2026-08-20,S08,P119,20.0,17.512,-2.4879999999999995,2.4879999999999995,,,,0.7874999999999999,HIGH,recent demand momentum,inventory coverage,promotion context
2026-08-21,S08,P119,25.0,18.548,-6.452000000000002,6.452000000000002,,,,0.7874999999999999,HIGH,recent demand momentum,inventory coverage,promotion context
2026-08-22,S08,P119,21.0,17.448,-3.5519999999999996,3.5519999999999996,,,,0.7874999999999999,HIGH,recent demand momentum,inventory coverage,promotion context
2026-08-23,S08,P119,28.0,17.424,-10.576,10.576,,,,0.7874999999999999,HIGH,recent demand momentum,inventory coverage,promotion context
2026-08-24,S08,P119,26.0,20.352,-5.648,5.648,,,,0.7874999999999999,HIGH,recent demand momentum,inventory coverage,promotion context
2026-08-25,S08,P119,18.0,18.824,0.8240000000000016,0.8240000000000016,,,,0.7874999999999999,HIGH,recent demand momentum,inventory coverage,promotion context
2026-08-20,S08,P120,14.0,15.56,1.5600000000000005,1.5600000000000005,,,,0.7874999999999999,HIGH,recent demand momentum,inventory coverage,promotion context
2026-08-25,S08,P120,9.0,21.44,12.440000000000001,12.440000000000001,,,,0.7874999999999999,HIGH,recent demand momentum,inventory coverage,promotion context
2026-08-20,S08,P121,16.0,14.568,-1.4320000000000004,1.4320000000000004,,,,0.7874999999999999,HIGH,recent demand momentum,inventory coverage,promotion context
2026-08-21,S08,P121,15.0,13.856,-1.1440000000000001,1.1440000000000001,,,,0.7874999999999999,HIGH,recent demand momentum,inventory coverage,promotion context
2026-08-22,S08,P121,15.0,12.304,-2.6959999999999997,2.6959999999999997,,,,0.7874999999999999,HIGH,recent demand momentum,inventory coverage,promotion context
2026-08-25,S08,P121,15.0,13.836,-1.1639999999999997,1.1639999999999997,0.0,LOW,0.0,0.7874999999999999,HIGH,recent demand momentum,inventory coverage,promotion context
2026-08-21,S08,P122,72.0,24.116,-47.884,47.884,,,,0.7874999999999999,HIGH,recent demand momentum,inventory coverage,promotion context
2026-08-22,S08,P122,80.0,25.348,-54.652,54.652,,,,0.7874999999999999,HIGH,recent demand momentum,inventory coverage,promotion context
2026-08-23,S08,P122,75.0,24.324,-50.676,50.676,,,,0.7874999999999999,HIGH,recent demand momentum,inventory coverage,promotion context
2026-08-24,S08,P122,69.0,32.704,-36.296,36.296,,,,0.7874999999999999,HIGH,recent demand momentum,inventory coverage,promotion context
2026-08-25,S08,P122,60.0,29.488,-30.512,30.512,,,,0.7874999999999999,HIGH,recent demand momentum,inventory coverage,promotion context
2026-08-20,S08,P123,69.0,169.332,100.332,100.332,,,,0.7874999999999999,HIGH,recent demand momentum,inventory coverage,promotion context
2026-08-21,S08,P123,74.0,166.936,92.936,92.936,,,,0.7874999999999999,HIGH,recent demand momentum,inventory coverage,promotion context
2026-08-22,S08,P123,80.0,115.744,35.744,35.744,,,,0.7874999999999999,HIGH,recent demand momentum,inventory coverage,promotion context
2026-08-23,S08,P123,88.0,166.868,78.868,78.868,,,,0.7874999999999999,HIGH,recent demand momentum,inventory coverage,promotion context
2026-08-24,S08,P123,100.0,116.052,16.052000000000007,16.052000000000007,,,,0.7874999999999999,HIGH,recent demand momentum,inventory coverage,promotion context
2026-08-25,S08,P123,89.0,115.792,26.792,26.792,0.0,LOW,0.0,0.7874999999999999,HIGH,recent demand momentum,inventory coverage,promotion context
2026-08-20,S08,P124,40.0,66.38,26.379999999999995,26.379999999999995,,,,0.7874999999999999,HIGH,recent demand momentum,inventory coverage,promotion context
2026-08-21,S08,P124,45.0,64.572,19.572000000000003,19.572000000000003,,,,0.7874999999999999,HIGH,recent demand momentum,inventory coverage,promotion context
2026-08-22,S08,P124,51.0,65.14,14.14,14.14,,,,0.7874999999999999,HIGH,recent demand momentum,inventory coverage,promotion context
2026-08-23,S08,P124,50.0,63.64,13.64,13.64,,,,0.7874999999999999,HIGH,recent demand momentum,inventory coverage,promotion context
2026-08-24,S08,P124,63.0,63.232,0.23199999999999932,0.23199999999999932,,,,0.7874999999999999,HIGH,recent demand momentum,inventory coverage,promotion context
2026-08-25,S08,P124,54.0,65.732,11.732,11.732,0.0,LOW,0.0,0.7874999999999999,HIGH,recent demand momentum,inventory coverage,promotion context
2026-08-23,S08,P125,28.0,16.32,-11.68,11.68,,,,0.7874999999999999,HIGH,recent demand momentum,inventory coverage,promotion context
2026-08-25,S08,P125,28.0,15.968,-12.032,12.032,0.0,LOW,0.0,0.7874999999999999,HIGH,recent demand momentum,inventory coverage,promotion context
2026-08-20,S08,P126,83.0,73.716,-9.284000000000006,9.284000000000006,,,,0.7874999999999999,HIGH,recent demand momentum,inventory coverage,promotion context
2026-08-21,S08,P126,83.0,80.928,-2.0720000000000027,2.0720000000000027,,,,0.7874999999999999,HIGH,recent demand momentum,inventory coverage,promotion context
2026-08-22,S08,P126,89.0,79.476,-9.524000000000001,9.524000000000001,,,,0.7874999999999999,HIGH,recent demand momentum,inventory coverage,promotion context
2026-08-23,S08,P126,103.0,72.42,-30.58,30.58,,,,0.7874999999999999,HIGH,recent demand momentum,inventory coverage,promotion context
2026-08-24,S08,P126,84.0,68.292,-15.707999999999998,15.707999999999998,,,,0.7874999999999999,HIGH,recent demand momentum,inventory coverage,promotion context
2026-08-25,S08,P126,73.0,75.516,2.5160000000000053,2.5160000000000053,0.0,LOW,0.0,0.7874999999999999,HIGH,recent demand momentum,inventory coverage,promotion context
2026-08-20,S08,P127,130.0,172.836,42.83600000000001,42.83600000000001,,,,0.7874999999999999,HIGH,recent demand momentum,inventory coverage,promotion context
2026-08-21,S08,P127,133.0,177.264,44.26400000000001,44.26400000000001,,,,0.7874999999999999,HIGH,recent demand momentum,inventory coverage,promotion context
2026-08-22,S08,P127,136.0,180.072,44.072,44.072,,,,0.7874999999999999,HIGH,recent demand momentum,inventory coverage,promotion context
2026-08-23,S08,P127,140.0,178.324,38.32400000000001,38.32400000000001,,,,0.7874999999999999,HIGH,recent demand momentum,inventory coverage,promotion context
2026-08-24,S08,P127,169.0,170.068,1.068000000000012,1.068000000000012,,,,0.7874999999999999,HIGH,recent demand momentum,inventory coverage,promotion context
2026-08-25,S08,P127,137.0,176.44,39.44,39.44,0.0,LOW,0.0,0.7874999999999999,HIGH,recent demand momentum,inventory coverage,promotion context
2026-08-20,S08,P128,16.0,25.236,9.236,9.236,,,,0.7874999999999999,HIGH,recent demand momentum,inventory coverage,promotion context
2026-08-21,S08,P128,18.0,28.216,10.216000000000001,10.216000000000001,,,,0.7874999999999999,HIGH,recent demand momentum,inventory coverage,promotion context
2026-08-22,S08,P128,13.0,25.588,12.588000000000001,12.588000000000001,,,,0.7874999999999999,HIGH,recent demand momentum,inventory coverage,promotion context
2026-08-23,S08,P128,15.0,27.248,12.248000000000001,12.248000000000001,,,,0.7874999999999999,HIGH,recent demand momentum,inventory coverage,promotion context
2026-08-25,S08,P128,26.0,26.132,0.13200000000000145,0.13200000000000145,0.0,LOW,0.0,0.7874999999999999,HIGH,recent demand momentum,inventory coverage,promotion context
2026-08-20,S08,P129,138.0,112.796,-25.203999999999994,25.203999999999994,,,,0.7874999999999999,HIGH,recent demand momentum,inventory coverage,promotion context
2026-08-21,S08,P129,135.0,113.332,-21.668000000000006,21.668000000000006,,,,0.7874999999999999,HIGH,recent demand momentum,inventory coverage,promotion context
2026-08-22,S08,P129,148.0,111.984,-36.016000000000005,36.016000000000005,,,,0.7874999999999999,HIGH,recent demand momentum,inventory coverage,promotion context
2026-08-23,S08,P129,140.0,105.688,-34.312,34.312,,,,0.7874999999999999,HIGH,recent demand momentum,inventory coverage,promotion context
2026-08-24,S08,P129,120.0,106.748,-13.251999999999995,13.251999999999995,,,,0.7874999999999999,HIGH,recent demand momentum,inventory coverage,promotion context
2026-08-25,S08,P129,95.0,109.564,14.563999999999993,14.563999999999993,0.0,LOW,0.0,0.7874999999999999,HIGH,recent demand momentum,inventory coverage,promotion context
2026-08-20,S08,P130,189.0,201.516,12.515999999999991,12.515999999999991,,,,0.7874999999999999,HIGH,recent demand momentum,inventory coverage,promotion context
2026-08-21,S08,P130,186.0,264.424,78.42399999999998,78.42399999999998,,,,0.7874999999999999,HIGH,recent demand momentum,inventory coverage,promotion context
2026-08-22,S08,P130,193.0,269.756,76.75599999999997,76.75599999999997,,,,0.7874999999999999,HIGH,recent demand momentum,inventory coverage,promotion context
2026-08-23,S08,P130,180.0,278.752,98.75200000000001,98.75200000000001,,,,0.7874999999999999,HIGH,recent demand momentum,inventory coverage,promotion context
2026-08-24,S08,P130,189.0,212.388,23.388000000000005,23.388000000000005,,,,0.7874999999999999,HIGH,recent demand momentum,inventory coverage,promotion context
2026-08-25,S08,P130,154.0,272.772,118.77199999999999,118.77199999999999,,,,0.7874999999999999,HIGH,recent demand momentum,inventory coverage,promotion context
2026-08-20,S08,P131,146.0,131.34,-14.659999999999997,14.659999999999997,,,,0.7874999999999999,HIGH,recent demand momentum,inventory coverage,promotion context
2026-08-21,S08,P131,135.0,125.876,-9.123999999999995,9.123999999999995,,,,0.7874999999999999,HIGH,recent demand momentum,inventory coverage,promotion context
2026-08-22,S08,P131,141.0,119.196,-21.804000000000002,21.804000000000002,,,,0.7874999999999999,HIGH,recent demand momentum,inventory coverage,promotion context
2026-08-23,S08,P131,136.0,123.776,-12.224000000000004,12.224000000000004,,,,0.7874999999999999,HIGH,recent demand momentum,inventory coverage,promotion context
2026-08-24,S08,P131,125.0,116.824,-8.176000000000002,8.176000000000002,,,,0.7874999999999999,HIGH,recent demand momentum,inventory coverage,promotion context
2026-08-25,S08,P131,100.0,118.436,18.436000000000007,18.436000000000007,0.0,LOW,0.0,0.7874999999999999,HIGH,recent demand momentum,inventory coverage,promotion context
2026-08-20,S08,P132,38.0,60.852,22.851999999999997,22.851999999999997,,,,0.7874999999999999,HIGH,recent demand momentum,inventory coverage,promotion context
2026-08-21,S08,P132,30.0,52.608,22.607999999999997,22.607999999999997,,,,0.7874999999999999,HIGH,recent demand momentum,inventory coverage,promotion context
2026-08-22,S08,P132,40.0,51.908,11.908000000000001,11.908000000000001,,,,0.7874999999999999,HIGH,recent demand momentum,inventory coverage,promotion context
2026-08-23,S08,P132,47.0,50.728,3.7280000000000015,3.7280000000000015,,,,0.7874999999999999,HIGH,recent demand momentum,inventory coverage,promotion context
2026-08-24,S08,P132,38.0,52.816,14.816000000000003,14.816000000000003,,,,0.7874999999999999,HIGH,recent demand momentum,inventory coverage,promotion context
2026-08-25,S08,P132,37.0,51.336,14.335999999999999,14.335999999999999,0.0,LOW,0.0,0.7874999999999999,HIGH,recent demand momentum,inventory coverage,promotion context
2026-08-20,S08,P133,246.0,275.196,29.196000000000026,29.196000000000026,,,,0.7874999999999999,HIGH,recent demand momentum,inventory coverage,promotion context
2026-08-21,S08,P133,257.0,274.696,17.696000000000026,17.696000000000026,,,,0.7874999999999999,HIGH,recent demand momentum,inventory coverage,promotion context
2026-08-22,S08,P133,266.0,278.172,12.172000000000025,12.172000000000025,,,,0.7874999999999999,HIGH,recent demand momentum,inventory coverage,promotion context
2026-08-23,S08,P133,273.0,273.18,0.18000000000000682,0.18000000000000682,,,,0.7874999999999999,HIGH,recent demand momentum,inventory coverage,promotion context
2026-08-24,S08,P133,293.0,240.228,-52.77199999999999,52.77199999999999,,,,0.7874999999999999,HIGH,recent demand momentum,inventory coverage,promotion context
2026-08-25,S08,P133,244.0,236.788,-7.211999999999989,7.211999999999989,,,,0.7874999999999999,HIGH,recent demand momentum,inventory coverage,promotion context
2026-08-20,S08,P134,99.0,103.38,4.3799999999999955,4.3799999999999955,,,,0.7874999999999999,HIGH,recent demand momentum,inventory coverage,promotion context
2026-08-21,S08,P134,90.0,107.084,17.084000000000003,17.084000000000003,,,,0.7874999999999999,HIGH,recent demand momentum,inventory coverage,promotion context
2026-08-22,S08,P134,83.0,106.128,23.128,23.128,,,,0.7874999999999999,HIGH,recent demand momentum,inventory coverage,promotion context
2026-08-23,S08,P134,77.0,113.676,36.676,36.676,,,,0.7874999999999999,HIGH,recent demand momentum,inventory coverage,promotion context
2026-08-24,S08,P134,74.0,109.972,35.971999999999994,35.971999999999994,,,,0.7874999999999999,HIGH,recent demand momentum,inventory coverage,promotion context
2026-08-25,S08,P134,67.0,113.92,46.92,46.92,0.0,LOW,0.0,0.7874999999999999,HIGH,recent demand momentum,inventory coverage,promotion context
2026-08-20,S08,P135,32.0,52.216,20.216,20.216,,,,0.7874999999999999,HIGH,recent demand momentum,inventory coverage,promotion context
2026-08-21,S08,P135,39.0,49.204,10.204,10.204,,,,0.7874999999999999,HIGH,recent demand momentum,inventory coverage,promotion context
2026-08-23,S08,P135,46.0,49.748,3.7479999999999976,3.7479999999999976,,,,0.7874999999999999,HIGH,recent demand momentum,inventory coverage,promotion context
2026-08-24,S08,P135,40.0,52.432,12.432000000000002,12.432000000000002,,,,0.7874999999999999,HIGH,recent demand momentum,inventory coverage,promotion context
2026-08-25,S08,P135,36.0,52.292,16.292,16.292,0.0,LOW,0.0,0.7874999999999999,HIGH,recent demand momentum,inventory coverage,promotion context
2026-08-20,S08,P137,84.0,76.404,-7.596000000000004,7.596000000000004,,,,0.7874999999999999,HIGH,recent demand momentum,inventory coverage,promotion context
2026-08-21,S08,P137,102.0,79.796,-22.203999999999994,22.203999999999994,,,,0.7874999999999999,HIGH,recent demand momentum,inventory coverage,promotion context
2026-08-22,S08,P137,91.0,79.612,-11.388000000000005,11.388000000000005,,,,0.7874999999999999,HIGH,recent demand momentum,inventory coverage,promotion context
2026-08-23,S08,P137,91.0,85.284,-5.715999999999994,5.715999999999994,,,,0.7874999999999999,HIGH,recent demand momentum,inventory coverage,promotion context
2026-08-24,S08,P137,89.0,88.412,-0.5879999999999939,0.5879999999999939,,,,0.7874999999999999,HIGH,recent demand momentum,inventory coverage,promotion context
2026-08-25,S08,P137,80.0,86.28,6.280000000000001,6.280000000000001,0.0,LOW,0.0,0.7874999999999999,HIGH,recent demand momentum,inventory coverage,promotion context
2026-08-20,S08,P138,42.0,49.224,7.223999999999997,7.223999999999997,,,,0.7874999999999999,HIGH,recent demand momentum,inventory coverage,promotion context
2026-08-21,S08,P138,35.0,46.704,11.704,11.704,,,,0.7874999999999999,HIGH,recent demand momentum,inventory coverage,promotion context
2026-08-22,S08,P138,41.0,51.116,10.116,10.116,,,,0.7874999999999999,HIGH,recent demand momentum,inventory coverage,promotion context
2026-08-23,S08,P138,46.0,48.808,2.808,2.808,,,,0.7874999999999999,HIGH,recent demand momentum,inventory coverage,promotion context
2026-08-24,S08,P138,53.0,50.128,-2.872,2.872,,,,0.7874999999999999,HIGH,recent demand momentum,inventory coverage,promotion context
2026-08-25,S08,P138,46.0,48.688,2.6880000000000024,2.6880000000000024,0.0,LOW,0.0,0.7874999999999999,HIGH,recent demand momentum,inventory coverage,promotion context
2026-08-20,S08,P139,4.0,12.68,8.68,8.68,,,,0.7874999999999999,HIGH,recent demand momentum,inventory coverage,promotion context
2026-08-22,S08,P139,7.0,13.048,6.048,6.048,,,,0.7874999999999999,HIGH,recent demand momentum,inventory coverage,promotion context
2026-08-25,S08,P139,7.0,13.548,6.548,6.548,0.0,LOW,0.0,0.7874999999999999,HIGH,recent demand momentum,inventory coverage,promotion context
2026-08-20,S08,P140,20.0,28.024,8.024000000000001,8.024000000000001,,,,0.7874999999999999,HIGH,recent demand momentum,inventory coverage,promotion context
2026-08-21,S08,P140,13.0,26.732,13.732,13.732,,,,0.7874999999999999,HIGH,recent demand momentum,inventory coverage,promotion context
2026-08-23,S08,P140,14.0,24.492,10.492,10.492,,,,0.7874999999999999,HIGH,recent demand momentum,inventory coverage,promotion context
2026-08-24,S08,P140,23.0,27.176,4.175999999999998,4.175999999999998,,,,0.7874999999999999,HIGH,recent demand momentum,inventory coverage,promotion context
2026-08-25,S08,P140,22.0,22.124,0.12399999999999878,0.12399999999999878,,,,0.7874999999999999,HIGH,recent demand momentum,inventory coverage,promotion context
2026-08-20,S08,P141,13.0,27.372,14.372,14.372,,,,0.7874999999999999,HIGH,recent demand momentum,inventory coverage,promotion context
2026-08-21,S08,P141,10.0,27.132,17.132,17.132,,,,0.7874999999999999,HIGH,recent demand momentum,inventory coverage,promotion context
2026-08-22,S08,P141,17.0,27.328,10.328,10.328,,,,0.7874999999999999,HIGH,recent demand momentum,inventory coverage,promotion context
2026-08-23,S08,P141,22.0,26.568,4.568000000000001,4.568000000000001,,,,0.7874999999999999,HIGH,recent demand momentum,inventory coverage,promotion context
2026-08-25,S08,P141,25.0,25.62,0.620000000000001,0.620000000000001,0.0,LOW,0.0,0.7874999999999999,HIGH,recent demand momentum,inventory coverage,promotion context
2026-08-23,S08,P142,5.0,10.928,5.928000000000001,5.928000000000001,,,,0.7874999999999999,HIGH,recent demand momentum,inventory coverage,promotion context
2026-08-20,S08,P143,31.0,44.912,13.911999999999999,13.911999999999999,,,,0.7874999999999999,HIGH,recent demand momentum,inventory coverage,promotion context
2026-08-21,S08,P143,40.0,47.028,7.027999999999999,7.027999999999999,,,,0.7874999999999999,HIGH,recent demand momentum,inventory coverage,promotion context
2026-08-22,S08,P143,47.0,45.252,-1.7479999999999976,1.7479999999999976,,,,0.7874999999999999,HIGH,recent demand momentum,inventory coverage,promotion context
2026-08-24,S08,P143,57.0,44.084,-12.915999999999997,12.915999999999997,,,,0.7874999999999999,HIGH,recent demand momentum,inventory coverage,promotion context
2026-08-25,S08,P143,45.0,44.096,-0.9040000000000035,0.9040000000000035,,,,0.7874999999999999,HIGH,recent demand momentum,inventory coverage,promotion context
2026-08-20,S08,P144,24.0,37.188,13.188000000000002,13.188000000000002,,,,0.7874999999999999,HIGH,recent demand momentum,inventory coverage,promotion context
2026-08-21,S08,P144,42.0,37.528,-4.472000000000001,4.472000000000001,,,,0.7874999999999999,HIGH,recent demand momentum,inventory coverage,promotion context
2026-08-22,S08,P144,37.0,38.652,1.652000000000001,1.652000000000001,,,,0.7874999999999999,HIGH,recent demand momentum,inventory coverage,promotion context
2026-08-23,S08,P144,38.0,40.192,2.192,2.192,,,,0.7874999999999999,HIGH,recent demand momentum,inventory coverage,promotion context
2026-08-24,S08,P144,40.0,38.752,-1.2479999999999976,1.2479999999999976,,,,0.7874999999999999,HIGH,recent demand momentum,inventory coverage,promotion context
2026-08-25,S08,P144,33.0,36.904,3.9040000000000035,3.9040000000000035,0.0,LOW,0.0,0.7874999999999999,HIGH,recent demand momentum,inventory coverage,promotion context
2026-08-21,S08,P145,28.0,24.924,-3.0760000000000005,3.0760000000000005,,,,0.7874999999999999,HIGH,recent demand momentum,inventory coverage,promotion context
2026-08-22,S08,P145,20.0,23.692,3.692,3.692,,,,0.7874999999999999,HIGH,recent demand momentum,inventory coverage,promotion context
2026-08-23,S08,P145,25.0,23.12,-1.879999999999999,1.879999999999999,,,,0.7874999999999999,HIGH,recent demand momentum,inventory coverage,promotion context
2026-08-25,S08,P145,24.0,25.568,1.5680000000000014,1.5680000000000014,0.0,LOW,0.0,0.7874999999999999,HIGH,recent demand momentum,inventory coverage,promotion context
2026-08-20,S08,P146,74.0,64.548,-9.451999999999998,9.451999999999998,,,,0.7874999999999999,HIGH,recent demand momentum,inventory coverage,promotion context
2026-08-21,S08,P146,75.0,63.664,-11.335999999999999,11.335999999999999,,,,0.7874999999999999,HIGH,recent demand momentum,inventory coverage,promotion context
2026-08-22,S08,P146,64.0,62.1,-1.8999999999999986,1.8999999999999986,,,,0.7874999999999999,HIGH,recent demand momentum,inventory coverage,promotion context
2026-08-23,S08,P146,68.0,65.776,-2.2240000000000038,2.2240000000000038,,,,0.7874999999999999,HIGH,recent demand momentum,inventory coverage,promotion context
2026-08-24,S08,P146,67.0,69.536,2.5360000000000014,2.5360000000000014,,,,0.7874999999999999,HIGH,recent demand momentum,inventory coverage,promotion context
2026-08-25,S08,P146,55.0,69.456,14.456000000000003,14.456000000000003,0.0,LOW,0.0,0.7874999999999999,HIGH,recent demand momentum,inventory coverage,promotion context
2026-08-20,S08,P147,43.0,36.64,-6.359999999999999,6.359999999999999,,,,0.7874999999999999,HIGH,recent demand momentum,inventory coverage,promotion context
2026-08-21,S08,P147,39.0,35.604,-3.396000000000001,3.396000000000001,,,,0.7874999999999999,HIGH,recent demand momentum,inventory coverage,promotion context
2026-08-22,S08,P147,29.0,34.836,5.8359999999999985,5.8359999999999985,,,,0.7874999999999999,HIGH,recent demand momentum,inventory coverage,promotion context
2026-08-23,S08,P147,34.0,37.664,3.6640000000000015,3.6640000000000015,,,,0.7874999999999999,HIGH,recent demand momentum,inventory coverage,promotion context
2026-08-24,S08,P147,26.0,37.828,11.828000000000003,11.828000000000003,,,,0.7874999999999999,HIGH,recent demand momentum,inventory coverage,promotion context
2026-08-25,S08,P147,19.0,34.684,15.683999999999997,15.683999999999997,0.0,LOW,0.0,0.7874999999999999,HIGH,recent demand momentum,inventory coverage,promotion context
2026-08-20,S08,P148,10.0,11.044,1.0440000000000005,1.0440000000000005,,,,0.7874999999999999,HIGH,recent demand momentum,inventory coverage,promotion context
2026-08-22,S08,P148,6.0,11.268,5.268000000000001,5.268000000000001,,,,0.7874999999999999,HIGH,recent demand momentum,inventory coverage,promotion context
2026-08-23,S08,P148,5.0,12.604,7.603999999999999,7.603999999999999,,,,0.7874999999999999,HIGH,recent demand momentum,inventory coverage,promotion context
2026-08-20,S08,P149,15.0,29.504,14.504000000000001,14.504000000000001,,,,0.7874999999999999,HIGH,recent demand momentum,inventory coverage,promotion context
2026-08-21,S08,P149,25.0,31.552,6.552,6.552,,,,0.7874999999999999,HIGH,recent demand momentum,inventory coverage,promotion context
2026-08-22,S08,P149,33.0,28.908,-4.091999999999999,4.091999999999999,,,,0.7874999999999999,HIGH,recent demand momentum,inventory coverage,promotion context
2026-08-23,S08,P149,30.0,26.292,-3.7079999999999984,3.7079999999999984,,,,0.7874999999999999,HIGH,recent demand momentum,inventory coverage,promotion context
2026-08-24,S08,P149,33.0,27.464,-5.536000000000001,5.536000000000001,,,,0.7874999999999999,HIGH,recent demand momentum,inventory coverage,promotion context
2026-08-25,S08,P149,30.0,26.5,-3.5,3.5,,,,0.7874999999999999,HIGH,recent demand momentum,inventory coverage,promotion context
2026-08-21,S08,P150,27.0,19.776,-7.224,7.224,,,,0.7874999999999999,HIGH,recent demand momentum,inventory coverage,promotion context
2026-08-22,S08,P150,26.0,16.48,-9.52,9.52,,,,0.7874999999999999,HIGH,recent demand momentum,inventory coverage,promotion context
2026-08-23,S08,P150,21.0,25.336,4.3359999999999985,4.3359999999999985,,,,0.7874999999999999,HIGH,recent demand momentum,inventory coverage,promotion context
2026-08-24,S08,P150,20.0,26.808,6.808,6.808,,,,0.7874999999999999,HIGH,recent demand momentum,inventory coverage,promotion context
2026-08-25,S08,P150,15.0,16.572,1.5719999999999992,1.5719999999999992,,,,0.7874999999999999,HIGH,recent demand momentum,inventory coverage,promotion context
2026-08-20,S08,P151,20.0,16.796,-3.2040000000000006,3.2040000000000006,,,,0.7874999999999999,HIGH,recent demand momentum,inventory coverage,promotion context
2026-08-21,S08,P151,22.0,18.4,-3.6000000000000014,3.6000000000000014,,,,0.7874999999999999,HIGH,recent demand momentum,inventory coverage,promotion context
2026-08-22,S08,P151,18.0,16.836,-1.1640000000000015,1.1640000000000015,,,,0.7874999999999999,HIGH,recent demand momentum,inventory coverage,promotion context
2026-08-23,S08,P151,23.0,18.164,-4.8359999999999985,4.8359999999999985,,,,0.7874999999999999,HIGH,recent demand momentum,inventory coverage,promotion context
2026-08-25,S08,P151,13.0,15.18,2.1799999999999997,2.1799999999999997,0.0,LOW,0.0,0.7874999999999999,HIGH,recent demand momentum,inventory coverage,promotion context
2026-08-20,S08,P152,89.0,69.876,-19.123999999999995,19.123999999999995,,,,0.7874999999999999,HIGH,recent demand momentum,inventory coverage,promotion context
2026-08-21,S08,P152,85.0,70.096,-14.903999999999996,14.903999999999996,,,,0.7874999999999999,HIGH,recent demand momentum,inventory coverage,promotion context
2026-08-22,S08,P152,80.0,70.82,-9.180000000000007,9.180000000000007,,,,0.7874999999999999,HIGH,recent demand momentum,inventory coverage,promotion context
2026-08-23,S08,P152,72.0,67.996,-4.004000000000005,4.004000000000005,,,,0.7874999999999999,HIGH,recent demand momentum,inventory coverage,promotion context
2026-08-24,S08,P152,88.0,68.704,-19.296000000000006,19.296000000000006,,,,0.7874999999999999,HIGH,recent demand momentum,inventory coverage,promotion context
2026-08-25,S08,P152,72.0,70.5,-1.5,1.5,0.0,LOW,0.0,0.7874999999999999,HIGH,recent demand momentum,inventory coverage,promotion context
2026-08-20,S08,P153,59.0,57.148,-1.8519999999999968,1.8519999999999968,,,,0.7874999999999999,HIGH,recent demand momentum,inventory coverage,promotion context
2026-08-21,S08,P153,58.0,60.348,2.347999999999999,2.347999999999999,,,,0.7874999999999999,HIGH,recent demand momentum,inventory coverage,promotion context
2026-08-22,S08,P153,64.0,58.42,-5.579999999999998,5.579999999999998,,,,0.7874999999999999,HIGH,recent demand momentum,inventory coverage,promotion context
2026-08-23,S08,P153,64.0,66.228,2.2279999999999944,2.2279999999999944,,,,0.7874999999999999,HIGH,recent demand momentum,inventory coverage,promotion context
2026-08-24,S08,P153,65.0,63.716,-1.283999999999999,1.283999999999999,,,,0.7874999999999999,HIGH,recent demand momentum,inventory coverage,promotion context
2026-08-25,S08,P153,57.0,60.716,3.716000000000001,3.716000000000001,0.0,LOW,0.0,0.7874999999999999,HIGH,recent demand momentum,inventory coverage,promotion context
2026-08-20,S08,P154,16.0,22.768,6.768000000000001,6.768000000000001,,,,0.7874999999999999,HIGH,recent demand momentum,inventory coverage,promotion context
2026-08-21,S08,P154,15.0,25.316,10.315999999999999,10.315999999999999,,,,0.7874999999999999,HIGH,recent demand momentum,inventory coverage,promotion context
2026-08-23,S08,P154,14.0,22.62,8.620000000000001,8.620000000000001,,,,0.7874999999999999,HIGH,recent demand momentum,inventory coverage,promotion context
2026-08-24,S08,P154,14.0,23.116,9.116,9.116,,,,0.7874999999999999,HIGH,recent demand momentum,inventory coverage,promotion context
2026-08-25,S08,P154,9.0,24.996,15.995999999999999,15.995999999999999,0.0,LOW,0.0,0.7874999999999999,HIGH,recent demand momentum,inventory coverage,promotion context
2026-08-20,S08,P155,39.0,28.044,-10.956,10.956,,,,0.7874999999999999,HIGH,recent demand momentum,inventory coverage,promotion context
2026-08-21,S08,P155,40.0,28.564,-11.436,11.436,,,,0.7874999999999999,HIGH,recent demand momentum,inventory coverage,promotion context
2026-08-22,S08,P155,38.0,24.572,-13.428,13.428,,,,0.7874999999999999,HIGH,recent demand momentum,inventory coverage,promotion context
2026-08-23,S08,P155,27.0,28.66,1.6600000000000001,1.6600000000000001,,,,0.7874999999999999,HIGH,recent demand momentum,inventory coverage,promotion context
2026-08-24,S08,P155,33.0,30.312,-2.687999999999999,2.687999999999999,,,,0.7874999999999999,HIGH,recent demand momentum,inventory coverage,promotion context
2026-08-25,S08,P155,27.0,27.112,0.11199999999999832,0.11199999999999832,,,,0.7874999999999999,HIGH,recent demand momentum,inventory coverage,promotion context
2026-08-20,S08,P156,92.0,78.496,-13.504000000000005,13.504000000000005,,,,0.7874999999999999,HIGH,recent demand momentum,inventory coverage,promotion context
2026-08-21,S08,P156,74.0,92.492,18.492000000000004,18.492000000000004,,,,0.7874999999999999,HIGH,recent demand momentum,inventory coverage,promotion context
2026-08-22,S08,P156,88.0,74.1,-13.900000000000006,13.900000000000006,,,,0.7874999999999999,HIGH,recent demand momentum,inventory coverage,promotion context
2026-08-23,S08,P156,86.0,91.532,5.5319999999999965,5.5319999999999965,,,,0.7874999999999999,HIGH,recent demand momentum,inventory coverage,promotion context
2026-08-24,S08,P156,95.0,90.684,-4.3160000000000025,4.3160000000000025,,,,0.7874999999999999,HIGH,recent demand momentum,inventory coverage,promotion context
2026-08-25,S08,P156,81.0,89.768,8.768,8.768,0.0,LOW,0.0,0.7874999999999999,HIGH,recent demand momentum,inventory coverage,promotion context
2026-08-20,S08,P157,49.0,51.676,2.676000000000002,2.676000000000002,,,,0.7874999999999999,HIGH,recent demand momentum,inventory coverage,promotion context
2026-08-21,S08,P157,52.0,52.816,0.8160000000000025,0.8160000000000025,,,,0.7874999999999999,HIGH,recent demand momentum,inventory coverage,promotion context
2026-08-22,S08,P157,58.0,50.592,-7.408000000000001,7.408000000000001,,,,0.7874999999999999,HIGH,recent demand momentum,inventory coverage,promotion context
2026-08-23,S08,P157,58.0,51.564,-6.436,6.436,,,,0.7874999999999999,HIGH,recent demand momentum,inventory coverage,promotion context
2026-08-24,S08,P157,57.0,50.408,-6.591999999999999,6.591999999999999,,,,0.7874999999999999,HIGH,recent demand momentum,inventory coverage,promotion context
2026-08-25,S08,P157,54.0,51.22,-2.780000000000001,2.780000000000001,0.0,LOW,0.0,0.7874999999999999,HIGH,recent demand momentum,inventory coverage,promotion context
2026-08-20,S08,P158,156.0,141.656,-14.343999999999994,14.343999999999994,,,,0.7874999999999999,HIGH,recent demand momentum,inventory coverage,promotion context
2026-08-21,S08,P158,169.0,138.304,-30.695999999999998,30.695999999999998,,,,0.7874999999999999,HIGH,recent demand momentum,inventory coverage,promotion context
2026-08-22,S08,P158,162.0,148.3,-13.699999999999989,13.699999999999989,,,,0.7874999999999999,HIGH,recent demand momentum,inventory coverage,promotion context
2026-08-23,S08,P158,156.0,142.448,-13.551999999999992,13.551999999999992,,,,0.7874999999999999,HIGH,recent demand momentum,inventory coverage,promotion context
2026-08-24,S08,P158,148.0,159.944,11.943999999999988,11.943999999999988,,,,0.7874999999999999,HIGH,recent demand momentum,inventory coverage,promotion context
2026-08-25,S08,P158,132.0,142.872,10.872000000000014,10.872000000000014,0.0,LOW,0.0,0.7874999999999999,HIGH,recent demand momentum,inventory coverage,promotion context
2026-08-20,S08,P159,198.0,184.56,-13.439999999999998,13.439999999999998,,,,0.7874999999999999,HIGH,recent demand momentum,inventory coverage,promotion context
2026-08-21,S08,P159,201.0,194.796,-6.204000000000008,6.204000000000008,,,,0.7874999999999999,HIGH,recent demand momentum,inventory coverage,promotion context
2026-08-22,S08,P159,181.0,179.644,-1.3559999999999945,1.3559999999999945,,,,0.7874999999999999,HIGH,recent demand momentum,inventory coverage,promotion context
2026-08-23,S08,P159,196.0,193.832,-2.1680000000000064,2.1680000000000064,,,,0.7874999999999999,HIGH,recent demand momentum,inventory coverage,promotion context
2026-08-24,S08,P159,203.0,197.648,-5.352000000000004,5.352000000000004,,,,0.7874999999999999,HIGH,recent demand momentum,inventory coverage,promotion context
2026-08-25,S08,P159,184.0,192.192,8.192000000000007,8.192000000000007,0.0,LOW,0.0,0.7874999999999999,HIGH,recent demand momentum,inventory coverage,promotion context
2026-08-20,S08,P161,110.0,122.976,12.975999999999999,12.975999999999999,,,,0.7874999999999999,HIGH,recent demand momentum,inventory coverage,promotion context
2026-08-21,S08,P161,106.0,126.136,20.135999999999996,20.135999999999996,,,,0.7874999999999999,HIGH,recent demand momentum,inventory coverage,promotion context
2026-08-22,S08,P161,125.0,121.392,-3.608000000000004,3.608000000000004,,,,0.7874999999999999,HIGH,recent demand momentum,inventory coverage,promotion context
2026-08-23,S08,P161,137.0,122.1,-14.900000000000006,14.900000000000006,,,,0.7874999999999999,HIGH,recent demand momentum,inventory coverage,promotion context
2026-08-24,S08,P161,134.0,119.16,-14.840000000000003,14.840000000000003,,,,0.7874999999999999,HIGH,recent demand momentum,inventory coverage,promotion context
2026-08-25,S08,P161,113.0,120.932,7.932000000000002,7.932000000000002,0.0,LOW,0.0,0.7874999999999999,HIGH,recent demand momentum,inventory coverage,promotion context
2026-08-21,S08,P162,0.0,14.368,14.368,14.368,,,,0.7874999999999999,HIGH,recent demand momentum,inventory coverage,promotion context
2026-08-20,S08,P163,125.0,115.532,-9.468000000000004,9.468000000000004,,,,0.7874999999999999,HIGH,recent demand momentum,inventory coverage,promotion context
2026-08-21,S08,P163,112.0,118.348,6.347999999999999,6.347999999999999,,,,0.7874999999999999,HIGH,recent demand momentum,inventory coverage,promotion context
2026-08-22,S08,P163,124.0,116.356,-7.6440000000000055,7.6440000000000055,,,,0.7874999999999999,HIGH,recent demand momentum,inventory coverage,promotion context
2026-08-23,S08,P163,118.0,109.036,-8.963999999999999,8.963999999999999,,,,0.7874999999999999,HIGH,recent demand momentum,inventory coverage,promotion context
2026-08-24,S08,P163,116.0,109.524,-6.475999999999999,6.475999999999999,,,,0.7874999999999999,HIGH,recent demand momentum,inventory coverage,promotion context
2026-08-25,S08,P163,102.0,113.904,11.903999999999996,11.903999999999996,,,,0.7874999999999999,HIGH,recent demand momentum,inventory coverage,promotion context
2026-08-20,S08,P164,29.0,32.984,3.9840000000000018,3.9840000000000018,,,,0.7874999999999999,HIGH,recent demand momentum,inventory coverage,promotion context
2026-08-21,S08,P164,31.0,24.66,-6.34,6.34,,,,0.7874999999999999,HIGH,recent demand momentum,inventory coverage,promotion context
2026-08-23,S08,P164,32.0,32.576,0.5760000000000005,0.5760000000000005,,,,0.7874999999999999,HIGH,recent demand momentum,inventory coverage,promotion context
2026-08-24,S08,P164,29.0,26.456,-2.5440000000000005,2.5440000000000005,,,,0.7874999999999999,HIGH,recent demand momentum,inventory coverage,promotion context
2026-08-20,S08,P165,0.0,6.884,6.884,6.884,,,,0.7874999999999999,HIGH,recent demand momentum,inventory coverage,promotion context
2026-08-21,S08,P166,35.0,43.448,8.448,8.448,,,,0.7874999999999999,HIGH,recent demand momentum,inventory coverage,promotion context
2026-08-22,S08,P166,39.0,44.8,5.799999999999997,5.799999999999997,,,,0.7874999999999999,HIGH,recent demand momentum,inventory coverage,promotion context
2026-08-23,S08,P166,36.0,43.94,7.939999999999998,7.939999999999998,,,,0.7874999999999999,HIGH,recent demand momentum,inventory coverage,promotion context
2026-08-24,S08,P166,33.0,44.14,11.14,11.14,,,,0.7874999999999999,HIGH,recent demand momentum,inventory coverage,promotion context
2026-08-25,S08,P166,32.0,51.52,19.520000000000003,19.520000000000003,0.0,LOW,0.0,0.7874999999999999,HIGH,recent demand momentum,inventory coverage,promotion context
2026-08-20,S08,P168,6.0,12.452,6.452,6.452,,,,0.7874999999999999,HIGH,recent demand momentum,inventory coverage,promotion context
2026-08-22,S08,P168,9.0,11.728,2.7279999999999998,2.7279999999999998,,,,0.7874999999999999,HIGH,recent demand momentum,inventory coverage,promotion context
2026-08-23,S08,P168,8.0,11.324,3.324,3.324,,,,0.7874999999999999,HIGH,recent demand momentum,inventory coverage,promotion context
2026-08-24,S08,P168,7.0,17.868,10.867999999999999,10.867999999999999,,,,0.7874999999999999,HIGH,recent demand momentum,inventory coverage,promotion context
2026-08-25,S08,P168,4.0,11.092,7.0920000000000005,7.0920000000000005,0.0,LOW,0.0,0.7874999999999999,HIGH,recent demand momentum,inventory coverage,promotion context
2026-08-20,S08,P169,48.0,46.292,-1.7079999999999984,1.7079999999999984,,,,0.7874999999999999,HIGH,recent demand momentum,inventory coverage,promotion context
2026-08-21,S08,P169,47.0,47.896,0.8960000000000008,0.8960000000000008,,,,0.7874999999999999,HIGH,recent demand momentum,inventory coverage,promotion context
2026-08-22,S08,P169,50.0,51.064,1.064,1.064,,,,0.7874999999999999,HIGH,recent demand momentum,inventory coverage,promotion context
2026-08-23,S08,P169,46.0,45.84,-0.1599999999999966,0.1599999999999966,,,,0.7874999999999999,HIGH,recent demand momentum,inventory coverage,promotion context
2026-08-24,S08,P169,53.0,48.204,-4.795999999999999,4.795999999999999,,,,0.7874999999999999,HIGH,recent demand momentum,inventory coverage,promotion context
2026-08-25,S08,P169,41.0,49.072,8.072000000000003,8.072000000000003,0.0,LOW,0.0,0.7874999999999999,HIGH,recent demand momentum,inventory coverage,promotion context
2026-08-21,S08,P170,1.0,7.284,6.284,6.284,,,,0.7874999999999999,HIGH,recent demand momentum,inventory coverage,promotion context
2026-08-23,S08,P170,6.0,9.364,3.3640000000000008,3.3640000000000008,,,,0.7874999999999999,HIGH,recent demand momentum,inventory coverage,promotion context
2026-08-20,S08,P171,21.0,35.26,14.259999999999998,14.259999999999998,,,,0.7874999999999999,HIGH,recent demand momentum,inventory coverage,promotion context
2026-08-21,S08,P171,24.0,36.94,12.939999999999998,12.939999999999998,,,,0.7874999999999999,HIGH,recent demand momentum,inventory coverage,promotion context
2026-08-22,S08,P171,23.0,36.928,13.927999999999997,13.927999999999997,,,,0.7874999999999999,HIGH,recent demand momentum,inventory coverage,promotion context
2026-08-23,S08,P171,25.0,36.5,11.5,11.5,,,,0.7874999999999999,HIGH,recent demand momentum,inventory coverage,promotion context
2026-08-24,S08,P171,24.0,36.776,12.776000000000003,12.776000000000003,,,,0.7874999999999999,HIGH,recent demand momentum,inventory coverage,promotion context
2026-08-25,S08,P171,22.0,36.26,14.259999999999998,14.259999999999998,0.0,LOW,0.0,0.7874999999999999,HIGH,recent demand momentum,inventory coverage,promotion context
2026-08-20,S08,P172,39.0,28.9,-10.100000000000001,10.100000000000001,,,,0.7874999999999999,HIGH,recent demand momentum,inventory coverage,promotion context
2026-08-21,S08,P172,37.0,27.148,-9.852,9.852,,,,0.7874999999999999,HIGH,recent demand momentum,inventory coverage,promotion context
2026-08-23,S08,P172,46.0,33.076,-12.924,12.924,,,,0.7874999999999999,HIGH,recent demand momentum,inventory coverage,promotion context
2026-08-24,S08,P172,45.0,28.212,-16.788,16.788,,,,0.7874999999999999,HIGH,recent demand momentum,inventory coverage,promotion context
2026-08-25,S08,P172,42.0,27.104,-14.896,14.896,0.0,LOW,0.0,0.7874999999999999,HIGH,recent demand momentum,inventory coverage,promotion context
2026-08-20,S08,P173,6.0,10.432,4.432,4.432,,,,0.7874999999999999,HIGH,recent demand momentum,inventory coverage,promotion context
2026-08-22,S08,P173,5.0,10.608,5.6080000000000005,5.6080000000000005,,,,0.7874999999999999,HIGH,recent demand momentum,inventory coverage,promotion context
2026-08-23,S08,P173,8.0,10.844,2.8439999999999994,2.8439999999999994,,,,0.7874999999999999,HIGH,recent demand momentum,inventory coverage,promotion context
2026-08-24,S08,P173,8.0,13.388,5.388,5.388,,,,0.7874999999999999,HIGH,recent demand momentum,inventory coverage,promotion context
2026-08-25,S08,P173,7.0,9.724,2.724,2.724,,,,0.7874999999999999,HIGH,recent demand momentum,inventory coverage,promotion context
2026-08-20,S08,P174,34.0,8.804,-25.195999999999998,25.195999999999998,,,,0.7874999999999999,HIGH,recent demand momentum,inventory coverage,promotion context
2026-08-21,S08,P174,27.0,10.46,-16.54,16.54,,,,0.7874999999999999,HIGH,recent demand momentum,inventory coverage,promotion context
2026-08-22,S08,P174,24.0,11.956,-12.044,12.044,,,,0.7874999999999999,HIGH,recent demand momentum,inventory coverage,promotion context
2026-08-24,S08,P174,29.0,14.3,-14.7,14.7,,,,0.7874999999999999,HIGH,recent demand momentum,inventory coverage,promotion context
2026-08-25,S08,P174,28.0,11.804,-16.195999999999998,16.195999999999998,0.0,LOW,0.0,0.7874999999999999,HIGH,recent demand momentum,inventory coverage,promotion context
2026-08-20,S08,P175,21.0,11.776,-9.224,9.224,,,,0.7874999999999999,HIGH,recent demand momentum,inventory coverage,promotion context
2026-08-22,S08,P175,15.0,10.072,-4.928000000000001,4.928000000000001,,,,0.7874999999999999,HIGH,recent demand momentum,inventory coverage,promotion context
2026-08-23,S08,P175,8.0,10.932,2.9320000000000004,2.9320000000000004,,,,0.7874999999999999,HIGH,recent demand momentum,inventory coverage,promotion context
2026-08-24,S08,P175,6.0,13.964,7.964,7.964,,,,0.7874999999999999,HIGH,recent demand momentum,inventory coverage,promotion context
2026-08-25,S08,P175,5.0,13.284,8.284,8.284,0.0,LOW,0.0,0.7874999999999999,HIGH,recent demand momentum,inventory coverage,promotion context
2026-08-20,S08,P176,158.0,173.496,15.49600000000001,15.49600000000001,,,,0.7874999999999999,HIGH,recent demand momentum,inventory coverage,promotion context
2026-08-21,S08,P176,161.0,175.196,14.195999999999998,14.195999999999998,,,,0.7874999999999999,HIGH,recent demand momentum,inventory coverage,promotion context
2026-08-22,S08,P176,163.0,175.868,12.867999999999995,12.867999999999995,,,,0.7874999999999999,HIGH,recent demand momentum,inventory coverage,promotion context
2026-08-23,S08,P176,170.0,171.108,1.108000000000004,1.108000000000004,,,,0.7874999999999999,HIGH,recent demand momentum,inventory coverage,promotion context
2026-08-24,S08,P176,182.0,169.956,-12.044000000000011,12.044000000000011,,,,0.7874999999999999,HIGH,recent demand momentum,inventory coverage,promotion context
2026-08-25,S08,P176,163.0,183.004,20.00399999999999,20.00399999999999,,,,0.7874999999999999,HIGH,recent demand momentum,inventory coverage,promotion context
2026-08-20,S08,P177,22.0,35.716,13.716000000000001,13.716000000000001,,,,0.7874999999999999,HIGH,recent demand momentum,inventory coverage,promotion context
2026-08-21,S08,P177,24.0,27.52,3.5199999999999996,3.5199999999999996,,,,0.7874999999999999,HIGH,recent demand momentum,inventory coverage,promotion context
2026-08-22,S08,P177,27.0,27.872,0.8719999999999999,0.8719999999999999,,,,0.7874999999999999,HIGH,recent demand momentum,inventory coverage,promotion context
2026-08-23,S08,P177,18.0,28.224,10.224,10.224,,,,0.7874999999999999,HIGH,recent demand momentum,inventory coverage,promotion context
2026-08-24,S08,P177,17.0,26.976,9.975999999999999,9.975999999999999,,,,0.7874999999999999,HIGH,recent demand momentum,inventory coverage,promotion context
2026-08-25,S08,P177,13.0,28.892,15.892,15.892,0.0,LOW,0.0,0.7874999999999999,HIGH,recent demand momentum,inventory coverage,promotion context
2026-08-20,S08,P178,22.0,24.096,2.096,2.096,,,,0.7874999999999999,HIGH,recent demand momentum,inventory coverage,promotion context
2026-08-21,S08,P178,25.0,20.756,-4.244,4.244,,,,0.7874999999999999,HIGH,recent demand momentum,inventory coverage,promotion context
2026-08-22,S08,P178,23.0,22.104,-0.8960000000000008,0.8960000000000008,,,,0.7874999999999999,HIGH,recent demand momentum,inventory coverage,promotion context
2026-08-23,S08,P178,17.0,22.636,5.635999999999999,5.635999999999999,,,,0.7874999999999999,HIGH,recent demand momentum,inventory coverage,promotion context
2026-08-25,S08,P178,13.0,23.664,10.664000000000001,10.664000000000001,0.0,LOW,0.0,0.7874999999999999,HIGH,recent demand momentum,inventory coverage,promotion context
2026-08-20,S08,P179,10.0,5.392,-4.608,4.608,,,,0.7874999999999999,HIGH,recent demand momentum,inventory coverage,promotion context
2026-08-22,S08,P179,9.0,7.892,-1.1079999999999997,1.1079999999999997,,,,0.7874999999999999,HIGH,recent demand momentum,inventory coverage,promotion context
2026-08-23,S08,P179,7.0,8.42,1.42,1.42,,,,0.7874999999999999,HIGH,recent demand momentum,inventory coverage,promotion context
2026-08-24,S08,P179,2.0,7.816,5.816,5.816,,,,0.7874999999999999,HIGH,recent demand momentum,inventory coverage,promotion context
2026-08-20,S08,P180,86.0,97.704,11.703999999999994,11.703999999999994,,,,0.7874999999999999,HIGH,recent demand momentum,inventory coverage,promotion context
2026-08-21,S08,P180,72.0,97.212,25.212000000000003,25.212000000000003,,,,0.7874999999999999,HIGH,recent demand momentum,inventory coverage,promotion context
2026-08-22,S08,P180,72.0,96.584,24.584000000000003,24.584000000000003,,,,0.7874999999999999,HIGH,recent demand momentum,inventory coverage,promotion context
2026-08-23,S08,P180,86.0,92.488,6.4879999999999995,6.4879999999999995,,,,0.7874999999999999,HIGH,recent demand momentum,inventory coverage,promotion context
2026-08-24,S08,P180,85.0,98.844,13.843999999999994,13.843999999999994,,,,0.7874999999999999,HIGH,recent demand momentum,inventory coverage,promotion context
2026-08-25,S08,P180,66.0,90.164,24.164,24.164,0.0,LOW,0.0,0.7874999999999999,HIGH,recent demand momentum,inventory coverage,promotion context
2026-08-20,S08,P181,36.0,36.736,0.7359999999999971,0.7359999999999971,,,,0.7874999999999999,HIGH,recent demand momentum,inventory coverage,promotion context
2026-08-21,S08,P181,34.0,36.012,2.0120000000000005,2.0120000000000005,,,,0.7874999999999999,HIGH,recent demand momentum,inventory coverage,promotion context
2026-08-22,S08,P181,38.0,36.42,-1.5799999999999983,1.5799999999999983,,,,0.7874999999999999,HIGH,recent demand momentum,inventory coverage,promotion context
2026-08-23,S08,P181,38.0,34.732,-3.2680000000000007,3.2680000000000007,,,,0.7874999999999999,HIGH,recent demand momentum,inventory coverage,promotion context
2026-08-24,S08,P181,42.0,40.444,-1.5559999999999974,1.5559999999999974,,,,0.7874999999999999,HIGH,recent demand momentum,inventory coverage,promotion context
2026-08-25,S08,P181,33.0,37.108,4.107999999999997,4.107999999999997,0.0,LOW,0.0,0.7874999999999999,HIGH,recent demand momentum,inventory coverage,promotion context
2026-08-20,S08,P182,14.0,15.416,1.4160000000000004,1.4160000000000004,,,,0.7874999999999999,HIGH,recent demand momentum,inventory coverage,promotion context
2026-08-21,S08,P182,9.0,24.936,15.936,15.936,,,,0.7874999999999999,HIGH,recent demand momentum,inventory coverage,promotion context
2026-08-23,S08,P182,10.0,15.092,5.0920000000000005,5.0920000000000005,,,,0.7874999999999999,HIGH,recent demand momentum,inventory coverage,promotion context
2026-08-24,S08,P182,10.0,22.756,12.756,12.756,,,,0.7874999999999999,HIGH,recent demand momentum,inventory coverage,promotion context
2026-08-25,S08,P182,5.0,22.892,17.892,17.892,,,,0.7874999999999999,HIGH,recent demand momentum,inventory coverage,promotion context
2026-08-20,S08,P183,371.0,331.744,-39.25599999999997,39.25599999999997,,,,0.7874999999999999,HIGH,recent demand momentum,inventory coverage,promotion context
2026-08-21,S08,P183,371.0,335.728,-35.27199999999999,35.27199999999999,,,,0.7874999999999999,HIGH,recent demand momentum,inventory coverage,promotion context
2026-08-22,S08,P183,371.0,318.016,-52.98399999999998,52.98399999999998,,,,0.7874999999999999,HIGH,recent demand momentum,inventory coverage,promotion context
2026-08-23,S08,P183,350.0,318.852,-31.148000000000025,31.148000000000025,,,,0.7874999999999999,HIGH,recent demand momentum,inventory coverage,promotion context
2026-08-24,S08,P183,345.0,321.756,-23.244000000000028,23.244000000000028,,,,0.7874999999999999,HIGH,recent demand momentum,inventory coverage,promotion context
2026-08-25,S08,P183,313.0,324.44,11.439999999999998,11.439999999999998,0.0,LOW,0.0,0.7874999999999999,HIGH,recent demand momentum,inventory coverage,promotion context
2026-08-23,S08,P184,9.0,10.448,1.4480000000000004,1.4480000000000004,,,,0.7874999999999999,HIGH,recent demand momentum,inventory coverage,promotion context
2026-08-24,S08,P184,8.0,13.636,5.635999999999999,5.635999999999999,,,,0.7874999999999999,HIGH,recent demand momentum,inventory coverage,promotion context
2026-08-20,S08,P185,23.0,33.156,10.155999999999999,10.155999999999999,,,,0.7874999999999999,HIGH,recent demand momentum,inventory coverage,promotion context
2026-08-21,S08,P185,24.0,35.956,11.956000000000003,11.956000000000003,,,,0.7874999999999999,HIGH,recent demand momentum,inventory coverage,promotion context
2026-08-22,S08,P185,25.0,33.712,8.712000000000003,8.712000000000003,,,,0.7874999999999999,HIGH,recent demand momentum,inventory coverage,promotion context
2026-08-24,S08,P185,35.0,26.556,-8.443999999999999,8.443999999999999,,,,0.7874999999999999,HIGH,recent demand momentum,inventory coverage,promotion context
2026-08-25,S08,P185,31.0,30.044,-0.9559999999999995,0.9559999999999995,0.0,LOW,0.0,0.7874999999999999,HIGH,recent demand momentum,inventory coverage,promotion context
2026-08-20,S08,P186,62.0,65.872,3.872,3.872,,,,0.7874999999999999,HIGH,recent demand momentum,inventory coverage,promotion context
2026-08-21,S08,P186,54.0,69.352,15.352000000000004,15.352000000000004,,,,0.7874999999999999,HIGH,recent demand momentum,inventory coverage,promotion context
2026-08-22,S08,P186,62.0,71.744,9.744,9.744,,,,0.7874999999999999,HIGH,recent demand momentum,inventory coverage,promotion context
2026-08-23,S08,P186,56.0,65.536,9.536000000000001,9.536000000000001,,,,0.7874999999999999,HIGH,recent demand momentum,inventory coverage,promotion context
2026-08-24,S08,P186,58.0,67.048,9.048000000000002,9.048000000000002,,,,0.7874999999999999,HIGH,recent demand momentum,inventory coverage,promotion context
2026-08-25,S08,P186,45.0,67.124,22.123999999999995,22.123999999999995,,,,0.7874999999999999,HIGH,recent demand momentum,inventory coverage,promotion context
2026-08-20,S08,P187,47.0,40.932,-6.067999999999998,6.067999999999998,,,,0.7874999999999999,HIGH,recent demand momentum,inventory coverage,promotion context
2026-08-21,S08,P187,36.0,40.388,4.387999999999998,4.387999999999998,,,,0.7874999999999999,HIGH,recent demand momentum,inventory coverage,promotion context
2026-08-22,S08,P187,41.0,41.148,0.14800000000000324,0.14800000000000324,,,,0.7874999999999999,HIGH,recent demand momentum,inventory coverage,promotion context
2026-08-23,S08,P187,42.0,36.72,-5.280000000000001,5.280000000000001,,,,0.7874999999999999,HIGH,recent demand momentum,inventory coverage,promotion context
2026-08-24,S08,P187,43.0,41.564,-1.436,1.436,,,,0.7874999999999999,HIGH,recent demand momentum,inventory coverage,promotion context
2026-08-25,S08,P187,40.0,38.236,-1.764000000000003,1.764000000000003,0.0,LOW,0.0,0.7874999999999999,HIGH,recent demand momentum,inventory coverage,promotion context
2026-08-20,S08,P188,93.0,91.804,-1.195999999999998,1.195999999999998,,,,0.7874999999999999,HIGH,recent demand momentum,inventory coverage,promotion context
2026-08-21,S08,P188,91.0,86.588,-4.412000000000006,4.412000000000006,,,,0.7874999999999999,HIGH,recent demand momentum,inventory coverage,promotion context
2026-08-22,S08,P188,79.0,82.632,3.632000000000005,3.632000000000005,,,,0.7874999999999999,HIGH,recent demand momentum,inventory coverage,promotion context
2026-08-23,S08,P188,83.0,83.024,0.02400000000000091,0.02400000000000091,,,,0.7874999999999999,HIGH,recent demand momentum,inventory coverage,promotion context
2026-08-24,S08,P188,87.0,82.352,-4.647999999999996,4.647999999999996,,,,0.7874999999999999,HIGH,recent demand momentum,inventory coverage,promotion context
2026-08-25,S08,P188,68.0,85.204,17.203999999999994,17.203999999999994,0.0,LOW,0.0,0.7874999999999999,HIGH,recent demand momentum,inventory coverage,promotion context
2026-08-20,S08,P189,20.0,23.592,3.5919999999999987,3.5919999999999987,,,,0.7874999999999999,HIGH,recent demand momentum,inventory coverage,promotion context
2026-08-22,S08,P189,20.0,23.636,3.6359999999999992,3.6359999999999992,,,,0.7874999999999999,HIGH,recent demand momentum,inventory coverage,promotion context
2026-08-24,S08,P189,18.0,22.1,4.100000000000001,4.100000000000001,,,,0.7874999999999999,HIGH,recent demand momentum,inventory coverage,promotion context
2026-08-25,S08,P189,15.0,23.128,8.128,8.128,,,,0.7874999999999999,HIGH,recent demand momentum,inventory coverage,promotion context
2026-08-20,S08,P190,17.0,27.88,10.879999999999999,10.879999999999999,,,,0.7874999999999999,HIGH,recent demand momentum,inventory coverage,promotion context
2026-08-22,S08,P190,23.0,26.656,3.655999999999999,3.655999999999999,,,,0.7874999999999999,HIGH,recent demand momentum,inventory coverage,promotion context
2026-08-23,S08,P190,26.0,24.932,-1.0680000000000014,1.0680000000000014,,,,0.7874999999999999,HIGH,recent demand momentum,inventory coverage,promotion context
2026-08-24,S08,P190,20.0,26.68,6.68,6.68,,,,0.7874999999999999,HIGH,recent demand momentum,inventory coverage,promotion context
2026-08-25,S08,P190,19.0,24.692,5.692,5.692,,,,0.7874999999999999,HIGH,recent demand momentum,inventory coverage,promotion context
2026-08-20,S08,P191,50.0,37.276,-12.723999999999997,12.723999999999997,,,,0.7874999999999999,HIGH,recent demand momentum,inventory coverage,promotion context
2026-08-21,S08,P191,45.0,38.336,-6.6640000000000015,6.6640000000000015,,,,0.7874999999999999,HIGH,recent demand momentum,inventory coverage,promotion context
2026-08-22,S08,P191,56.0,35.508,-20.491999999999997,20.491999999999997,,,,0.7874999999999999,HIGH,recent demand momentum,inventory coverage,promotion context
2026-08-23,S08,P191,65.0,40.792,-24.208,24.208,,,,0.7874999999999999,HIGH,recent demand momentum,inventory coverage,promotion context
2026-08-24,S08,P191,61.0,41.636,-19.363999999999997,19.363999999999997,,,,0.7874999999999999,HIGH,recent demand momentum,inventory coverage,promotion context
2026-08-25,S08,P191,53.0,41.932,-11.067999999999998,11.067999999999998,,,,0.7874999999999999,HIGH,recent demand momentum,inventory coverage,promotion context
2026-08-20,S08,P192,23.0,36.132,13.131999999999998,13.131999999999998,,,,0.7874999999999999,HIGH,recent demand momentum,inventory coverage,promotion context
2026-08-21,S08,P192,26.0,34.824,8.823999999999998,8.823999999999998,,,,0.7874999999999999,HIGH,recent demand momentum,inventory coverage,promotion context
2026-08-22,S08,P192,23.0,35.524,12.524000000000001,12.524000000000001,,,,0.7874999999999999,HIGH,recent demand momentum,inventory coverage,promotion context
2026-08-23,S08,P192,31.0,34.964,3.9639999999999986,3.9639999999999986,,,,0.7874999999999999,HIGH,recent demand momentum,inventory coverage,promotion context
2026-08-24,S08,P192,29.0,34.828,5.828000000000003,5.828000000000003,,,,0.7874999999999999,HIGH,recent demand momentum,inventory coverage,promotion context
2026-08-25,S08,P192,25.0,39.008,14.008000000000003,14.008000000000003,0.0,LOW,0.0,0.7874999999999999,HIGH,recent demand momentum,inventory coverage,promotion context
2026-08-20,S08,P193,71.0,55.82,-15.18,15.18,,,,0.7874999999999999,HIGH,recent demand momentum,inventory coverage,promotion context
2026-08-21,S08,P193,85.0,58.488,-26.512,26.512,,,,0.7874999999999999,HIGH,recent demand momentum,inventory coverage,promotion context
2026-08-22,S08,P193,79.0,64.092,-14.908000000000001,14.908000000000001,,,,0.7874999999999999,HIGH,recent demand momentum,inventory coverage,promotion context
2026-08-23,S08,P193,87.0,64.156,-22.843999999999994,22.843999999999994,,,,0.7874999999999999,HIGH,recent demand momentum,inventory coverage,promotion context
2026-08-24,S08,P193,87.0,63.652,-23.348,23.348,,,,0.7874999999999999,HIGH,recent demand momentum,inventory coverage,promotion context
2026-08-25,S08,P193,76.0,63.524,-12.475999999999999,12.475999999999999,0.0,LOW,0.0,0.7874999999999999,HIGH,recent demand momentum,inventory coverage,promotion context
2026-08-20,S08,P194,28.0,39.0,11.0,11.0,,,,0.7874999999999999,HIGH,recent demand momentum,inventory coverage,promotion context
2026-08-21,S08,P194,26.0,39.312,13.311999999999998,13.311999999999998,,,,0.7874999999999999,HIGH,recent demand momentum,inventory coverage,promotion context
2026-08-22,S08,P194,26.0,41.58,15.579999999999998,15.579999999999998,,,,0.7874999999999999,HIGH,recent demand momentum,inventory coverage,promotion context
2026-08-23,S08,P194,23.0,39.416,16.415999999999997,16.415999999999997,,,,0.7874999999999999,HIGH,recent demand momentum,inventory coverage,promotion context
2026-08-24,S08,P194,30.0,41.456,11.456000000000003,11.456000000000003,,,,0.7874999999999999,HIGH,recent demand momentum,inventory coverage,promotion context
2026-08-25,S08,P194,22.0,36.64,14.64,14.64,0.0,LOW,0.0,0.7874999999999999,HIGH,recent demand momentum,inventory coverage,promotion context
2026-08-20,S08,P195,65.0,65.112,0.11199999999999477,0.11199999999999477,,,,0.7874999999999999,HIGH,recent demand momentum,inventory coverage,promotion context
2026-08-21,S08,P195,62.0,66.368,4.367999999999995,4.367999999999995,,,,0.7874999999999999,HIGH,recent demand momentum,inventory coverage,promotion context
2026-08-22,S08,P195,64.0,66.896,2.896000000000001,2.896000000000001,,,,0.7874999999999999,HIGH,recent demand momentum,inventory coverage,promotion context
2026-08-23,S08,P195,50.0,66.808,16.808000000000007,16.808000000000007,,,,0.7874999999999999,HIGH,recent demand momentum,inventory coverage,promotion context
2026-08-24,S08,P195,57.0,68.952,11.951999999999998,11.951999999999998,,,,0.7874999999999999,HIGH,recent demand momentum,inventory coverage,promotion context
2026-08-25,S08,P195,56.0,67.432,11.432000000000002,11.432000000000002,0.0,LOW,0.0,0.7874999999999999,HIGH,recent demand momentum,inventory coverage,promotion context
2026-08-20,S08,P196,35.0,32.868,-2.131999999999998,2.131999999999998,,,,0.7874999999999999,HIGH,recent demand momentum,inventory coverage,promotion context
2026-08-21,S08,P196,31.0,35.28,4.280000000000001,4.280000000000001,,,,0.7874999999999999,HIGH,recent demand momentum,inventory coverage,promotion context
2026-08-22,S08,P196,38.0,32.964,-5.036000000000001,5.036000000000001,,,,0.7874999999999999,HIGH,recent demand momentum,inventory coverage,promotion context
2026-08-23,S08,P196,45.0,39.072,-5.927999999999997,5.927999999999997,,,,0.7874999999999999,HIGH,recent demand momentum,inventory coverage,promotion context
2026-08-24,S08,P196,45.0,40.956,-4.043999999999997,4.043999999999997,,,,0.7874999999999999,HIGH,recent demand momentum,inventory coverage,promotion context
2026-08-25,S08,P196,40.0,38.4,-1.6000000000000014,1.6000000000000014,0.0,LOW,0.0,0.7874999999999999,HIGH,recent demand momentum,inventory coverage,promotion context
2026-08-20,S08,P197,31.0,35.868,4.868000000000002,4.868000000000002,,,,0.7874999999999999,HIGH,recent demand momentum,inventory coverage,promotion context
2026-08-21,S08,P197,24.0,34.788,10.787999999999997,10.787999999999997,,,,0.7874999999999999,HIGH,recent demand momentum,inventory coverage,promotion context
2026-08-22,S08,P197,19.0,24.756,5.756,5.756,,,,0.7874999999999999,HIGH,recent demand momentum,inventory coverage,promotion context
2026-08-23,S08,P197,21.0,29.976,8.975999999999999,8.975999999999999,,,,0.7874999999999999,HIGH,recent demand momentum,inventory coverage,promotion context
2026-08-24,S08,P197,22.0,26.484,4.484000000000002,4.484000000000002,,,,0.7874999999999999,HIGH,recent demand momentum,inventory coverage,promotion context
2026-08-25,S08,P197,17.0,31.62,14.620000000000001,14.620000000000001,0.0,LOW,0.0,0.7874999999999999,HIGH,recent demand momentum,inventory coverage,promotion context
2026-08-20,S08,P198,33.0,37.888,4.887999999999998,4.887999999999998,,,,0.7874999999999999,HIGH,recent demand momentum,inventory coverage,promotion context
2026-08-21,S08,P198,33.0,35.144,2.1439999999999984,2.1439999999999984,,,,0.7874999999999999,HIGH,recent demand momentum,inventory coverage,promotion context
2026-08-22,S08,P198,35.0,33.584,-1.4159999999999968,1.4159999999999968,,,,0.7874999999999999,HIGH,recent demand momentum,inventory coverage,promotion context
2026-08-23,S08,P198,37.0,36.424,-0.5760000000000005,0.5760000000000005,,,,0.7874999999999999,HIGH,recent demand momentum,inventory coverage,promotion context
2026-08-24,S08,P198,39.0,36.02,-2.979999999999997,2.979999999999997,,,,0.7874999999999999,HIGH,recent demand momentum,inventory coverage,promotion context
2026-08-25,S08,P198,29.0,33.46,4.460000000000001,4.460000000000001,0.0,LOW,0.0,0.7874999999999999,HIGH,recent demand momentum,inventory coverage,promotion context
2026-08-20,S08,P199,182.0,134.42,-47.58000000000001,47.58000000000001,,,,0.7874999999999999,HIGH,recent demand momentum,inventory coverage,promotion context
2026-08-21,S08,P199,158.0,138.344,-19.656000000000006,19.656000000000006,,,,0.7874999999999999,HIGH,recent demand momentum,inventory coverage,promotion context
2026-08-22,S08,P199,166.0,132.22,-33.78,33.78,,,,0.7874999999999999,HIGH,recent demand momentum,inventory coverage,promotion context
2026-08-23,S08,P199,148.0,134.86,-13.139999999999986,13.139999999999986,,,,0.7874999999999999,HIGH,recent demand momentum,inventory coverage,promotion context
2026-08-24,S08,P199,159.0,134.696,-24.304000000000002,24.304000000000002,,,,0.7874999999999999,HIGH,recent demand momentum,inventory coverage,promotion context
2026-08-25,S08,P199,136.0,130.064,-5.936000000000007,5.936000000000007,0.0,LOW,0.0,0.7874999999999999,HIGH,recent demand momentum,inventory coverage,promotion context
2026-08-20,S08,P200,102.0,72.452,-29.548000000000002,29.548000000000002,,,,0.7874999999999999,HIGH,recent demand momentum,inventory coverage,promotion context
2026-08-21,S08,P200,99.0,72.3,-26.700000000000003,26.700000000000003,,,,0.7874999999999999,HIGH,recent demand momentum,inventory coverage,promotion context
2026-08-22,S08,P200,90.0,72.756,-17.244,17.244,,,,0.7874999999999999,HIGH,recent demand momentum,inventory coverage,promotion context
2026-08-23,S08,P200,95.0,72.596,-22.403999999999996,22.403999999999996,,,,0.7874999999999999,HIGH,recent demand momentum,inventory coverage,promotion context
2026-08-24,S08,P200,95.0,74.436,-20.563999999999993,20.563999999999993,,,,0.7874999999999999,HIGH,recent demand momentum,inventory coverage,promotion context
2026-08-25,S08,P200,80.0,71.804,-8.195999999999998,8.195999999999998,0.0,LOW,0.0,0.7874999999999999,HIGH,recent demand momentum,inventory coverage,promotion context
2026-08-20,S08,P201,165.0,147.156,-17.843999999999994,17.843999999999994,,,,0.7874999999999999,HIGH,recent demand momentum,inventory coverage,promotion context
2026-08-21,S08,P201,165.0,148.408,-16.592000000000013,16.592000000000013,,,,0.7874999999999999,HIGH,recent demand momentum,inventory coverage,promotion context
2026-08-22,S08,P201,168.0,141.524,-26.476,26.476,,,,0.7874999999999999,HIGH,recent demand momentum,inventory coverage,promotion context
2026-08-23,S08,P201,151.0,136.152,-14.848000000000013,14.848000000000013,,,,0.7874999999999999,HIGH,recent demand momentum,inventory coverage,promotion context
2026-08-24,S08,P201,136.0,136.864,0.8640000000000043,0.8640000000000043,,,,0.7874999999999999,HIGH,recent demand momentum,inventory coverage,promotion context
2026-08-25,S08,P201,117.0,134.38,17.379999999999995,17.379999999999995,,,,0.7874999999999999,HIGH,recent demand momentum,inventory coverage,promotion context
2026-08-24,S08,P202,4.0,6.932,2.9320000000000004,2.9320000000000004,,,,0.7874999999999999,HIGH,recent demand momentum,inventory coverage,promotion context
2026-08-21,S08,P203,6.0,8.468,2.468,2.468,,,,0.7874999999999999,HIGH,recent demand momentum,inventory coverage,promotion context
2026-08-24,S08,P203,6.0,7.452,1.452,1.452,,,,0.7874999999999999,HIGH,recent demand momentum,inventory coverage,promotion context
2026-08-25,S08,P203,1.0,9.164,8.164,8.164,0.0,LOW,0.0,0.7874999999999999,HIGH,recent demand momentum,inventory coverage,promotion context
2026-08-20,S08,P204,1.0,8.944,7.944000000000001,7.944000000000001,,,,0.7874999999999999,HIGH,recent demand momentum,inventory coverage,promotion context
2026-08-21,S08,P204,0.0,10.436,10.436,10.436,,,,0.7874999999999999,HIGH,recent demand momentum,inventory coverage,promotion context
2026-08-20,S08,P205,12.0,16.3,4.300000000000001,4.300000000000001,,,,0.7874999999999999,HIGH,recent demand momentum,inventory coverage,promotion context
2026-08-21,S08,P205,13.0,17.396,4.396000000000001,4.396000000000001,,,,0.7874999999999999,HIGH,recent demand momentum,inventory coverage,promotion context
2026-08-22,S08,P205,10.0,17.924,7.9239999999999995,7.9239999999999995,,,,0.7874999999999999,HIGH,recent demand momentum,inventory coverage,promotion context
2026-08-24,S08,P205,12.0,15.28,3.2799999999999994,3.2799999999999994,,,,0.7874999999999999,HIGH,recent demand momentum,inventory coverage,promotion context
2026-08-25,S08,P205,10.0,17.048,7.047999999999998,7.047999999999998,0.0,LOW,0.0,0.7874999999999999,HIGH,recent demand momentum,inventory coverage,promotion context
2026-08-20,S08,P206,10.0,6.98,-3.0199999999999996,3.0199999999999996,,,,0.7874999999999999,HIGH,recent demand momentum,inventory coverage,promotion context
2026-08-23,S08,P206,15.0,7.984,-7.016,7.016,,,,0.7874999999999999,HIGH,recent demand momentum,inventory coverage,promotion context
2026-08-24,S08,P206,8.0,9.832,1.8320000000000007,1.8320000000000007,,,,0.7874999999999999,HIGH,recent demand momentum,inventory coverage,promotion context
2026-08-21,S08,P207,3.0,3.812,0.8119999999999998,0.8119999999999998,,,,0.7874999999999999,HIGH,recent demand momentum,inventory coverage,promotion context
2026-08-22,S08,P207,2.0,5.468,3.468,3.468,,,,0.7874999999999999,HIGH,recent demand momentum,inventory coverage,promotion context
2026-08-25,S08,P207,1.0,6.192,5.192,5.192,0.0,LOW,0.0,0.7874999999999999,HIGH,recent demand momentum,inventory coverage,promotion context
2026-08-20,S08,P208,23.0,14.632,-8.368,8.368,,,,0.7874999999999999,HIGH,recent demand momentum,inventory coverage,promotion context
2026-08-21,S08,P208,20.0,21.504,1.5040000000000013,1.5040000000000013,,,,0.7874999999999999,HIGH,recent demand momentum,inventory coverage,promotion context
2026-08-22,S08,P208,20.0,16.776,-3.224,3.224,,,,0.7874999999999999,HIGH,recent demand momentum,inventory coverage,promotion context
2026-08-24,S08,P208,19.0,15.288,-3.7119999999999997,3.7119999999999997,,,,0.7874999999999999,HIGH,recent demand momentum,inventory coverage,promotion context
2026-08-25,S08,P208,11.0,17.388,6.388000000000002,6.388000000000002,,,,0.7874999999999999,HIGH,recent demand momentum,inventory coverage,promotion context
2026-08-22,S08,P209,15.0,11.908,-3.0920000000000005,3.0920000000000005,,,,0.7874999999999999,HIGH,recent demand momentum,inventory coverage,promotion context
2026-08-23,S08,P209,13.0,13.488,0.48799999999999955,0.48799999999999955,,,,0.7874999999999999,HIGH,recent demand momentum,inventory coverage,promotion context
2026-08-24,S08,P209,14.0,12.636,-1.3640000000000008,1.3640000000000008,,,,0.7874999999999999,HIGH,recent demand momentum,inventory coverage,promotion context
2026-08-25,S08,P209,13.0,14.72,1.7200000000000006,1.7200000000000006,,,,0.7874999999999999,HIGH,recent demand momentum,inventory coverage,promotion context
2026-08-22,S08,P210,11.0,4.572,-6.428,6.428,,,,0.7874999999999999,HIGH,recent demand momentum,inventory coverage,promotion context
2026-08-24,S08,P210,5.0,6.296,1.2960000000000003,1.2960000000000003,,,,0.7874999999999999,HIGH,recent demand momentum,inventory coverage,promotion context
2026-08-20,S08,P211,43.0,50.412,7.411999999999999,7.411999999999999,,,,0.7874999999999999,HIGH,recent demand momentum,inventory coverage,promotion context
2026-08-21,S08,P211,42.0,54.132,12.131999999999998,12.131999999999998,,,,0.7874999999999999,HIGH,recent demand momentum,inventory coverage,promotion context
2026-08-22,S08,P211,43.0,48.776,5.776000000000003,5.776000000000003,,,,0.7874999999999999,HIGH,recent demand momentum,inventory coverage,promotion context
2026-08-23,S08,P211,44.0,50.26,6.259999999999998,6.259999999999998,,,,0.7874999999999999,HIGH,recent demand momentum,inventory coverage,promotion context
2026-08-24,S08,P211,43.0,54.1,11.100000000000001,11.100000000000001,,,,0.7874999999999999,HIGH,recent demand momentum,inventory coverage,promotion context
2026-08-25,S08,P211,38.0,52.212,14.212000000000003,14.212000000000003,0.0,LOW,0.0,0.7874999999999999,HIGH,recent demand momentum,inventory coverage,promotion context
2026-08-20,S08,P212,97.0,72.188,-24.811999999999998,24.811999999999998,,,,0.7874999999999999,HIGH,recent demand momentum,inventory coverage,promotion context
2026-08-21,S08,P212,99.0,73.084,-25.915999999999997,25.915999999999997,,,,0.7874999999999999,HIGH,recent demand momentum,inventory coverage,promotion context
2026-08-22,S08,P212,89.0,67.672,-21.328000000000003,21.328000000000003,,,,0.7874999999999999,HIGH,recent demand momentum,inventory coverage,promotion context
2026-08-23,S08,P212,93.0,69.504,-23.495999999999995,23.495999999999995,,,,0.7874999999999999,HIGH,recent demand momentum,inventory coverage,promotion context
2026-08-24,S08,P212,73.0,70.696,-2.304000000000002,2.304000000000002,,,,0.7874999999999999,HIGH,recent demand momentum,inventory coverage,promotion context
2026-08-25,S08,P212,59.0,69.092,10.091999999999999,10.091999999999999,,,,0.7874999999999999,HIGH,recent demand momentum,inventory coverage,promotion context
2026-08-20,S08,P213,52.0,68.916,16.915999999999997,16.915999999999997,,,,0.7874999999999999,HIGH,recent demand momentum,inventory coverage,promotion context
2026-08-21,S08,P213,46.0,70.868,24.867999999999995,24.867999999999995,,,,0.7874999999999999,HIGH,recent demand momentum,inventory coverage,promotion context
2026-08-22,S08,P213,46.0,67.508,21.507999999999996,21.507999999999996,,,,0.7874999999999999,HIGH,recent demand momentum,inventory coverage,promotion context
2026-08-23,S08,P213,46.0,73.864,27.864000000000004,27.864000000000004,,,,0.7874999999999999,HIGH,recent demand momentum,inventory coverage,promotion context
2026-08-24,S08,P213,45.0,75.384,30.384,30.384,,,,0.7874999999999999,HIGH,recent demand momentum,inventory coverage,promotion context
2026-08-25,S08,P213,34.0,78.42,44.42,44.42,0.0,LOW,0.0,0.7874999999999999,HIGH,recent demand momentum,inventory coverage,promotion context
2026-08-20,S08,P214,17.0,13.78,-3.2200000000000006,3.2200000000000006,,,,0.7874999999999999,HIGH,recent demand momentum,inventory coverage,promotion context
2026-08-21,S08,P214,16.0,13.5,-2.5,2.5,,,,0.7874999999999999,HIGH,recent demand momentum,inventory coverage,promotion context
2026-08-22,S08,P214,15.0,12.848,-2.1519999999999992,2.1519999999999992,,,,0.7874999999999999,HIGH,recent demand momentum,inventory coverage,promotion context
2026-08-23,S08,P214,10.0,12.292,2.292,2.292,,,,0.7874999999999999,HIGH,recent demand momentum,inventory coverage,promotion context
2026-08-24,S08,P214,10.0,13.256,3.2560000000000002,3.2560000000000002,,,,0.7874999999999999,HIGH,recent demand momentum,inventory coverage,promotion context
2026-08-25,S08,P214,4.0,10.428,6.428000000000001,6.428000000000001,0.0,LOW,0.0,0.7874999999999999,HIGH,recent demand momentum,inventory coverage,promotion context
2026-08-20,S08,P215,44.0,41.768,-2.2319999999999993,2.2319999999999993,,,,0.7874999999999999,HIGH,recent demand momentum,inventory coverage,promotion context
2026-08-22,S08,P215,44.0,39.22,-4.780000000000001,4.780000000000001,,,,0.7874999999999999,HIGH,recent demand momentum,inventory coverage,promotion context
2026-08-23,S08,P215,50.0,43.048,-6.951999999999998,6.951999999999998,,,,0.7874999999999999,HIGH,recent demand momentum,inventory coverage,promotion context
2026-08-24,S08,P215,49.0,43.72,-5.280000000000001,5.280000000000001,,,,0.7874999999999999,HIGH,recent demand momentum,inventory coverage,promotion context
2026-08-25,S08,P215,38.0,44.32,6.32,6.32,,,,0.7874999999999999,HIGH,recent demand momentum,inventory coverage,promotion context
2026-08-21,S08,P216,24.0,26.82,2.8200000000000003,2.8200000000000003,,,,0.7874999999999999,HIGH,recent demand momentum,inventory coverage,promotion context
2026-08-22,S08,P216,22.0,22.74,0.7399999999999984,0.7399999999999984,,,,0.7874999999999999,HIGH,recent demand momentum,inventory coverage,promotion context
2026-08-23,S08,P216,22.0,23.388,1.3880000000000017,1.3880000000000017,,,,0.7874999999999999,HIGH,recent demand momentum,inventory coverage,promotion context
2026-08-24,S08,P216,17.0,24.84,7.84,7.84,,,,0.7874999999999999,HIGH,recent demand momentum,inventory coverage,promotion context
2026-08-25,S08,P216,15.0,21.852,6.852,6.852,0.0,LOW,0.0,0.7874999999999999,HIGH,recent demand momentum,inventory coverage,promotion context
2026-08-21,S08,P217,15.0,23.292,8.292000000000002,8.292000000000002,,,,0.7874999999999999,HIGH,recent demand momentum,inventory coverage,promotion context
2026-08-22,S08,P217,11.0,17.112,6.111999999999998,6.111999999999998,,,,0.7874999999999999,HIGH,recent demand momentum,inventory coverage,promotion context
2026-08-23,S08,P217,10.0,17.468,7.468,7.468,,,,0.7874999999999999,HIGH,recent demand momentum,inventory coverage,promotion context
2026-08-24,S08,P217,14.0,17.74,3.7399999999999984,3.7399999999999984,,,,0.7874999999999999,HIGH,recent demand momentum,inventory coverage,promotion context
2026-08-25,S08,P217,9.0,18.612,9.611999999999998,9.611999999999998,0.0,LOW,0.0,0.7874999999999999,HIGH,recent demand momentum,inventory coverage,promotion context
2026-08-20,S08,P218,35.0,37.16,2.1599999999999966,2.1599999999999966,,,,0.7874999999999999,HIGH,recent demand momentum,inventory coverage,promotion context
2026-08-21,S08,P218,34.0,36.664,2.6640000000000015,2.6640000000000015,,,,0.7874999999999999,HIGH,recent demand momentum,inventory coverage,promotion context
2026-08-22,S08,P218,40.0,36.5,-3.5,3.5,,,,0.7874999999999999,HIGH,recent demand momentum,inventory coverage,promotion context
2026-08-23,S08,P218,38.0,37.348,-0.652000000000001,0.652000000000001,,,,0.7874999999999999,HIGH,recent demand momentum,inventory coverage,promotion context
2026-08-24,S08,P218,38.0,35.864,-2.136000000000003,2.136000000000003,,,,0.7874999999999999,HIGH,recent demand momentum,inventory coverage,promotion context
2026-08-25,S08,P218,31.0,35.028,4.027999999999999,4.027999999999999,0.0,LOW,0.0,0.7874999999999999,HIGH,recent demand momentum,inventory coverage,promotion context
2026-08-20,S08,P219,5.0,11.932,6.932,6.932,,,,0.7874999999999999,HIGH,recent demand momentum,inventory coverage,promotion context
2026-08-22,S08,P219,8.0,29.944,21.944,21.944,,,,0.7874999999999999,HIGH,recent demand momentum,inventory coverage,promotion context
2026-08-23,S08,P219,6.0,13.92,7.92,7.92,,,,0.7874999999999999,HIGH,recent demand momentum,inventory coverage,promotion context
2026-08-25,S08,P219,5.0,15.26,10.26,10.26,0.0,LOW,0.0,0.7874999999999999,HIGH,recent demand momentum,inventory coverage,promotion context
2026-08-20,S08,P220,4.0,7.32,3.3200000000000003,3.3200000000000003,,,,0.7874999999999999,HIGH,recent demand momentum,inventory coverage,promotion context
2026-08-21,S08,P220,3.0,8.408,5.4079999999999995,5.4079999999999995,,,,0.7874999999999999,HIGH,recent demand momentum,inventory coverage,promotion context
2026-08-25,S08,P220,2.0,6.74,4.74,4.74,0.0,LOW,0.0,0.7874999999999999,HIGH,recent demand momentum,inventory coverage,promotion context
2026-08-20,S09,P101,96.0,112.344,16.343999999999994,16.343999999999994,,,,0.7874999999999999,HIGH,recent demand momentum,inventory coverage,promotion context
2026-08-21,S09,P101,87.0,111.804,24.804000000000002,24.804000000000002,,,,0.7874999999999999,HIGH,recent demand momentum,inventory coverage,promotion context
2026-08-22,S09,P101,81.0,90.236,9.236000000000004,9.236000000000004,,,,0.7874999999999999,HIGH,recent demand momentum,inventory coverage,promotion context
2026-08-23,S09,P101,75.0,92.016,17.016000000000005,17.016000000000005,,,,0.7874999999999999,HIGH,recent demand momentum,inventory coverage,promotion context
2026-08-24,S09,P101,61.0,84.296,23.296000000000006,23.296000000000006,,,,0.7874999999999999,HIGH,recent demand momentum,inventory coverage,promotion context
2026-08-25,S09,P101,49.0,90.316,41.316,41.316,,,,0.7874999999999999,HIGH,recent demand momentum,inventory coverage,promotion context
2026-08-22,S09,P102,1.0,7.144,6.144,6.144,,,,0.7874999999999999,HIGH,recent demand momentum,inventory coverage,promotion context
2026-08-24,S09,P102,7.0,6.744,-0.2560000000000002,0.2560000000000002,,,,0.7874999999999999,HIGH,recent demand momentum,inventory coverage,promotion context
2026-08-20,S09,P103,177.0,172.796,-4.204000000000008,4.204000000000008,,,,0.7874999999999999,HIGH,recent demand momentum,inventory coverage,promotion context
2026-08-21,S09,P103,186.0,173.136,-12.864000000000004,12.864000000000004,,,,0.7874999999999999,HIGH,recent demand momentum,inventory coverage,promotion context
2026-08-22,S09,P103,203.0,174.54,-28.460000000000008,28.460000000000008,,,,0.7874999999999999,HIGH,recent demand momentum,inventory coverage,promotion context
2026-08-23,S09,P103,200.0,179.368,-20.632000000000005,20.632000000000005,,,,0.7874999999999999,HIGH,recent demand momentum,inventory coverage,promotion context
2026-08-24,S09,P103,191.0,174.172,-16.828000000000003,16.828000000000003,,,,0.7874999999999999,HIGH,recent demand momentum,inventory coverage,promotion context
2026-08-25,S09,P103,165.0,174.864,9.864000000000004,9.864000000000004,,,,0.7874999999999999,HIGH,recent demand momentum,inventory coverage,promotion context
2026-08-20,S09,P104,24.0,25.584,1.5839999999999996,1.5839999999999996,,,,0.7874999999999999,HIGH,recent demand momentum,inventory coverage,promotion context
2026-08-21,S09,P104,26.0,24.844,-1.1559999999999988,1.1559999999999988,,,,0.7874999999999999,HIGH,recent demand momentum,inventory coverage,promotion context
2026-08-22,S09,P104,31.0,31.816,0.815999999999999,0.815999999999999,,,,0.7874999999999999,HIGH,recent demand momentum,inventory coverage,promotion context
2026-08-24,S09,P104,33.0,33.968,0.9680000000000035,0.9680000000000035,,,,0.7874999999999999,HIGH,recent demand momentum,inventory coverage,promotion context
2026-08-25,S09,P104,29.0,26.596,-2.404,2.404,,,,0.7874999999999999,HIGH,recent demand momentum,inventory coverage,promotion context
2026-08-22,S09,P105,12.0,11.872,-0.1280000000000001,0.1280000000000001,,,,0.7874999999999999,HIGH,recent demand momentum,inventory coverage,promotion context
2026-08-24,S09,P105,11.0,11.548,0.548,0.548,,,,0.7874999999999999,HIGH,recent demand momentum,inventory coverage,promotion context
2026-08-25,S09,P105,7.0,11.58,4.58,4.58,0.0,LOW,0.0,0.7874999999999999,HIGH,recent demand momentum,inventory coverage,promotion context
2026-08-20,S09,P106,1.0,8.648,7.648,7.648,,,,0.7874999999999999,HIGH,recent demand momentum,inventory coverage,promotion context
2026-08-22,S09,P106,0.0,15.708,15.708,15.708,,,,0.7874999999999999,HIGH,recent demand momentum,inventory coverage,promotion context
2026-08-24,S09,P107,0.0,6.2,6.2,6.2,,,,0.7874999999999999,HIGH,recent demand momentum,inventory coverage,promotion context
2026-08-21,S09,P108,12.0,7.432,-4.568,4.568,,,,0.7874999999999999,HIGH,recent demand momentum,inventory coverage,promotion context
2026-08-24,S09,P108,8.0,9.092,1.0920000000000005,1.0920000000000005,,,,0.7874999999999999,HIGH,recent demand momentum,inventory coverage,promotion context
2026-08-25,S09,P108,7.0,13.172,6.172000000000001,6.172000000000001,,,,0.7874999999999999,HIGH,recent demand momentum,inventory coverage,promotion context
2026-08-20,S09,P109,36.0,37.528,1.5279999999999987,1.5279999999999987,,,,0.7874999999999999,HIGH,recent demand momentum,inventory coverage,promotion context
2026-08-21,S09,P109,35.0,37.396,2.396000000000001,2.396000000000001,,,,0.7874999999999999,HIGH,recent demand momentum,inventory coverage,promotion context
2026-08-23,S09,P109,33.0,42.396,9.396,9.396,,,,0.7874999999999999,HIGH,recent demand momentum,inventory coverage,promotion context
2026-08-24,S09,P109,30.0,37.788,7.787999999999997,7.787999999999997,,,,0.7874999999999999,HIGH,recent demand momentum,inventory coverage,promotion context
2026-08-25,S09,P109,25.0,40.888,15.887999999999998,15.887999999999998,0.0,LOW,0.0,0.7874999999999999,HIGH,recent demand momentum,inventory coverage,promotion context
2026-08-20,S09,P110,814.0,787.14,-26.860000000000014,26.860000000000014,,,,0.7874999999999999,HIGH,recent demand momentum,inventory coverage,promotion context
2026-08-21,S09,P110,796.0,801.632,5.631999999999948,5.631999999999948,,,,0.7874999999999999,HIGH,recent demand momentum,inventory coverage,promotion context
2026-08-22,S09,P110,798.0,788.504,-9.495999999999981,9.495999999999981,,,,0.7874999999999999,HIGH,recent demand momentum,inventory coverage,promotion context
2026-08-23,S09,P110,826.0,784.076,-41.92399999999998,41.92399999999998,,,,0.7874999999999999,HIGH,recent demand momentum,inventory coverage,promotion context
2026-08-24,S09,P110,842.0,812.012,-29.988000000000056,29.988000000000056,,,,0.7874999999999999,HIGH,recent demand momentum,inventory coverage,promotion context
2026-08-25,S09,P110,758.0,826.984,68.98400000000004,68.98400000000004,0.0,LOW,0.0,0.7874999999999999,HIGH,recent demand momentum,inventory coverage,promotion context
2026-08-20,S09,P111,34.0,50.108,16.107999999999997,16.107999999999997,,,,0.7874999999999999,HIGH,recent demand momentum,inventory coverage,promotion context
2026-08-21,S09,P111,43.0,48.708,5.707999999999998,5.707999999999998,,,,0.7874999999999999,HIGH,recent demand momentum,inventory coverage,promotion context
2026-08-22,S09,P111,40.0,45.912,5.911999999999999,5.911999999999999,,,,0.7874999999999999,HIGH,recent demand momentum,inventory coverage,promotion context
2026-08-23,S09,P111,34.0,46.288,12.287999999999997,12.287999999999997,,,,0.7874999999999999,HIGH,recent demand momentum,inventory coverage,promotion context
2026-08-24,S09,P111,31.0,47.444,16.444000000000003,16.444000000000003,,,,0.7874999999999999,HIGH,recent demand momentum,inventory coverage,promotion context
2026-08-25,S09,P111,24.0,47.036,23.036,23.036,0.0,LOW,0.0,0.7874999999999999,HIGH,recent demand momentum,inventory coverage,promotion context
2026-08-20,S09,P112,21.0,10.192,-10.808,10.808,,,,0.7874999999999999,HIGH,recent demand momentum,inventory coverage,promotion context
2026-08-22,S09,P112,25.0,10.572,-14.428,14.428,,,,0.7874999999999999,HIGH,recent demand momentum,inventory coverage,promotion context
2026-08-23,S09,P112,23.0,11.836,-11.164,11.164,,,,0.7874999999999999,HIGH,recent demand momentum,inventory coverage,promotion context
2026-08-24,S09,P112,19.0,13.508,-5.492000000000001,5.492000000000001,,,,0.7874999999999999,HIGH,recent demand momentum,inventory coverage,promotion context
2026-08-25,S09,P112,13.0,12.332,-0.6679999999999993,0.6679999999999993,0.0,LOW,0.0,0.7874999999999999,HIGH,recent demand momentum,inventory coverage,promotion context
2026-08-20,S09,P113,49.0,24.684,-24.316,24.316,,,,0.7874999999999999,HIGH,recent demand momentum,inventory coverage,promotion context
2026-08-21,S09,P113,44.0,23.228,-20.772,20.772,,,,0.7874999999999999,HIGH,recent demand momentum,inventory coverage,promotion context
2026-08-22,S09,P113,41.0,23.524,-17.476,17.476,,,,0.7874999999999999,HIGH,recent demand momentum,inventory coverage,promotion context
2026-08-23,S09,P113,35.0,24.704,-10.296,10.296,,,,0.7874999999999999,HIGH,recent demand momentum,inventory coverage,promotion context
2026-08-24,S09,P113,32.0,28.0,-4.0,4.0,,,,0.7874999999999999,HIGH,recent demand momentum,inventory coverage,promotion context
2026-08-25,S09,P113,30.0,27.604,-2.396000000000001,2.396000000000001,0.0,LOW,0.0,0.7874999999999999,HIGH,recent demand momentum,inventory coverage,promotion context
2026-08-20,S09,P114,33.0,30.172,-2.8279999999999994,2.8279999999999994,,,,0.7874999999999999,HIGH,recent demand momentum,inventory coverage,promotion context
2026-08-21,S09,P114,25.0,31.096,6.096,6.096,,,,0.7874999999999999,HIGH,recent demand momentum,inventory coverage,promotion context
2026-08-23,S09,P114,28.0,29.84,1.8399999999999999,1.8399999999999999,,,,0.7874999999999999,HIGH,recent demand momentum,inventory coverage,promotion context
2026-08-24,S09,P114,25.0,27.592,2.5919999999999987,2.5919999999999987,,,,0.7874999999999999,HIGH,recent demand momentum,inventory coverage,promotion context
2026-08-25,S09,P114,24.0,28.764,4.763999999999999,4.763999999999999,,,,0.7874999999999999,HIGH,recent demand momentum,inventory coverage,promotion context
2026-08-20,S09,P115,12.0,10.872,-1.1280000000000001,1.1280000000000001,,,,0.7874999999999999,HIGH,recent demand momentum,inventory coverage,promotion context
2026-08-22,S09,P115,8.0,10.144,2.144,2.144,,,,0.7874999999999999,HIGH,recent demand momentum,inventory coverage,promotion context
2026-08-20,S09,P116,15.0,30.988,15.988,15.988,,,,0.7874999999999999,HIGH,recent demand momentum,inventory coverage,promotion context
2026-08-21,S09,P116,22.0,30.824,8.824000000000002,8.824000000000002,,,,0.7874999999999999,HIGH,recent demand momentum,inventory coverage,promotion context
2026-08-23,S09,P116,33.0,35.136,2.136000000000003,2.136000000000003,,,,0.7874999999999999,HIGH,recent demand momentum,inventory coverage,promotion context
2026-08-24,S09,P116,33.0,34.224,1.2239999999999966,1.2239999999999966,,,,0.7874999999999999,HIGH,recent demand momentum,inventory coverage,promotion context
2026-08-25,S09,P116,28.0,32.148,4.148000000000003,4.148000000000003,,,,0.7874999999999999,HIGH,recent demand momentum,inventory coverage,promotion context
2026-08-20,S09,P117,20.0,18.752,-1.248000000000001,1.248000000000001,,,,0.7874999999999999,HIGH,recent demand momentum,inventory coverage,promotion context
2026-08-21,S09,P117,26.0,18.856,-7.143999999999998,7.143999999999998,,,,0.7874999999999999,HIGH,recent demand momentum,inventory coverage,promotion context
2026-08-22,S09,P117,29.0,19.944,-9.056000000000001,9.056000000000001,,,,0.7874999999999999,HIGH,recent demand momentum,inventory coverage,promotion context
2026-08-23,S09,P117,30.0,19.784,-10.216000000000001,10.216000000000001,,,,0.7874999999999999,HIGH,recent demand momentum,inventory coverage,promotion context
2026-08-24,S09,P117,28.0,19.396,-8.604,8.604,,,,0.7874999999999999,HIGH,recent demand momentum,inventory coverage,promotion context
2026-08-25,S09,P117,27.0,18.656,-8.344000000000001,8.344000000000001,,,,0.7874999999999999,HIGH,recent demand momentum,inventory coverage,promotion context
2026-08-22,S09,P118,5.0,17.292,12.292000000000002,12.292000000000002,,,,0.7874999999999999,HIGH,recent demand momentum,inventory coverage,promotion context
2026-08-23,S09,P118,5.0,17.54,12.54,12.54,,,,0.7874999999999999,HIGH,recent demand momentum,inventory coverage,promotion context
2026-08-20,S09,P119,22.0,15.148,-6.852,6.852,,,,0.7874999999999999,HIGH,recent demand momentum,inventory coverage,promotion context
2026-08-21,S09,P119,22.0,15.928,-6.071999999999999,6.071999999999999,,,,0.7874999999999999,HIGH,recent demand momentum,inventory coverage,promotion context
2026-08-22,S09,P119,17.0,14.488,-2.5120000000000005,2.5120000000000005,,,,0.7874999999999999,HIGH,recent demand momentum,inventory coverage,promotion context
2026-08-24,S09,P119,17.0,19.14,2.1400000000000006,2.1400000000000006,,,,0.7874999999999999,HIGH,recent demand momentum,inventory coverage,promotion context
2026-08-25,S09,P119,14.0,18.324,4.324000000000002,4.324000000000002,,,,0.7874999999999999,HIGH,recent demand momentum,inventory coverage,promotion context
2026-08-20,S09,P120,16.0,18.936,2.936,2.936,,,,0.7874999999999999,HIGH,recent demand momentum,inventory coverage,promotion context
2026-08-21,S09,P120,21.0,19.0,-2.0,2.0,,,,0.7874999999999999,HIGH,recent demand momentum,inventory coverage,promotion context
2026-08-22,S09,P120,23.0,20.292,-2.7079999999999984,2.7079999999999984,,,,0.7874999999999999,HIGH,recent demand momentum,inventory coverage,promotion context
2026-08-23,S09,P120,23.0,19.12,-3.879999999999999,3.879999999999999,,,,0.7874999999999999,HIGH,recent demand momentum,inventory coverage,promotion context
2026-08-24,S09,P120,21.0,23.028,2.0279999999999987,2.0279999999999987,,,,0.7874999999999999,HIGH,recent demand momentum,inventory coverage,promotion context
2026-08-25,S09,P120,20.0,21.752,1.751999999999999,1.751999999999999,,,,0.7874999999999999,HIGH,recent demand momentum,inventory coverage,promotion context
2026-08-20,S09,P121,15.0,15.068,0.06799999999999962,0.06799999999999962,,,,0.7874999999999999,HIGH,recent demand momentum,inventory coverage,promotion context
2026-08-21,S09,P121,15.0,15.864,0.8640000000000008,0.8640000000000008,,,,0.7874999999999999,HIGH,recent demand momentum,inventory coverage,promotion context
2026-08-22,S09,P121,11.0,11.288,0.28800000000000026,0.28800000000000026,,,,0.7874999999999999,HIGH,recent demand momentum,inventory coverage,promotion context
2026-08-24,S09,P121,8.0,14.556,6.555999999999999,6.555999999999999,,,,0.7874999999999999,HIGH,recent demand momentum,inventory coverage,promotion context
2026-08-20,S09,P122,18.0,24.728,6.7280000000000015,6.7280000000000015,,,,0.7874999999999999,HIGH,recent demand momentum,inventory coverage,promotion context
2026-08-21,S09,P122,20.0,24.096,4.096,4.096,,,,0.7874999999999999,HIGH,recent demand momentum,inventory coverage,promotion context
2026-08-22,S09,P122,21.0,23.332,2.3320000000000007,2.3320000000000007,,,,0.7874999999999999,HIGH,recent demand momentum,inventory coverage,promotion context
2026-08-23,S09,P122,21.0,26.876,5.876000000000001,5.876000000000001,,,,0.7874999999999999,HIGH,recent demand momentum,inventory coverage,promotion context
2026-08-24,S09,P122,19.0,32.76,13.759999999999998,13.759999999999998,,,,0.7874999999999999,HIGH,recent demand momentum,inventory coverage,promotion context
2026-08-20,S09,P123,120.0,173.012,53.012,53.012,,,,0.7874999999999999,HIGH,recent demand momentum,inventory coverage,promotion context
2026-08-21,S09,P123,109.0,168.492,59.49199999999999,59.49199999999999,,,,0.7874999999999999,HIGH,recent demand momentum,inventory coverage,promotion context
2026-08-22,S09,P123,122.0,127.816,5.8160000000000025,5.8160000000000025,,,,0.7874999999999999,HIGH,recent demand momentum,inventory coverage,promotion context
2026-08-23,S09,P123,143.0,170.916,27.915999999999997,27.915999999999997,,,,0.7874999999999999,HIGH,recent demand momentum,inventory coverage,promotion context
2026-08-24,S09,P123,146.0,127.812,-18.188000000000002,18.188000000000002,,,,0.7874999999999999,HIGH,recent demand momentum,inventory coverage,promotion context
2026-08-25,S09,P123,120.0,121.412,1.4120000000000061,1.4120000000000061,0.0,LOW,0.0,0.7874999999999999,HIGH,recent demand momentum,inventory coverage,promotion context
2026-08-20,S09,P124,63.0,65.436,2.436000000000007,2.436000000000007,,,,0.7874999999999999,HIGH,recent demand momentum,inventory coverage,promotion context
2026-08-21,S09,P124,64.0,64.364,0.3640000000000043,0.3640000000000043,,,,0.7874999999999999,HIGH,recent demand momentum,inventory coverage,promotion context
2026-08-22,S09,P124,62.0,65.7,3.700000000000003,3.700000000000003,,,,0.7874999999999999,HIGH,recent demand momentum,inventory coverage,promotion context
2026-08-23,S09,P124,53.0,67.98,14.980000000000004,14.980000000000004,,,,0.7874999999999999,HIGH,recent demand momentum,inventory coverage,promotion context
2026-08-24,S09,P124,59.0,68.384,9.384,9.384,,,,0.7874999999999999,HIGH,recent demand momentum,inventory coverage,promotion context
2026-08-25,S09,P124,50.0,67.468,17.468000000000004,17.468000000000004,,,,0.7874999999999999,HIGH,recent demand momentum,inventory coverage,promotion context
2026-08-20,S09,P125,6.0,16.324,10.324000000000002,10.324000000000002,,,,0.7874999999999999,HIGH,recent demand momentum,inventory coverage,promotion context
2026-08-21,S09,P125,4.0,14.564,10.564,10.564,,,,0.7874999999999999,HIGH,recent demand momentum,inventory coverage,promotion context
2026-08-22,S09,P125,4.0,14.028,10.028,10.028,,,,0.7874999999999999,HIGH,recent demand momentum,inventory coverage,promotion context
2026-08-25,S09,P125,4.0,19.98,15.98,15.98,0.0,LOW,0.0,0.7874999999999999,HIGH,recent demand momentum,inventory coverage,promotion context
2026-08-20,S09,P126,86.0,72.664,-13.335999999999999,13.335999999999999,,,,0.7874999999999999,HIGH,recent demand momentum,inventory coverage,promotion context
2026-08-21,S09,P126,75.0,77.4,2.4000000000000057,2.4000000000000057,,,,0.7874999999999999,HIGH,recent demand momentum,inventory coverage,promotion context
2026-08-22,S09,P126,80.0,77.42,-2.5799999999999983,2.5799999999999983,,,,0.7874999999999999,HIGH,recent demand momentum,inventory coverage,promotion context
2026-08-23,S09,P126,78.0,79.152,1.152000000000001,1.152000000000001,,,,0.7874999999999999,HIGH,recent demand momentum,inventory coverage,promotion context
2026-08-24,S09,P126,67.0,76.196,9.195999999999998,9.195999999999998,,,,0.7874999999999999,HIGH,recent demand momentum,inventory coverage,promotion context
2026-08-25,S09,P126,55.0,77.56,22.560000000000002,22.560000000000002,,,,0.7874999999999999,HIGH,recent demand momentum,inventory coverage,promotion context
2026-08-20,S09,P127,154.0,166.064,12.063999999999993,12.063999999999993,,,,0.7874999999999999,HIGH,recent demand momentum,inventory coverage,promotion context
2026-08-21,S09,P127,139.0,175.412,36.412000000000006,36.412000000000006,,,,0.7874999999999999,HIGH,recent demand momentum,inventory coverage,promotion context
2026-08-22,S09,P127,146.0,174.648,28.647999999999996,28.647999999999996,,,,0.7874999999999999,HIGH,recent demand momentum,inventory coverage,promotion context
2026-08-23,S09,P127,156.0,177.956,21.95599999999999,21.95599999999999,,,,0.7874999999999999,HIGH,recent demand momentum,inventory coverage,promotion context
2026-08-24,S09,P127,154.0,176.376,22.376000000000005,22.376000000000005,,,,0.7874999999999999,HIGH,recent demand momentum,inventory coverage,promotion context
2026-08-25,S09,P127,131.0,175.9,44.900000000000006,44.900000000000006,0.0,LOW,0.0,0.7874999999999999,HIGH,recent demand momentum,inventory coverage,promotion context
2026-08-20,S09,P128,25.0,26.32,1.3200000000000003,1.3200000000000003,,,,0.7874999999999999,HIGH,recent demand momentum,inventory coverage,promotion context
2026-08-21,S09,P128,26.0,25.352,-0.6479999999999997,0.6479999999999997,,,,0.7874999999999999,HIGH,recent demand momentum,inventory coverage,promotion context
2026-08-23,S09,P128,26.0,26.064,0.06400000000000006,0.06400000000000006,,,,0.7874999999999999,HIGH,recent demand momentum,inventory coverage,promotion context
2026-08-25,S09,P128,18.0,26.736,8.736,8.736,0.0,LOW,0.0,0.7874999999999999,HIGH,recent demand momentum,inventory coverage,promotion context
2026-08-20,S09,P129,117.0,110.268,-6.731999999999999,6.731999999999999,,,,0.7874999999999999,HIGH,recent demand momentum,inventory coverage,promotion context
2026-08-21,S09,P129,119.0,114.56,-4.439999999999998,4.439999999999998,,,,0.7874999999999999,HIGH,recent demand momentum,inventory coverage,promotion context
2026-08-22,S09,P129,122.0,114.548,-7.451999999999998,7.451999999999998,,,,0.7874999999999999,HIGH,recent demand momentum,inventory coverage,promotion context
2026-08-23,S09,P129,126.0,105.48,-20.519999999999996,20.519999999999996,,,,0.7874999999999999,HIGH,recent demand momentum,inventory coverage,promotion context
2026-08-24,S09,P129,122.0,115.904,-6.096000000000004,6.096000000000004,,,,0.7874999999999999,HIGH,recent demand momentum,inventory coverage,promotion context
2026-08-25,S09,P129,110.0,116.552,6.552000000000007,6.552000000000007,0.0,LOW,0.0,0.7874999999999999,HIGH,recent demand momentum,inventory coverage,promotion context
2026-08-20,S09,P130,163.0,217.472,54.47200000000001,54.47200000000001,,,,0.7874999999999999,HIGH,recent demand momentum,inventory coverage,promotion context
2026-08-21,S09,P130,160.0,274.332,114.332,114.332,,,,0.7874999999999999,HIGH,recent demand momentum,inventory coverage,promotion context
2026-08-22,S09,P130,164.0,272.972,108.97199999999998,108.97199999999998,,,,0.7874999999999999,HIGH,recent demand momentum,inventory coverage,promotion context
2026-08-23,S09,P130,189.0,271.3,82.30000000000001,82.30000000000001,,,,0.7874999999999999,HIGH,recent demand momentum,inventory coverage,promotion context
2026-08-24,S09,P130,199.0,210.844,11.843999999999994,11.843999999999994,,,,0.7874999999999999,HIGH,recent demand momentum,inventory coverage,promotion context
2026-08-25,S09,P130,175.0,271.336,96.33600000000001,96.33600000000001,0.0,LOW,0.0,0.7874999999999999,HIGH,recent demand momentum,inventory coverage,promotion context
2026-08-20,S09,P131,104.0,119.148,15.147999999999996,15.147999999999996,,,,0.7874999999999999,HIGH,recent demand momentum,inventory coverage,promotion context
2026-08-21,S09,P131,96.0,116.252,20.251999999999995,20.251999999999995,,,,0.7874999999999999,HIGH,recent demand momentum,inventory coverage,promotion context
2026-08-22,S09,P131,90.0,115.752,25.751999999999995,25.751999999999995,,,,0.7874999999999999,HIGH,recent demand momentum,inventory coverage,promotion context
2026-08-23,S09,P131,103.0,122.972,19.971999999999994,19.971999999999994,,,,0.7874999999999999,HIGH,recent demand momentum,inventory coverage,promotion context
2026-08-24,S09,P131,104.0,122.052,18.052000000000007,18.052000000000007,,,,0.7874999999999999,HIGH,recent demand momentum,inventory coverage,promotion context
2026-08-25,S09,P131,98.0,117.428,19.427999999999997,19.427999999999997,0.0,LOW,0.0,0.7874999999999999,HIGH,recent demand momentum,inventory coverage,promotion context
2026-08-20,S09,P132,40.0,58.412,18.412,18.412,,,,0.7874999999999999,HIGH,recent demand momentum,inventory coverage,promotion context
2026-08-21,S09,P132,34.0,51.252,17.252000000000002,17.252000000000002,,,,0.7874999999999999,HIGH,recent demand momentum,inventory coverage,promotion context
2026-08-22,S09,P132,32.0,56.876,24.875999999999998,24.875999999999998,,,,0.7874999999999999,HIGH,recent demand momentum,inventory coverage,promotion context
2026-08-23,S09,P132,37.0,54.456,17.456000000000003,17.456000000000003,,,,0.7874999999999999,HIGH,recent demand momentum,inventory coverage,promotion context
2026-08-24,S09,P132,35.0,55.7,20.700000000000003,20.700000000000003,,,,0.7874999999999999,HIGH,recent demand momentum,inventory coverage,promotion context
2026-08-25,S09,P132,33.0,56.424,23.424,23.424,0.0,LOW,0.0,0.7874999999999999,HIGH,recent demand momentum,inventory coverage,promotion context
2026-08-20,S09,P133,223.0,231.244,8.244,8.244,,,,0.7874999999999999,HIGH,recent demand momentum,inventory coverage,promotion context
2026-08-21,S09,P133,215.0,245.808,30.807999999999993,30.807999999999993,,,,0.7874999999999999,HIGH,recent demand momentum,inventory coverage,promotion context
2026-08-22,S09,P133,206.0,243.948,37.94800000000001,37.94800000000001,,,,0.7874999999999999,HIGH,recent demand momentum,inventory coverage,promotion context
2026-08-23,S09,P133,209.0,263.8,54.80000000000001,54.80000000000001,,,,0.7874999999999999,HIGH,recent demand momentum,inventory coverage,promotion context
2026-08-24,S09,P133,217.0,260.012,43.012,43.012,,,,0.7874999999999999,HIGH,recent demand momentum,inventory coverage,promotion context
2026-08-25,S09,P133,191.0,261.616,70.61599999999999,70.61599999999999,,,,0.7874999999999999,HIGH,recent demand momentum,inventory coverage,promotion context
2026-08-20,S09,P134,98.0,108.0,10.0,10.0,,,,0.7874999999999999,HIGH,recent demand momentum,inventory coverage,promotion context
2026-08-21,S09,P134,93.0,108.512,15.512,15.512,,,,0.7874999999999999,HIGH,recent demand momentum,inventory coverage,promotion context
2026-08-22,S09,P134,87.0,102.856,15.855999999999995,15.855999999999995,,,,0.7874999999999999,HIGH,recent demand momentum,inventory coverage,promotion context
2026-08-23,S09,P134,91.0,103.136,12.135999999999996,12.135999999999996,,,,0.7874999999999999,HIGH,recent demand momentum,inventory coverage,promotion context
2026-08-24,S09,P134,102.0,96.368,-5.632000000000005,5.632000000000005,,,,0.7874999999999999,HIGH,recent demand momentum,inventory coverage,promotion context
2026-08-25,S09,P134,91.0,99.156,8.156000000000006,8.156000000000006,0.0,LOW,0.0,0.7874999999999999,HIGH,recent demand momentum,inventory coverage,promotion context
2026-08-20,S09,P135,48.0,55.74,7.740000000000002,7.740000000000002,,,,0.7874999999999999,HIGH,recent demand momentum,inventory coverage,promotion context
2026-08-21,S09,P135,41.0,45.704,4.704000000000001,4.704000000000001,,,,0.7874999999999999,HIGH,recent demand momentum,inventory coverage,promotion context
2026-08-22,S09,P135,39.0,54.516,15.515999999999998,15.515999999999998,,,,0.7874999999999999,HIGH,recent demand momentum,inventory coverage,promotion context
2026-08-23,S09,P135,33.0,54.76,21.759999999999998,21.759999999999998,,,,0.7874999999999999,HIGH,recent demand momentum,inventory coverage,promotion context
2026-08-24,S09,P135,31.0,53.044,22.043999999999997,22.043999999999997,,,,0.7874999999999999,HIGH,recent demand momentum,inventory coverage,promotion context
2026-08-25,S09,P135,30.0,48.104,18.104,18.104,,,,0.7874999999999999,HIGH,recent demand momentum,inventory coverage,promotion context
2026-08-20,S09,P136,5.0,5.112,0.1120000000000001,0.1120000000000001,,,,0.7874999999999999,HIGH,recent demand momentum,inventory coverage,promotion context
2026-08-21,S09,P136,4.0,7.836,3.8360000000000003,3.8360000000000003,,,,0.7874999999999999,HIGH,recent demand momentum,inventory coverage,promotion context
2026-08-22,S09,P136,3.0,5.396,2.396,2.396,,,,0.7874999999999999,HIGH,recent demand momentum,inventory coverage,promotion context
2026-08-23,S09,P136,2.0,5.984,3.984,3.984,,,,0.7874999999999999,HIGH,recent demand momentum,inventory coverage,promotion context
2026-08-24,S09,P136,1.0,5.376,4.376,4.376,,,,0.7874999999999999,HIGH,recent demand momentum,inventory coverage,promotion context
2026-08-20,S09,P137,84.0,77.06,-6.939999999999998,6.939999999999998,,,,0.7874999999999999,HIGH,recent demand momentum,inventory coverage,promotion context
2026-08-21,S09,P137,84.0,80.956,-3.043999999999997,3.043999999999997,,,,0.7874999999999999,HIGH,recent demand momentum,inventory coverage,promotion context
2026-08-22,S09,P137,75.0,76.016,1.0160000000000053,1.0160000000000053,,,,0.7874999999999999,HIGH,recent demand momentum,inventory coverage,promotion context
2026-08-23,S09,P137,71.0,82.56,11.560000000000002,11.560000000000002,,,,0.7874999999999999,HIGH,recent demand momentum,inventory coverage,promotion context
2026-08-24,S09,P137,68.0,85.216,17.215999999999994,17.215999999999994,,,,0.7874999999999999,HIGH,recent demand momentum,inventory coverage,promotion context
2026-08-25,S09,P137,55.0,83.4,28.400000000000006,28.400000000000006,0.0,LOW,0.0,0.7874999999999999,HIGH,recent demand momentum,inventory coverage,promotion context
2026-08-20,S09,P138,43.0,47.668,4.667999999999999,4.667999999999999,,,,0.7874999999999999,HIGH,recent demand momentum,inventory coverage,promotion context
2026-08-21,S09,P138,39.0,49.524,10.524000000000001,10.524000000000001,,,,0.7874999999999999,HIGH,recent demand momentum,inventory coverage,promotion context
2026-08-22,S09,P138,36.0,47.928,11.927999999999997,11.927999999999997,,,,0.7874999999999999,HIGH,recent demand momentum,inventory coverage,promotion context
2026-08-23,S09,P138,36.0,49.98,13.979999999999997,13.979999999999997,,,,0.7874999999999999,HIGH,recent demand momentum,inventory coverage,promotion context
2026-08-24,S09,P138,41.0,50.448,9.448,9.448,,,,0.7874999999999999,HIGH,recent demand momentum,inventory coverage,promotion context
2026-08-25,S09,P138,35.0,48.352,13.351999999999997,13.351999999999997,0.0,LOW,0.0,0.7874999999999999,HIGH,recent demand momentum,inventory coverage,promotion context
2026-08-20,S09,P139,5.0,14.316,9.316,9.316,,,,0.7874999999999999,HIGH,recent demand momentum,inventory coverage,promotion context
2026-08-21,S09,P139,12.0,12.664,0.6639999999999997,0.6639999999999997,,,,0.7874999999999999,HIGH,recent demand momentum,inventory coverage,promotion context
2026-08-22,S09,P139,12.0,13.216,1.2159999999999993,1.2159999999999993,,,,0.7874999999999999,HIGH,recent demand momentum,inventory coverage,promotion context
2026-08-24,S09,P139,12.0,15.12,3.119999999999999,3.119999999999999,,,,0.7874999999999999,HIGH,recent demand momentum,inventory coverage,promotion context
2026-08-22,S09,P140,20.0,31.28,11.280000000000001,11.280000000000001,,,,0.7874999999999999,HIGH,recent demand momentum,inventory coverage,promotion context
2026-08-23,S09,P140,24.0,27.4,3.3999999999999986,3.3999999999999986,,,,0.7874999999999999,HIGH,recent demand momentum,inventory coverage,promotion context
2026-08-24,S09,P140,25.0,27.172,2.1720000000000006,2.1720000000000006,,,,0.7874999999999999,HIGH,recent demand momentum,inventory coverage,promotion context
2026-08-25,S09,P140,15.0,23.908,8.908000000000001,8.908000000000001,,,,0.7874999999999999,HIGH,recent demand momentum,inventory coverage,promotion context
2026-08-20,S09,P141,28.0,22.592,-5.408000000000001,5.408000000000001,,,,0.7874999999999999,HIGH,recent demand momentum,inventory coverage,promotion context
2026-08-21,S09,P141,24.0,26.644,2.6439999999999984,2.6439999999999984,,,,0.7874999999999999,HIGH,recent demand momentum,inventory coverage,promotion context
2026-08-22,S09,P141,33.0,24.268,-8.732,8.732,,,,0.7874999999999999,HIGH,recent demand momentum,inventory coverage,promotion context
2026-08-23,S09,P141,34.0,25.744,-8.256,8.256,,,,0.7874999999999999,HIGH,recent demand momentum,inventory coverage,promotion context
2026-08-24,S09,P141,33.0,30.384,-2.6159999999999997,2.6159999999999997,,,,0.7874999999999999,HIGH,recent demand momentum,inventory coverage,promotion context
2026-08-25,S09,P141,32.0,28.624,-3.3760000000000012,3.3760000000000012,0.0,LOW,0.0,0.7874999999999999,HIGH,recent demand momentum,inventory coverage,promotion context
2026-08-21,S09,P142,5.0,10.648,5.648,5.648,,,,0.7874999999999999,HIGH,recent demand momentum,inventory coverage,promotion context
2026-08-22,S09,P142,2.0,11.612,9.612,9.612,,,,0.7874999999999999,HIGH,recent demand momentum,inventory coverage,promotion context
2026-08-23,S09,P142,7.0,12.736,5.736000000000001,5.736000000000001,,,,0.7874999999999999,HIGH,recent demand momentum,inventory coverage,promotion context
2026-08-20,S09,P143,43.0,44.228,1.2280000000000015,1.2280000000000015,,,,0.7874999999999999,HIGH,recent demand momentum,inventory coverage,promotion context
2026-08-21,S09,P143,42.0,45.456,3.456000000000003,3.456000000000003,,,,0.7874999999999999,HIGH,recent demand momentum,inventory coverage,promotion context
2026-08-22,S09,P143,60.0,48.48,-11.520000000000003,11.520000000000003,,,,0.7874999999999999,HIGH,recent demand momentum,inventory coverage,promotion context
2026-08-23,S09,P143,72.0,48.888,-23.112000000000002,23.112000000000002,,,,0.7874999999999999,HIGH,recent demand momentum,inventory coverage,promotion context
2026-08-24,S09,P143,75.0,46.26,-28.740000000000002,28.740000000000002,,,,0.7874999999999999,HIGH,recent demand momentum,inventory coverage,promotion context
2026-08-25,S09,P143,65.0,46.704,-18.296,18.296,0.0,LOW,0.0,0.7874999999999999,HIGH,recent demand momentum,inventory coverage,promotion context
2026-08-20,S09,P144,53.0,41.06,-11.939999999999998,11.939999999999998,,,,0.7874999999999999,HIGH,recent demand momentum,inventory coverage,promotion context
2026-08-21,S09,P144,39.0,41.236,2.235999999999997,2.235999999999997,,,,0.7874999999999999,HIGH,recent demand momentum,inventory coverage,promotion context
2026-08-23,S09,P144,41.0,39.808,-1.1920000000000002,1.1920000000000002,,,,0.7874999999999999,HIGH,recent demand momentum,inventory coverage,promotion context
2026-08-24,S09,P144,40.0,41.364,1.3639999999999972,1.3639999999999972,,,,0.7874999999999999,HIGH,recent demand momentum,inventory coverage,promotion context
2026-08-25,S09,P144,31.0,37.068,6.067999999999998,6.067999999999998,0.0,LOW,0.0,0.7874999999999999,HIGH,recent demand momentum,inventory coverage,promotion context
2026-08-20,S09,P145,17.0,33.308,16.308,16.308,,,,0.7874999999999999,HIGH,recent demand momentum,inventory coverage,promotion context
2026-08-21,S09,P145,15.0,28.5,13.5,13.5,,,,0.7874999999999999,HIGH,recent demand momentum,inventory coverage,promotion context
2026-08-22,S09,P145,19.0,28.144,9.143999999999998,9.143999999999998,,,,0.7874999999999999,HIGH,recent demand momentum,inventory coverage,promotion context
2026-08-23,S09,P145,17.0,25.284,8.283999999999999,8.283999999999999,,,,0.7874999999999999,HIGH,recent demand momentum,inventory coverage,promotion context
2026-08-25,S09,P145,17.0,27.084,10.084,10.084,0.0,LOW,0.0,0.7874999999999999,HIGH,recent demand momentum,inventory coverage,promotion context
2026-08-20,S09,P146,72.0,69.304,-2.695999999999998,2.695999999999998,,,,0.7874999999999999,HIGH,recent demand momentum,inventory coverage,promotion context
2026-08-21,S09,P146,74.0,65.348,-8.652000000000001,8.652000000000001,,,,0.7874999999999999,HIGH,recent demand momentum,inventory coverage,promotion context
2026-08-22,S09,P146,84.0,63.268,-20.732,20.732,,,,0.7874999999999999,HIGH,recent demand momentum,inventory coverage,promotion context
2026-08-23,S09,P146,81.0,67.228,-13.772000000000006,13.772000000000006,,,,0.7874999999999999,HIGH,recent demand momentum,inventory coverage,promotion context
2026-08-24,S09,P146,70.0,62.536,-7.463999999999999,7.463999999999999,,,,0.7874999999999999,HIGH,recent demand momentum,inventory coverage,promotion context
2026-08-25,S09,P146,59.0,60.66,1.6599999999999966,1.6599999999999966,0.0,LOW,0.0,0.7874999999999999,HIGH,recent demand momentum,inventory coverage,promotion context
2026-08-20,S09,P147,42.0,37.28,-4.719999999999999,4.719999999999999,,,,0.7874999999999999,HIGH,recent demand momentum,inventory coverage,promotion context
2026-08-21,S09,P147,44.0,36.396,-7.603999999999999,7.603999999999999,,,,0.7874999999999999,HIGH,recent demand momentum,inventory coverage,promotion context
2026-08-22,S09,P147,38.0,36.904,-1.0959999999999965,1.0959999999999965,,,,0.7874999999999999,HIGH,recent demand momentum,inventory coverage,promotion context
2026-08-23,S09,P147,36.0,37.572,1.5720000000000027,1.5720000000000027,,,,0.7874999999999999,HIGH,recent demand momentum,inventory coverage,promotion context
2026-08-24,S09,P147,34.0,40.696,6.695999999999998,6.695999999999998,,,,0.7874999999999999,HIGH,recent demand momentum,inventory coverage,promotion context
2026-08-25,S09,P147,29.0,38.032,9.031999999999996,9.031999999999996,0.0,LOW,0.0,0.7874999999999999,HIGH,recent demand momentum,inventory coverage,promotion context
2026-08-25,S09,P148,2.0,11.056,9.056,9.056,0.0,LOW,0.0,0.7874999999999999,HIGH,recent demand momentum,inventory coverage,promotion context
2026-08-20,S09,P149,14.0,29.112,15.111999999999998,15.111999999999998,,,,0.7874999999999999,HIGH,recent demand momentum,inventory coverage,promotion context
2026-08-21,S09,P149,18.0,30.528,12.527999999999999,12.527999999999999,,,,0.7874999999999999,HIGH,recent demand momentum,inventory coverage,promotion context
2026-08-22,S09,P149,22.0,25.976,3.975999999999999,3.975999999999999,,,,0.7874999999999999,HIGH,recent demand momentum,inventory coverage,promotion context
2026-08-23,S09,P149,21.0,27.564,6.564,6.564,,,,0.7874999999999999,HIGH,recent demand momentum,inventory coverage,promotion context
2026-08-24,S09,P149,25.0,29.46,4.460000000000001,4.460000000000001,,,,0.7874999999999999,HIGH,recent demand momentum,inventory coverage,promotion context
2026-08-20,S09,P150,19.0,24.204,5.204000000000001,5.204000000000001,,,,0.7874999999999999,HIGH,recent demand momentum,inventory coverage,promotion context
2026-08-21,S09,P150,20.0,25.868,5.8679999999999986,5.8679999999999986,,,,0.7874999999999999,HIGH,recent demand momentum,inventory coverage,promotion context
2026-08-22,S09,P150,12.0,16.916,4.916,4.916,,,,0.7874999999999999,HIGH,recent demand momentum,inventory coverage,promotion context
2026-08-23,S09,P150,11.0,26.188,15.187999999999999,15.187999999999999,,,,0.7874999999999999,HIGH,recent demand momentum,inventory coverage,promotion context
2026-08-24,S09,P150,9.0,28.436,19.436,19.436,,,,0.7874999999999999,HIGH,recent demand momentum,inventory coverage,promotion context
2026-08-25,S09,P150,6.0,16.796,10.796,10.796,0.0,LOW,0.0,0.7874999999999999,HIGH,recent demand momentum,inventory coverage,promotion context
2026-08-20,S09,P151,20.0,16.5,-3.5,3.5,,,,0.7874999999999999,HIGH,recent demand momentum,inventory coverage,promotion context
2026-08-21,S09,P151,17.0,18.816,1.815999999999999,1.815999999999999,,,,0.7874999999999999,HIGH,recent demand momentum,inventory coverage,promotion context
2026-08-22,S09,P151,14.0,16.516,2.5159999999999982,2.5159999999999982,,,,0.7874999999999999,HIGH,recent demand momentum,inventory coverage,promotion context
2026-08-24,S09,P151,16.0,18.104,2.103999999999999,2.103999999999999,,,,0.7874999999999999,HIGH,recent demand momentum,inventory coverage,promotion context
2026-08-25,S09,P151,13.0,17.036,4.036000000000001,4.036000000000001,,,,0.7874999999999999,HIGH,recent demand momentum,inventory coverage,promotion context
2026-08-20,S09,P152,57.0,69.68,12.680000000000007,12.680000000000007,,,,0.7874999999999999,HIGH,recent demand momentum,inventory coverage,promotion context
2026-08-21,S09,P152,47.0,69.796,22.796000000000006,22.796000000000006,,,,0.7874999999999999,HIGH,recent demand momentum,inventory coverage,promotion context
2026-08-22,S09,P152,48.0,73.292,25.292,25.292,,,,0.7874999999999999,HIGH,recent demand momentum,inventory coverage,promotion context
2026-08-23,S09,P152,51.0,68.124,17.123999999999995,17.123999999999995,,,,0.7874999999999999,HIGH,recent demand momentum,inventory coverage,promotion context
2026-08-24,S09,P152,54.0,66.688,12.688000000000002,12.688000000000002,,,,0.7874999999999999,HIGH,recent demand momentum,inventory coverage,promotion context
2026-08-25,S09,P152,47.0,68.68,21.680000000000007,21.680000000000007,0.0,LOW,0.0,0.7874999999999999,HIGH,recent demand momentum,inventory coverage,promotion context
2026-08-20,S09,P153,43.0,59.3,16.299999999999997,16.299999999999997,,,,0.7874999999999999,HIGH,recent demand momentum,inventory coverage,promotion context
2026-08-21,S09,P153,45.0,58.84,13.840000000000003,13.840000000000003,,,,0.7874999999999999,HIGH,recent demand momentum,inventory coverage,promotion context
2026-08-22,S09,P153,57.0,58.04,1.0399999999999991,1.0399999999999991,,,,0.7874999999999999,HIGH,recent demand momentum,inventory coverage,promotion context
2026-08-23,S09,P153,59.0,62.208,3.2079999999999984,3.2079999999999984,,,,0.7874999999999999,HIGH,recent demand momentum,inventory coverage,promotion context
2026-08-24,S09,P153,49.0,59.348,10.347999999999999,10.347999999999999,,,,0.7874999999999999,HIGH,recent demand momentum,inventory coverage,promotion context
2026-08-25,S09,P153,36.0,63.72,27.72,27.72,0.0,LOW,0.0,0.7874999999999999,HIGH,recent demand momentum,inventory coverage,promotion context
2026-08-20,S09,P154,11.0,25.84,14.84,14.84,,,,0.7874999999999999,HIGH,recent demand momentum,inventory coverage,promotion context
2026-08-21,S09,P154,13.0,24.504,11.504000000000001,11.504000000000001,,,,0.7874999999999999,HIGH,recent demand momentum,inventory coverage,promotion context
2026-08-22,S09,P154,11.0,16.076,5.0760000000000005,5.0760000000000005,,,,0.7874999999999999,HIGH,recent demand momentum,inventory coverage,promotion context
2026-08-24,S09,P154,12.0,22.924,10.924,10.924,,,,0.7874999999999999,HIGH,recent demand momentum,inventory coverage,promotion context
2026-08-20,S09,P155,20.0,34.556,14.555999999999997,14.555999999999997,,,,0.7874999999999999,HIGH,recent demand momentum,inventory coverage,promotion context
2026-08-21,S09,P155,16.0,32.38,16.380000000000003,16.380000000000003,,,,0.7874999999999999,HIGH,recent demand momentum,inventory coverage,promotion context
2026-08-22,S09,P155,29.0,29.4,0.3999999999999986,0.3999999999999986,,,,0.7874999999999999,HIGH,recent demand momentum,inventory coverage,promotion context
2026-08-23,S09,P155,34.0,29.7,-4.300000000000001,4.300000000000001,,,,0.7874999999999999,HIGH,recent demand momentum,inventory coverage,promotion context
2026-08-24,S09,P155,32.0,32.18,0.17999999999999972,0.17999999999999972,,,,0.7874999999999999,HIGH,recent demand momentum,inventory coverage,promotion context
2026-08-25,S09,P155,30.0,29.84,-0.16000000000000014,0.16000000000000014,0.0,LOW,0.0,0.7874999999999999,HIGH,recent demand momentum,inventory coverage,promotion context
2026-08-20,S09,P156,84.0,79.284,-4.715999999999994,4.715999999999994,,,,0.7874999999999999,HIGH,recent demand momentum,inventory coverage,promotion context
2026-08-21,S09,P156,104.0,90.852,-13.147999999999996,13.147999999999996,,,,0.7874999999999999,HIGH,recent demand momentum,inventory coverage,promotion context
2026-08-22,S09,P156,102.0,76.744,-25.256,25.256,,,,0.7874999999999999,HIGH,recent demand momentum,inventory coverage,promotion context
2026-08-23,S09,P156,97.0,90.82,-6.180000000000007,6.180000000000007,,,,0.7874999999999999,HIGH,recent demand momentum,inventory coverage,promotion context
2026-08-24,S09,P156,87.0,88.304,1.304000000000002,1.304000000000002,,,,0.7874999999999999,HIGH,recent demand momentum,inventory coverage,promotion context
2026-08-25,S09,P156,78.0,83.532,5.5319999999999965,5.5319999999999965,,,,0.7874999999999999,HIGH,recent demand momentum,inventory coverage,promotion context
2026-08-20,S09,P157,53.0,53.408,0.40800000000000125,0.40800000000000125,,,,0.7874999999999999,HIGH,recent demand momentum,inventory coverage,promotion context
2026-08-21,S09,P157,49.0,53.58,4.579999999999998,4.579999999999998,,,,0.7874999999999999,HIGH,recent demand momentum,inventory coverage,promotion context
2026-08-22,S09,P157,49.0,53.808,4.808,4.808,,,,0.7874999999999999,HIGH,recent demand momentum,inventory coverage,promotion context
2026-08-23,S09,P157,44.0,54.804,10.804000000000002,10.804000000000002,,,,0.7874999999999999,HIGH,recent demand momentum,inventory coverage,promotion context
2026-08-24,S09,P157,44.0,53.12,9.119999999999997,9.119999999999997,,,,0.7874999999999999,HIGH,recent demand momentum,inventory coverage,promotion context
2026-08-25,S09,P157,41.0,49.272,8.271999999999998,8.271999999999998,0.0,LOW,0.0,0.7874999999999999,HIGH,recent demand momentum,inventory coverage,promotion context
2026-08-20,S09,P158,140.0,159.512,19.512,19.512,,,,0.7874999999999999,HIGH,recent demand momentum,inventory coverage,promotion context
2026-08-21,S09,P158,170.0,167.412,-2.587999999999994,2.587999999999994,,,,0.7874999999999999,HIGH,recent demand momentum,inventory coverage,promotion context
2026-08-22,S09,P158,175.0,146.208,-28.792,28.792,,,,0.7874999999999999,HIGH,recent demand momentum,inventory coverage,promotion context
2026-08-23,S09,P158,177.0,152.476,-24.524,24.524,,,,0.7874999999999999,HIGH,recent demand momentum,inventory coverage,promotion context
2026-08-24,S09,P158,175.0,168.96,-6.039999999999992,6.039999999999992,,,,0.7874999999999999,HIGH,recent demand momentum,inventory coverage,promotion context
2026-08-25,S09,P158,164.0,148.104,-15.895999999999987,15.895999999999987,0.0,LOW,0.0,0.7874999999999999,HIGH,recent demand momentum,inventory coverage,promotion context
2026-08-20,S09,P159,187.0,187.348,0.3480000000000132,0.3480000000000132,,,,0.7874999999999999,HIGH,recent demand momentum,inventory coverage,promotion context
2026-08-21,S09,P159,181.0,194.004,13.00399999999999,13.00399999999999,,,,0.7874999999999999,HIGH,recent demand momentum,inventory coverage,promotion context
2026-08-22,S09,P159,184.0,186.772,2.7719999999999914,2.7719999999999914,,,,0.7874999999999999,HIGH,recent demand momentum,inventory coverage,promotion context
2026-08-23,S09,P159,173.0,186.628,13.627999999999986,13.627999999999986,,,,0.7874999999999999,HIGH,recent demand momentum,inventory coverage,promotion context
2026-08-24,S09,P159,177.0,184.804,7.804000000000002,7.804000000000002,,,,0.7874999999999999,HIGH,recent demand momentum,inventory coverage,promotion context
2026-08-25,S09,P159,149.0,181.572,32.572,32.572,,,,0.7874999999999999,HIGH,recent demand momentum,inventory coverage,promotion context
2026-08-20,S09,P160,14.0,3.4,-10.6,10.6,,,,0.7874999999999999,HIGH,recent demand momentum,inventory coverage,promotion context
2026-08-21,S09,P160,5.0,5.14,0.13999999999999968,0.13999999999999968,,,,0.7874999999999999,HIGH,recent demand momentum,inventory coverage,promotion context
2026-08-23,S09,P160,4.0,14.008,10.008,10.008,,,,0.7874999999999999,HIGH,recent demand momentum,inventory coverage,promotion context
2026-08-25,S09,P160,1.0,11.628,10.628,10.628,0.0,LOW,0.0,0.7874999999999999,HIGH,recent demand momentum,inventory coverage,promotion context
2026-08-20,S09,P161,128.0,119.688,-8.311999999999998,8.311999999999998,,,,0.7874999999999999,HIGH,recent demand momentum,inventory coverage,promotion context
2026-08-21,S09,P161,134.0,116.352,-17.647999999999996,17.647999999999996,,,,0.7874999999999999,HIGH,recent demand momentum,inventory coverage,promotion context
2026-08-22,S09,P161,134.0,124.952,-9.048000000000002,9.048000000000002,,,,0.7874999999999999,HIGH,recent demand momentum,inventory coverage,promotion context
2026-08-23,S09,P161,142.0,122.764,-19.236000000000004,19.236000000000004,,,,0.7874999999999999,HIGH,recent demand momentum,inventory coverage,promotion context
2026-08-24,S09,P161,149.0,114.196,-34.804,34.804,,,,0.7874999999999999,HIGH,recent demand momentum,inventory coverage,promotion context
2026-08-25,S09,P161,135.0,113.532,-21.468000000000004,21.468000000000004,0.0,LOW,0.0,0.7874999999999999,HIGH,recent demand momentum,inventory coverage,promotion context
2026-08-21,S09,P162,0.0,17.472,17.472,17.472,,,,0.7874999999999999,HIGH,recent demand momentum,inventory coverage,promotion context
2026-08-20,S09,P163,98.0,121.064,23.063999999999993,23.063999999999993,,,,0.7874999999999999,HIGH,recent demand momentum,inventory coverage,promotion context
2026-08-21,S09,P163,89.0,122.324,33.324,33.324,,,,0.7874999999999999,HIGH,recent demand momentum,inventory coverage,promotion context
2026-08-22,S09,P163,90.0,119.76,29.760000000000005,29.760000000000005,,,,0.7874999999999999,HIGH,recent demand momentum,inventory coverage,promotion context
2026-08-23,S09,P163,79.0,122.252,43.251999999999995,43.251999999999995,,,,0.7874999999999999,HIGH,recent demand momentum,inventory coverage,promotion context
2026-08-24,S09,P163,89.0,125.544,36.544,36.544,,,,0.7874999999999999,HIGH,recent demand momentum,inventory coverage,promotion context
2026-08-25,S09,P163,76.0,109.228,33.227999999999994,33.227999999999994,,,,0.7874999999999999,HIGH,recent demand momentum,inventory coverage,promotion context
2026-08-20,S09,P164,25.0,32.544,7.543999999999997,7.543999999999997,,,,0.7874999999999999,HIGH,recent demand momentum,inventory coverage,promotion context
2026-08-22,S09,P164,32.0,28.248,-3.751999999999999,3.751999999999999,,,,0.7874999999999999,HIGH,recent demand momentum,inventory coverage,promotion context
2026-08-23,S09,P164,34.0,30.712,-3.2880000000000003,3.2880000000000003,,,,0.7874999999999999,HIGH,recent demand momentum,inventory coverage,promotion context
2026-08-24,S09,P164,32.0,27.46,-4.539999999999999,4.539999999999999,,,,0.7874999999999999,HIGH,recent demand momentum,inventory coverage,promotion context
2026-08-25,S09,P164,30.0,36.084,6.084000000000003,6.084000000000003,0.0,LOW,0.0,0.7874999999999999,HIGH,recent demand momentum,inventory coverage,promotion context
2026-08-25,S09,P165,9.0,7.844,-1.1559999999999997,1.1559999999999997,0.0,LOW,0.0,0.7874999999999999,HIGH,recent demand momentum,inventory coverage,promotion context
2026-08-20,S09,P166,26.0,43.656,17.656,17.656,,,,0.7874999999999999,HIGH,recent demand momentum,inventory coverage,promotion context
2026-08-21,S09,P166,36.0,44.988,8.988,8.988,,,,0.7874999999999999,HIGH,recent demand momentum,inventory coverage,promotion context
2026-08-22,S09,P166,31.0,44.572,13.572000000000003,13.572000000000003,,,,0.7874999999999999,HIGH,recent demand momentum,inventory coverage,promotion context
2026-08-23,S09,P166,30.0,44.796,14.796,14.796,,,,0.7874999999999999,HIGH,recent demand momentum,inventory coverage,promotion context
2026-08-24,S09,P166,35.0,45.768,10.768,10.768,,,,0.7874999999999999,HIGH,recent demand momentum,inventory coverage,promotion context
2026-08-20,S09,P167,6.0,9.796,3.7959999999999994,3.7959999999999994,,,,0.7874999999999999,HIGH,recent demand momentum,inventory coverage,promotion context
2026-08-22,S09,P167,9.0,9.568,0.5679999999999996,0.5679999999999996,,,,0.7874999999999999,HIGH,recent demand momentum,inventory coverage,promotion context
2026-08-25,S09,P167,8.0,7.344,-0.6559999999999997,0.6559999999999997,0.0,LOW,0.0,0.7874999999999999,HIGH,recent demand momentum,inventory coverage,promotion context
2026-08-20,S09,P168,13.0,10.176,-2.824,2.824,,,,0.7874999999999999,HIGH,recent demand momentum,inventory coverage,promotion context
2026-08-23,S09,P168,15.0,11.272,-3.7279999999999998,3.7279999999999998,,,,0.7874999999999999,HIGH,recent demand momentum,inventory coverage,promotion context
2026-08-24,S09,P168,14.0,11.212,-2.7880000000000003,2.7880000000000003,,,,0.7874999999999999,HIGH,recent demand momentum,inventory coverage,promotion context
2026-08-25,S09,P168,5.0,10.556,5.555999999999999,5.555999999999999,,,,0.7874999999999999,HIGH,recent demand momentum,inventory coverage,promotion context
2026-08-20,S09,P169,65.0,49.652,-15.347999999999999,15.347999999999999,,,,0.7874999999999999,HIGH,recent demand momentum,inventory coverage,promotion context
2026-08-21,S09,P169,60.0,55.368,-4.631999999999998,4.631999999999998,,,,0.7874999999999999,HIGH,recent demand momentum,inventory coverage,promotion context
2026-08-22,S09,P169,62.0,51.604,-10.396,10.396,,,,0.7874999999999999,HIGH,recent demand momentum,inventory coverage,promotion context
2026-08-23,S09,P169,63.0,51.692,-11.308,11.308,,,,0.7874999999999999,HIGH,recent demand momentum,inventory coverage,promotion context
2026-08-24,S09,P169,59.0,54.856,-4.143999999999998,4.143999999999998,,,,0.7874999999999999,HIGH,recent demand momentum,inventory coverage,promotion context
2026-08-25,S09,P169,57.0,53.228,-3.7719999999999985,3.7719999999999985,0.0,LOW,0.0,0.7874999999999999,HIGH,recent demand momentum,inventory coverage,promotion context
2026-08-20,S09,P170,2.0,7.68,5.68,5.68,,,,0.7874999999999999,HIGH,recent demand momentum,inventory coverage,promotion context
2026-08-21,S09,P170,1.0,8.212,7.212,7.212,,,,0.7874999999999999,HIGH,recent demand momentum,inventory coverage,promotion context
2026-08-24,S09,P170,1.0,7.948,6.948,6.948,,,,0.7874999999999999,HIGH,recent demand momentum,inventory coverage,promotion context
2026-08-20,S09,P171,46.0,36.08,-9.920000000000002,9.920000000000002,,,,0.7874999999999999,HIGH,recent demand momentum,inventory coverage,promotion context
2026-08-21,S09,P171,37.0,35.512,-1.4879999999999995,1.4879999999999995,,,,0.7874999999999999,HIGH,recent demand momentum,inventory coverage,promotion context
2026-08-22,S09,P171,35.0,38.092,3.0919999999999987,3.0919999999999987,,,,0.7874999999999999,HIGH,recent demand momentum,inventory coverage,promotion context
2026-08-23,S09,P171,31.0,37.804,6.804000000000002,6.804000000000002,,,,0.7874999999999999,HIGH,recent demand momentum,inventory coverage,promotion context
2026-08-24,S09,P171,28.0,37.956,9.956000000000003,9.956000000000003,,,,0.7874999999999999,HIGH,recent demand momentum,inventory coverage,promotion context
2026-08-25,S09,P171,19.0,36.128,17.128,17.128,0.0,LOW,0.0,0.7874999999999999,HIGH,recent demand momentum,inventory coverage,promotion context
2026-08-20,S09,P172,29.0,24.58,-4.420000000000002,4.420000000000002,,,,0.7874999999999999,HIGH,recent demand momentum,inventory coverage,promotion context
2026-08-21,S09,P172,30.0,27.104,-2.896000000000001,2.896000000000001,,,,0.7874999999999999,HIGH,recent demand momentum,inventory coverage,promotion context
2026-08-22,S09,P172,35.0,24.6,-10.399999999999999,10.399999999999999,,,,0.7874999999999999,HIGH,recent demand momentum,inventory coverage,promotion context
2026-08-23,S09,P172,47.0,25.56,-21.44,21.44,,,,0.7874999999999999,HIGH,recent demand momentum,inventory coverage,promotion context
2026-08-24,S09,P172,37.0,27.268,-9.732,9.732,,,,0.7874999999999999,HIGH,recent demand momentum,inventory coverage,promotion context
2026-08-25,S09,P172,35.0,28.728,-6.2719999999999985,6.2719999999999985,,,,0.7874999999999999,HIGH,recent demand momentum,inventory coverage,promotion context
2026-08-20,S09,P173,6.0,8.424,2.4239999999999995,2.4239999999999995,,,,0.7874999999999999,HIGH,recent demand momentum,inventory coverage,promotion context
2026-08-22,S09,P173,7.0,9.656,2.6560000000000006,2.6560000000000006,,,,0.7874999999999999,HIGH,recent demand momentum,inventory coverage,promotion context
2026-08-23,S09,P173,7.0,9.128,2.128,2.128,,,,0.7874999999999999,HIGH,recent demand momentum,inventory coverage,promotion context
2026-08-24,S09,P173,8.0,13.024,5.023999999999999,5.023999999999999,,,,0.7874999999999999,HIGH,recent demand momentum,inventory coverage,promotion context
2026-08-20,S09,P174,5.0,12.144,7.144,7.144,,,,0.7874999999999999,HIGH,recent demand momentum,inventory coverage,promotion context
2026-08-22,S09,P174,4.0,11.284,7.284000000000001,7.284000000000001,,,,0.7874999999999999,HIGH,recent demand momentum,inventory coverage,promotion context
2026-08-21,S09,P175,4.0,12.044,8.044,8.044,,,,0.7874999999999999,HIGH,recent demand momentum,inventory coverage,promotion context
2026-08-22,S09,P175,5.0,13.14,8.14,8.14,,,,0.7874999999999999,HIGH,recent demand momentum,inventory coverage,promotion context
2026-08-25,S09,P175,11.0,11.86,0.8599999999999994,0.8599999999999994,0.0,LOW,0.0,0.7874999999999999,HIGH,recent demand momentum,inventory coverage,promotion context
2026-08-20,S09,P176,165.0,173.528,8.527999999999992,8.527999999999992,,,,0.7874999999999999,HIGH,recent demand momentum,inventory coverage,promotion context
2026-08-21,S09,P176,141.0,171.136,30.135999999999996,30.135999999999996,,,,0.7874999999999999,HIGH,recent demand momentum,inventory coverage,promotion context
2026-08-22,S09,P176,132.0,167.176,35.17599999999999,35.17599999999999,,,,0.7874999999999999,HIGH,recent demand momentum,inventory coverage,promotion context
2026-08-23,S09,P176,143.0,173.488,30.488,30.488,,,,0.7874999999999999,HIGH,recent demand momentum,inventory coverage,promotion context
2026-08-24,S09,P176,159.0,173.904,14.903999999999996,14.903999999999996,,,,0.7874999999999999,HIGH,recent demand momentum,inventory coverage,promotion context
2026-08-25,S09,P176,141.0,173.796,32.79599999999999,32.79599999999999,0.0,LOW,0.0,0.7874999999999999,HIGH,recent demand momentum,inventory coverage,promotion context
2026-08-20,S09,P177,24.0,27.876,3.8760000000000012,3.8760000000000012,,,,0.7874999999999999,HIGH,recent demand momentum,inventory coverage,promotion context
2026-08-22,S09,P177,27.0,28.064,1.064,1.064,,,,0.7874999999999999,HIGH,recent demand momentum,inventory coverage,promotion context
2026-08-23,S09,P177,36.0,28.556,-7.443999999999999,7.443999999999999,,,,0.7874999999999999,HIGH,recent demand momentum,inventory coverage,promotion context
2026-08-24,S09,P177,31.0,30.912,-0.08800000000000097,0.08800000000000097,,,,0.7874999999999999,HIGH,recent demand momentum,inventory coverage,promotion context
2026-08-25,S09,P177,30.0,33.524,3.524000000000001,3.524000000000001,0.0,LOW,0.0,0.7874999999999999,HIGH,recent demand momentum,inventory coverage,promotion context
2026-08-20,S09,P178,20.0,21.688,1.6879999999999988,1.6879999999999988,,,,0.7874999999999999,HIGH,recent demand momentum,inventory coverage,promotion context
2026-08-21,S09,P178,20.0,22.864,2.8640000000000008,2.8640000000000008,,,,0.7874999999999999,HIGH,recent demand momentum,inventory coverage,promotion context
2026-08-22,S09,P178,19.0,20.6,1.6000000000000014,1.6000000000000014,,,,0.7874999999999999,HIGH,recent demand momentum,inventory coverage,promotion context
2026-08-23,S09,P178,18.0,22.84,4.84,4.84,,,,0.7874999999999999,HIGH,recent demand momentum,inventory coverage,promotion context
2026-08-24,S09,P178,20.0,24.052,4.052,4.052,,,,0.7874999999999999,HIGH,recent demand momentum,inventory coverage,promotion context
2026-08-25,S09,P178,16.0,24.272,8.271999999999998,8.271999999999998,,,,0.7874999999999999,HIGH,recent demand momentum,inventory coverage,promotion context
2026-08-22,S09,P179,6.0,7.556,1.556,1.556,,,,0.7874999999999999,HIGH,recent demand momentum,inventory coverage,promotion context
2026-08-25,S09,P179,6.0,7.62,1.62,1.62,0.0,LOW,0.0,0.7874999999999999,HIGH,recent demand momentum,inventory coverage,promotion context
2026-08-20,S09,P180,90.0,85.596,-4.403999999999996,4.403999999999996,,,,0.7874999999999999,HIGH,recent demand momentum,inventory coverage,promotion context
2026-08-21,S09,P180,92.0,89.804,-2.195999999999998,2.195999999999998,,,,0.7874999999999999,HIGH,recent demand momentum,inventory coverage,promotion context
2026-08-22,S09,P180,70.0,89.128,19.128,19.128,,,,0.7874999999999999,HIGH,recent demand momentum,inventory coverage,promotion context
2026-08-23,S09,P180,71.0,96.06,25.060000000000002,25.060000000000002,,,,0.7874999999999999,HIGH,recent demand momentum,inventory coverage,promotion context
2026-08-24,S09,P180,67.0,97.34,30.340000000000003,30.340000000000003,,,,0.7874999999999999,HIGH,recent demand momentum,inventory coverage,promotion context
2026-08-25,S09,P180,61.0,86.252,25.251999999999995,25.251999999999995,0.0,LOW,0.0,0.7874999999999999,HIGH,recent demand momentum,inventory coverage,promotion context
2026-08-20,S09,P181,40.0,37.74,-2.259999999999998,2.259999999999998,,,,0.7874999999999999,HIGH,recent demand momentum,inventory coverage,promotion context
2026-08-21,S09,P181,42.0,37.076,-4.9239999999999995,4.9239999999999995,,,,0.7874999999999999,HIGH,recent demand momentum,inventory coverage,promotion context
2026-08-22,S09,P181,35.0,36.136,1.1360000000000028,1.1360000000000028,,,,0.7874999999999999,HIGH,recent demand momentum,inventory coverage,promotion context
2026-08-24,S09,P181,52.0,34.2,-17.799999999999997,17.799999999999997,,,,0.7874999999999999,HIGH,recent demand momentum,inventory coverage,promotion context
2026-08-25,S09,P181,51.0,36.296,-14.704,14.704,0.0,LOW,0.0,0.7874999999999999,HIGH,recent demand momentum,inventory coverage,promotion context
2026-08-20,S09,P182,15.0,17.668,2.6679999999999993,2.6679999999999993,,,,0.7874999999999999,HIGH,recent demand momentum,inventory coverage,promotion context
2026-08-21,S09,P182,22.0,22.956,0.9559999999999995,0.9559999999999995,,,,0.7874999999999999,HIGH,recent demand momentum,inventory coverage,promotion context
2026-08-22,S09,P182,25.0,16.216,-8.783999999999999,8.783999999999999,,,,0.7874999999999999,HIGH,recent demand momentum,inventory coverage,promotion context
2026-08-25,S09,P182,29.0,22.268,-6.731999999999999,6.731999999999999,0.0,LOW,0.0,0.7874999999999999,HIGH,recent demand momentum,inventory coverage,promotion context
2026-08-20,S09,P183,325.0,331.2,6.199999999999989,6.199999999999989,,,,0.7874999999999999,HIGH,recent demand momentum,inventory coverage,promotion context
2026-08-21,S09,P183,323.0,342.568,19.567999999999984,19.567999999999984,,,,0.7874999999999999,HIGH,recent demand momentum,inventory coverage,promotion context
2026-08-22,S09,P183,301.0,340.576,39.57600000000002,39.57600000000002,,,,0.7874999999999999,HIGH,recent demand momentum,inventory coverage,promotion context
2026-08-23,S09,P183,306.0,348.904,42.903999999999996,42.903999999999996,,,,0.7874999999999999,HIGH,recent demand momentum,inventory coverage,promotion context
2026-08-24,S09,P183,313.0,329.568,16.567999999999984,16.567999999999984,,,,0.7874999999999999,HIGH,recent demand momentum,inventory coverage,promotion context
2026-08-25,S09,P183,256.0,339.36,83.36000000000001,83.36000000000001,0.0,LOW,0.0,0.7874999999999999,HIGH,recent demand momentum,inventory coverage,promotion context
2026-08-20,S09,P184,8.0,10.556,2.555999999999999,2.555999999999999,,,,0.7874999999999999,HIGH,recent demand momentum,inventory coverage,promotion context
2026-08-21,S09,P184,9.0,10.336,1.3360000000000003,1.3360000000000003,,,,0.7874999999999999,HIGH,recent demand momentum,inventory coverage,promotion context
2026-08-25,S09,P184,10.0,11.472,1.4719999999999995,1.4719999999999995,,,,0.7874999999999999,HIGH,recent demand momentum,inventory coverage,promotion context
2026-08-21,S09,P185,34.0,36.58,2.5799999999999983,2.5799999999999983,,,,0.7874999999999999,HIGH,recent demand momentum,inventory coverage,promotion context
2026-08-22,S09,P185,44.0,31.032,-12.968,12.968,,,,0.7874999999999999,HIGH,recent demand momentum,inventory coverage,promotion context
2026-08-23,S09,P185,40.0,36.56,-3.4399999999999977,3.4399999999999977,,,,0.7874999999999999,HIGH,recent demand momentum,inventory coverage,promotion context
2026-08-24,S09,P185,36.0,38.308,2.308,2.308,,,,0.7874999999999999,HIGH,recent demand momentum,inventory coverage,promotion context
2026-08-25,S09,P185,34.0,39.644,5.643999999999998,5.643999999999998,0.0,LOW,0.0,0.7874999999999999,HIGH,recent demand momentum,inventory coverage,promotion context
2026-08-20,S09,P186,59.0,68.268,9.268,9.268,,,,0.7874999999999999,HIGH,recent demand momentum,inventory coverage,promotion context
2026-08-21,S09,P186,64.0,69.192,5.191999999999993,5.191999999999993,,,,0.7874999999999999,HIGH,recent demand momentum,inventory coverage,promotion context
2026-08-22,S09,P186,71.0,69.864,-1.1359999999999957,1.1359999999999957,,,,0.7874999999999999,HIGH,recent demand momentum,inventory coverage,promotion context
2026-08-23,S09,P186,83.0,66.988,-16.012,16.012,,,,0.7874999999999999,HIGH,recent demand momentum,inventory coverage,promotion context
2026-08-24,S09,P186,81.0,70.26,-10.739999999999995,10.739999999999995,,,,0.7874999999999999,HIGH,recent demand momentum,inventory coverage,promotion context
2026-08-25,S09,P186,72.0,66.812,-5.188000000000002,5.188000000000002,0.0,LOW,0.0,0.7874999999999999,HIGH,recent demand momentum,inventory coverage,promotion context
2026-08-20,S09,P187,37.0,42.7,5.700000000000003,5.700000000000003,,,,0.7874999999999999,HIGH,recent demand momentum,inventory coverage,promotion context
2026-08-22,S09,P187,45.0,47.884,2.8840000000000003,2.8840000000000003,,,,0.7874999999999999,HIGH,recent demand momentum,inventory coverage,promotion context
2026-08-23,S09,P187,47.0,45.904,-1.0959999999999965,1.0959999999999965,,,,0.7874999999999999,HIGH,recent demand momentum,inventory coverage,promotion context
2026-08-24,S09,P187,48.0,46.064,-1.936,1.936,,,,0.7874999999999999,HIGH,recent demand momentum,inventory coverage,promotion context
2026-08-25,S09,P187,39.0,47.024,8.024000000000001,8.024000000000001,,,,0.7874999999999999,HIGH,recent demand momentum,inventory coverage,promotion context
2026-08-20,S09,P188,73.0,88.876,15.876000000000005,15.876000000000005,,,,0.7874999999999999,HIGH,recent demand momentum,inventory coverage,promotion context
2026-08-21,S09,P188,82.0,94.004,12.004000000000005,12.004000000000005,,,,0.7874999999999999,HIGH,recent demand momentum,inventory coverage,promotion context
2026-08-22,S09,P188,92.0,92.572,0.5720000000000027,0.5720000000000027,,,,0.7874999999999999,HIGH,recent demand momentum,inventory coverage,promotion context
2026-08-23,S09,P188,81.0,87.892,6.891999999999996,6.891999999999996,,,,0.7874999999999999,HIGH,recent demand momentum,inventory coverage,promotion context
2026-08-24,S09,P188,88.0,86.196,-1.804000000000002,1.804000000000002,,,,0.7874999999999999,HIGH,recent demand momentum,inventory coverage,promotion context
2026-08-25,S09,P188,86.0,85.792,-0.2079999999999984,0.2079999999999984,,,,0.7874999999999999,HIGH,recent demand momentum,inventory coverage,promotion context
2026-08-21,S09,P189,7.0,26.04,19.04,19.04,,,,0.7874999999999999,HIGH,recent demand momentum,inventory coverage,promotion context
2026-08-22,S09,P189,6.0,24.004,18.004,18.004,,,,0.7874999999999999,HIGH,recent demand momentum,inventory coverage,promotion context
2026-08-25,S09,P189,7.0,23.468,16.468,16.468,0.0,LOW,0.0,0.7874999999999999,HIGH,recent demand momentum,inventory coverage,promotion context
2026-08-20,S09,P190,25.0,25.484,0.48400000000000176,0.48400000000000176,,,,0.7874999999999999,HIGH,recent demand momentum,inventory coverage,promotion context
2026-08-21,S09,P190,20.0,25.572,5.571999999999999,5.571999999999999,,,,0.7874999999999999,HIGH,recent demand momentum,inventory coverage,promotion context
2026-08-22,S09,P190,16.0,26.0,10.0,10.0,,,,0.7874999999999999,HIGH,recent demand momentum,inventory coverage,promotion context
2026-08-23,S09,P190,15.0,24.264,9.264,9.264,,,,0.7874999999999999,HIGH,recent demand momentum,inventory coverage,promotion context
2026-08-24,S09,P190,14.0,26.384,12.384,12.384,,,,0.7874999999999999,HIGH,recent demand momentum,inventory coverage,promotion context
2026-08-20,S09,P191,38.0,36.58,-1.4200000000000017,1.4200000000000017,,,,0.7874999999999999,HIGH,recent demand momentum,inventory coverage,promotion context
2026-08-21,S09,P191,44.0,37.244,-6.756,6.756,,,,0.7874999999999999,HIGH,recent demand momentum,inventory coverage,promotion context
2026-08-23,S09,P191,42.0,39.072,-2.9279999999999973,2.9279999999999973,,,,0.7874999999999999,HIGH,recent demand momentum,inventory coverage,promotion context
2026-08-24,S09,P191,41.0,42.848,1.847999999999999,1.847999999999999,,,,0.7874999999999999,HIGH,recent demand momentum,inventory coverage,promotion context
2026-08-25,S09,P191,39.0,42.524,3.524000000000001,3.524000000000001,0.0,LOW,0.0,0.7874999999999999,HIGH,recent demand momentum,inventory coverage,promotion context
2026-08-21,S09,P192,22.0,37.556,15.555999999999997,15.555999999999997,,,,0.7874999999999999,HIGH,recent demand momentum,inventory coverage,promotion context
2026-08-22,S09,P192,18.0,36.888,18.887999999999998,18.887999999999998,,,,0.7874999999999999,HIGH,recent demand momentum,inventory coverage,promotion context
2026-08-23,S09,P192,19.0,36.536,17.536,17.536,,,,0.7874999999999999,HIGH,recent demand momentum,inventory coverage,promotion context
2026-08-24,S09,P192,21.0,41.392,20.392000000000003,20.392000000000003,,,,0.7874999999999999,HIGH,recent demand momentum,inventory coverage,promotion context
2026-08-25,S09,P192,16.0,42.476,26.476,26.476,0.0,LOW,0.0,0.7874999999999999,HIGH,recent demand momentum,inventory coverage,promotion context
2026-08-20,S09,P193,69.0,57.888,-11.112000000000002,11.112000000000002,,,,0.7874999999999999,HIGH,recent demand momentum,inventory coverage,promotion context
2026-08-21,S09,P193,73.0,59.468,-13.531999999999996,13.531999999999996,,,,0.7874999999999999,HIGH,recent demand momentum,inventory coverage,promotion context
2026-08-22,S09,P193,66.0,58.916,-7.084000000000003,7.084000000000003,,,,0.7874999999999999,HIGH,recent demand momentum,inventory coverage,promotion context
2026-08-23,S09,P193,54.0,57.74,3.740000000000002,3.740000000000002,,,,0.7874999999999999,HIGH,recent demand momentum,inventory coverage,promotion context
2026-08-24,S09,P193,67.0,58.108,-8.892000000000003,8.892000000000003,,,,0.7874999999999999,HIGH,recent demand momentum,inventory coverage,promotion context
2026-08-25,S09,P193,58.0,61.504,3.503999999999998,3.503999999999998,0.0,LOW,0.0,0.7874999999999999,HIGH,recent demand momentum,inventory coverage,promotion context
2026-08-20,S09,P194,29.0,39.82,10.82,10.82,,,,0.7874999999999999,HIGH,recent demand momentum,inventory coverage,promotion context
2026-08-21,S09,P194,24.0,39.64,15.64,15.64,,,,0.7874999999999999,HIGH,recent demand momentum,inventory coverage,promotion context
2026-08-22,S09,P194,29.0,39.572,10.572000000000003,10.572000000000003,,,,0.7874999999999999,HIGH,recent demand momentum,inventory coverage,promotion context
2026-08-23,S09,P194,33.0,38.1,5.100000000000001,5.100000000000001,,,,0.7874999999999999,HIGH,recent demand momentum,inventory coverage,promotion context
2026-08-24,S09,P194,25.0,41.096,16.095999999999997,16.095999999999997,,,,0.7874999999999999,HIGH,recent demand momentum,inventory coverage,promotion context
2026-08-25,S09,P194,22.0,34.66,12.659999999999997,12.659999999999997,,,,0.7874999999999999,HIGH,recent demand momentum,inventory coverage,promotion context
2026-08-20,S09,P195,74.0,79.772,5.772000000000006,5.772000000000006,,,,0.7874999999999999,HIGH,recent demand momentum,inventory coverage,promotion context
2026-08-21,S09,P195,75.0,77.768,2.7680000000000007,2.7680000000000007,,,,0.7874999999999999,HIGH,recent demand momentum,inventory coverage,promotion context
2026-08-22,S09,P195,67.0,62.192,-4.808,4.808,,,,0.7874999999999999,HIGH,recent demand momentum,inventory coverage,promotion context
2026-08-23,S09,P195,66.0,68.816,2.8160000000000025,2.8160000000000025,,,,0.7874999999999999,HIGH,recent demand momentum,inventory coverage,promotion context
2026-08-24,S09,P195,70.0,77.172,7.171999999999997,7.171999999999997,,,,0.7874999999999999,HIGH,recent demand momentum,inventory coverage,promotion context
2026-08-25,S09,P195,64.0,75.708,11.707999999999998,11.707999999999998,0.0,LOW,0.0,0.7874999999999999,HIGH,recent demand momentum,inventory coverage,promotion context
2026-08-20,S09,P196,30.0,36.576,6.5760000000000005,6.5760000000000005,,,,0.7874999999999999,HIGH,recent demand momentum,inventory coverage,promotion context
2026-08-21,S09,P196,41.0,34.208,-6.792000000000002,6.792000000000002,,,,0.7874999999999999,HIGH,recent demand momentum,inventory coverage,promotion context
2026-08-22,S09,P196,46.0,34.428,-11.572000000000003,11.572000000000003,,,,0.7874999999999999,HIGH,recent demand momentum,inventory coverage,promotion context
2026-08-23,S09,P196,47.0,32.896,-14.104,14.104,,,,0.7874999999999999,HIGH,recent demand momentum,inventory coverage,promotion context
2026-08-24,S09,P196,50.0,32.648,-17.351999999999997,17.351999999999997,,,,0.7874999999999999,HIGH,recent demand momentum,inventory coverage,promotion context
2026-08-25,S09,P196,49.0,33.396,-15.604,15.604,0.0,LOW,0.0,0.7874999999999999,HIGH,recent demand momentum,inventory coverage,promotion context
2026-08-20,S09,P197,31.0,30.076,-0.9239999999999995,0.9239999999999995,,,,0.7874999999999999,HIGH,recent demand momentum,inventory coverage,promotion context
2026-08-21,S09,P197,26.0,30.096,4.096,4.096,,,,0.7874999999999999,HIGH,recent demand momentum,inventory coverage,promotion context
2026-08-22,S09,P197,20.0,27.084,7.084,7.084,,,,0.7874999999999999,HIGH,recent demand momentum,inventory coverage,promotion context
2026-08-23,S09,P197,18.0,30.296,12.296,12.296,,,,0.7874999999999999,HIGH,recent demand momentum,inventory coverage,promotion context
2026-08-24,S09,P197,17.0,27.616,10.616,10.616,,,,0.7874999999999999,HIGH,recent demand momentum,inventory coverage,promotion context
2026-08-25,S09,P197,12.0,32.916,20.915999999999997,20.915999999999997,0.0,LOW,0.0,0.7874999999999999,HIGH,recent demand momentum,inventory coverage,promotion context
2026-08-21,S09,P198,46.0,38.208,-7.792000000000002,7.792000000000002,,,,0.7874999999999999,HIGH,recent demand momentum,inventory coverage,promotion context
2026-08-22,S09,P198,44.0,36.468,-7.5319999999999965,7.5319999999999965,,,,0.7874999999999999,HIGH,recent demand momentum,inventory coverage,promotion context
2026-08-23,S09,P198,42.0,34.8,-7.200000000000003,7.200000000000003,,,,0.7874999999999999,HIGH,recent demand momentum,inventory coverage,promotion context
2026-08-24,S09,P198,45.0,36.296,-8.704,8.704,,,,0.7874999999999999,HIGH,recent demand momentum,inventory coverage,promotion context
2026-08-25,S09,P198,40.0,36.816,-3.1839999999999975,3.1839999999999975,0.0,LOW,0.0,0.7874999999999999,HIGH,recent demand momentum,inventory coverage,promotion context
2026-08-20,S09,P199,145.0,140.056,-4.943999999999988,4.943999999999988,,,,0.7874999999999999,HIGH,recent demand momentum,inventory coverage,promotion context
2026-08-21,S09,P199,135.0,142.864,7.864000000000004,7.864000000000004,,,,0.7874999999999999,HIGH,recent demand momentum,inventory coverage,promotion context
2026-08-22,S09,P199,144.0,143.524,-0.4759999999999991,0.4759999999999991,,,,0.7874999999999999,HIGH,recent demand momentum,inventory coverage,promotion context
2026-08-23,S09,P199,140.0,143.628,3.627999999999986,3.627999999999986,,,,0.7874999999999999,HIGH,recent demand momentum,inventory coverage,promotion context
2026-08-24,S09,P199,141.0,144.104,3.1040000000000134,3.1040000000000134,,,,0.7874999999999999,HIGH,recent demand momentum,inventory coverage,promotion context
2026-08-25,S09,P199,110.0,143.556,33.55600000000001,33.55600000000001,0.0,LOW,0.0,0.7874999999999999,HIGH,recent demand momentum,inventory coverage,promotion context
2026-08-20,S09,P200,89.0,72.752,-16.248000000000005,16.248000000000005,,,,0.7874999999999999,HIGH,recent demand momentum,inventory coverage,promotion context
2026-08-21,S09,P200,89.0,72.708,-16.292,16.292,,,,0.7874999999999999,HIGH,recent demand momentum,inventory coverage,promotion context
2026-08-22,S09,P200,95.0,73.728,-21.272000000000006,21.272000000000006,,,,0.7874999999999999,HIGH,recent demand momentum,inventory coverage,promotion context
2026-08-23,S09,P200,101.0,77.764,-23.236000000000004,23.236000000000004,,,,0.7874999999999999,HIGH,recent demand momentum,inventory coverage,promotion context
2026-08-24,S09,P200,103.0,75.292,-27.708,27.708,,,,0.7874999999999999,HIGH,recent demand momentum,inventory coverage,promotion context
2026-08-25,S09,P200,96.0,72.336,-23.664,23.664,0.0,LOW,0.0,0.7874999999999999,HIGH,recent demand momentum,inventory coverage,promotion context
2026-08-20,S09,P201,122.0,139.536,17.536,17.536,,,,0.7874999999999999,HIGH,recent demand momentum,inventory coverage,promotion context
2026-08-21,S09,P201,119.0,142.788,23.78800000000001,23.78800000000001,,,,0.7874999999999999,HIGH,recent demand momentum,inventory coverage,promotion context
2026-08-22,S09,P201,125.0,151.12,26.120000000000005,26.120000000000005,,,,0.7874999999999999,HIGH,recent demand momentum,inventory coverage,promotion context
2026-08-23,S09,P201,131.0,143.416,12.415999999999997,12.415999999999997,,,,0.7874999999999999,HIGH,recent demand momentum,inventory coverage,promotion context
2026-08-24,S09,P201,128.0,141.572,13.572000000000003,13.572000000000003,,,,0.7874999999999999,HIGH,recent demand momentum,inventory coverage,promotion context
2026-08-25,S09,P201,111.0,139.26,28.25999999999999,28.25999999999999,,,,0.7874999999999999,HIGH,recent demand momentum,inventory coverage,promotion context
2026-08-20,S09,P202,13.0,6.264,-6.736,6.736,,,,0.7874999999999999,HIGH,recent demand momentum,inventory coverage,promotion context
2026-08-24,S09,P202,10.0,7.164,-2.8360000000000003,2.8360000000000003,,,,0.7874999999999999,HIGH,recent demand momentum,inventory coverage,promotion context
2026-08-22,S09,P203,6.0,8.432,2.4320000000000004,2.4320000000000004,,,,0.7874999999999999,HIGH,recent demand momentum,inventory coverage,promotion context
2026-08-25,S09,P203,7.0,7.452,0.45199999999999996,0.45199999999999996,0.0,LOW,0.0,0.7874999999999999,HIGH,recent demand momentum,inventory coverage,promotion context
2026-08-20,S09,P204,9.0,8.22,-0.7799999999999994,0.7799999999999994,,,,0.7874999999999999,HIGH,recent demand momentum,inventory coverage,promotion context
2026-08-21,S09,P204,10.0,11.416,1.4160000000000004,1.4160000000000004,,,,0.7874999999999999,HIGH,recent demand momentum,inventory coverage,promotion context
2026-08-22,S09,P204,10.0,11.68,1.6799999999999997,1.6799999999999997,,,,0.7874999999999999,HIGH,recent demand momentum,inventory coverage,promotion context
2026-08-25,S09,P204,7.0,7.608,0.6079999999999997,0.6079999999999997,,,,0.7874999999999999,HIGH,recent demand momentum,inventory coverage,promotion context
2026-08-20,S09,P205,29.0,13.244,-15.756,15.756,,,,0.7874999999999999,HIGH,recent demand momentum,inventory coverage,promotion context
2026-08-21,S09,P205,30.0,16.232,-13.768,13.768,,,,0.7874999999999999,HIGH,recent demand momentum,inventory coverage,promotion context
2026-08-22,S09,P205,28.0,16.244,-11.756,11.756,,,,0.7874999999999999,HIGH,recent demand momentum,inventory coverage,promotion context
2026-08-23,S09,P205,25.0,14.308,-10.692,10.692,,,,0.7874999999999999,HIGH,recent demand momentum,inventory coverage,promotion context
2026-08-24,S09,P205,26.0,14.968,-11.032,11.032,,,,0.7874999999999999,HIGH,recent demand momentum,inventory coverage,promotion context
2026-08-25,S09,P205,16.0,16.548,0.5479999999999983,0.5479999999999983,0.0,LOW,0.0,0.7874999999999999,HIGH,recent demand momentum,inventory coverage,promotion context
2026-08-20,S09,P206,6.0,6.576,0.5759999999999996,0.5759999999999996,,,,0.7874999999999999,HIGH,recent demand momentum,inventory coverage,promotion context
2026-08-21,S09,P206,6.0,6.58,0.5800000000000001,0.5800000000000001,,,,0.7874999999999999,HIGH,recent demand momentum,inventory coverage,promotion context
2026-08-25,S09,P206,9.0,11.832,2.8320000000000007,2.8320000000000007,0.0,LOW,0.0,0.7874999999999999,HIGH,recent demand momentum,inventory coverage,promotion context
2026-08-20,S09,P208,7.0,16.304,9.303999999999998,9.303999999999998,,,,0.7874999999999999,HIGH,recent demand momentum,inventory coverage,promotion context
2026-08-21,S09,P208,5.0,22.132,17.132,17.132,,,,0.7874999999999999,HIGH,recent demand momentum,inventory coverage,promotion context
2026-08-22,S09,P208,8.0,16.308,8.308,8.308,,,,0.7874999999999999,HIGH,recent demand momentum,inventory coverage,promotion context
2026-08-23,S09,P208,7.0,14.308,7.308,7.308,,,,0.7874999999999999,HIGH,recent demand momentum,inventory coverage,promotion context
2026-08-24,S09,P208,7.0,14.796,7.795999999999999,7.795999999999999,,,,0.7874999999999999,HIGH,recent demand momentum,inventory coverage,promotion context
2026-08-25,S09,P208,6.0,16.428,10.428,10.428,,,,0.7874999999999999,HIGH,recent demand momentum,inventory coverage,promotion context
2026-08-21,S09,P209,6.0,11.464,5.464,5.464,,,,0.7874999999999999,HIGH,recent demand momentum,inventory coverage,promotion context
2026-08-22,S09,P209,5.0,11.512,6.5120000000000005,6.5120000000000005,,,,0.7874999999999999,HIGH,recent demand momentum,inventory coverage,promotion context
2026-08-25,S09,P209,3.0,10.656,7.656000000000001,7.656000000000001,0.0,LOW,0.0,0.7874999999999999,HIGH,recent demand momentum,inventory coverage,promotion context
2026-08-22,S09,P210,3.0,6.66,3.66,3.66,,,,0.7874999999999999,HIGH,recent demand momentum,inventory coverage,promotion context
2026-08-25,S09,P210,2.0,7.844,5.844,5.844,0.0,LOW,0.0,0.7874999999999999,HIGH,recent demand momentum,inventory coverage,promotion context
2026-08-20,S09,P211,59.0,52.268,-6.731999999999999,6.731999999999999,,,,0.7874999999999999,HIGH,recent demand momentum,inventory coverage,promotion context
2026-08-21,S09,P211,48.0,54.136,6.136000000000003,6.136000000000003,,,,0.7874999999999999,HIGH,recent demand momentum,inventory coverage,promotion context
2026-08-22,S09,P211,40.0,54.448,14.448,14.448,,,,0.7874999999999999,HIGH,recent demand momentum,inventory coverage,promotion context
2026-08-23,S09,P211,41.0,59.78,18.78,18.78,,,,0.7874999999999999,HIGH,recent demand momentum,inventory coverage,promotion context
2026-08-24,S09,P211,33.0,56.532,23.531999999999996,23.531999999999996,,,,0.7874999999999999,HIGH,recent demand momentum,inventory coverage,promotion context
2026-08-25,S09,P211,27.0,53.388,26.387999999999998,26.387999999999998,0.0,LOW,0.0,0.7874999999999999,HIGH,recent demand momentum,inventory coverage,promotion context
2026-08-20,S09,P212,82.0,80.448,-1.5520000000000067,1.5520000000000067,,,,0.7874999999999999,HIGH,recent demand momentum,inventory coverage,promotion context
2026-08-21,S09,P212,81.0,79.784,-1.215999999999994,1.215999999999994,,,,0.7874999999999999,HIGH,recent demand momentum,inventory coverage,promotion context
2026-08-22,S09,P212,76.0,78.248,2.2480000000000047,2.2480000000000047,,,,0.7874999999999999,HIGH,recent demand momentum,inventory coverage,promotion context
2026-08-23,S09,P212,95.0,75.232,-19.768,19.768,,,,0.7874999999999999,HIGH,recent demand momentum,inventory coverage,promotion context
2026-08-24,S09,P212,102.0,73.32,-28.680000000000007,28.680000000000007,,,,0.7874999999999999,HIGH,recent demand momentum,inventory coverage,promotion context
2026-08-25,S09,P212,93.0,76.16,-16.840000000000003,16.840000000000003,0.0,LOW,0.0,0.7874999999999999,HIGH,recent demand momentum,inventory coverage,promotion context
2026-08-20,S09,P213,82.0,69.864,-12.135999999999996,12.135999999999996,,,,0.7874999999999999,HIGH,recent demand momentum,inventory coverage,promotion context
2026-08-21,S09,P213,81.0,68.904,-12.096000000000004,12.096000000000004,,,,0.7874999999999999,HIGH,recent demand momentum,inventory coverage,promotion context
2026-08-22,S09,P213,62.0,71.332,9.331999999999994,9.331999999999994,,,,0.7874999999999999,HIGH,recent demand momentum,inventory coverage,promotion context
2026-08-23,S09,P213,57.0,70.784,13.784000000000006,13.784000000000006,,,,0.7874999999999999,HIGH,recent demand momentum,inventory coverage,promotion context
2026-08-24,S09,P213,62.0,70.7,8.700000000000003,8.700000000000003,,,,0.7874999999999999,HIGH,recent demand momentum,inventory coverage,promotion context
2026-08-25,S09,P213,57.0,70.408,13.408000000000001,13.408000000000001,0.0,LOW,0.0,0.7874999999999999,HIGH,recent demand momentum,inventory coverage,promotion context
2026-08-20,S09,P214,31.0,10.672,-20.328,20.328,,,,0.7874999999999999,HIGH,recent demand momentum,inventory coverage,promotion context
2026-08-21,S09,P214,33.0,10.36,-22.64,22.64,,,,0.7874999999999999,HIGH,recent demand momentum,inventory coverage,promotion context
2026-08-24,S09,P214,34.0,12.188,-21.811999999999998,21.811999999999998,,,,0.7874999999999999,HIGH,recent demand momentum,inventory coverage,promotion context
2026-08-25,S09,P214,21.0,11.368,-9.632,9.632,,,,0.7874999999999999,HIGH,recent demand momentum,inventory coverage,promotion context
2026-08-20,S09,P215,43.0,45.9,2.8999999999999986,2.8999999999999986,,,,0.7874999999999999,HIGH,recent demand momentum,inventory coverage,promotion context
2026-08-21,S09,P215,46.0,45.1,-0.8999999999999986,0.8999999999999986,,,,0.7874999999999999,HIGH,recent demand momentum,inventory coverage,promotion context
2026-08-22,S09,P215,43.0,44.308,1.3079999999999998,1.3079999999999998,,,,0.7874999999999999,HIGH,recent demand momentum,inventory coverage,promotion context
2026-08-23,S09,P215,43.0,49.136,6.136000000000003,6.136000000000003,,,,0.7874999999999999,HIGH,recent demand momentum,inventory coverage,promotion context
2026-08-24,S09,P215,46.0,46.6,0.6000000000000014,0.6000000000000014,,,,0.7874999999999999,HIGH,recent demand momentum,inventory coverage,promotion context
2026-08-20,S09,P216,31.0,25.956,-5.0440000000000005,5.0440000000000005,,,,0.7874999999999999,HIGH,recent demand momentum,inventory coverage,promotion context
2026-08-21,S09,P216,27.0,23.284,-3.716000000000001,3.716000000000001,,,,0.7874999999999999,HIGH,recent demand momentum,inventory coverage,promotion context
2026-08-22,S09,P216,22.0,24.42,2.4200000000000017,2.4200000000000017,,,,0.7874999999999999,HIGH,recent demand momentum,inventory coverage,promotion context
2026-08-23,S09,P216,23.0,23.456,0.4559999999999995,0.4559999999999995,,,,0.7874999999999999,HIGH,recent demand momentum,inventory coverage,promotion context
2026-08-24,S09,P216,24.0,22.74,-1.2600000000000016,1.2600000000000016,,,,0.7874999999999999,HIGH,recent demand momentum,inventory coverage,promotion context
2026-08-25,S09,P216,23.0,22.192,-0.8079999999999998,0.8079999999999998,,,,0.7874999999999999,HIGH,recent demand momentum,inventory coverage,promotion context
2026-08-20,S09,P217,9.0,15.992,6.992000000000001,6.992000000000001,,,,0.7874999999999999,HIGH,recent demand momentum,inventory coverage,promotion context
2026-08-21,S09,P217,8.0,22.832,14.832,14.832,,,,0.7874999999999999,HIGH,recent demand momentum,inventory coverage,promotion context
2026-08-23,S09,P217,11.0,15.396,4.396000000000001,4.396000000000001,,,,0.7874999999999999,HIGH,recent demand momentum,inventory coverage,promotion context
2026-08-25,S09,P217,10.0,18.94,8.940000000000001,8.940000000000001,0.0,LOW,0.0,0.7874999999999999,HIGH,recent demand momentum,inventory coverage,promotion context
2026-08-20,S09,P218,43.0,39.38,-3.6199999999999974,3.6199999999999974,,,,0.7874999999999999,HIGH,recent demand momentum,inventory coverage,promotion context
2026-08-21,S09,P218,40.0,41.328,1.328000000000003,1.328000000000003,,,,0.7874999999999999,HIGH,recent demand momentum,inventory coverage,promotion context
2026-08-22,S09,P218,41.0,39.196,-1.804000000000002,1.804000000000002,,,,0.7874999999999999,HIGH,recent demand momentum,inventory coverage,promotion context
2026-08-23,S09,P218,42.0,38.596,-3.4040000000000035,3.4040000000000035,,,,0.7874999999999999,HIGH,recent demand momentum,inventory coverage,promotion context
2026-08-24,S09,P218,38.0,38.428,0.42799999999999727,0.42799999999999727,,,,0.7874999999999999,HIGH,recent demand momentum,inventory coverage,promotion context
2026-08-25,S09,P218,33.0,38.276,5.276000000000003,5.276000000000003,0.0,LOW,0.0,0.7874999999999999,HIGH,recent demand momentum,inventory coverage,promotion context
2026-08-20,S09,P219,2.0,13.496,11.496,11.496,,,,0.7874999999999999,HIGH,recent demand momentum,inventory coverage,promotion context
2026-08-23,S09,P219,3.0,15.688,12.688,12.688,,,,0.7874999999999999,HIGH,recent demand momentum,inventory coverage,promotion context
2026-08-25,S09,P219,5.0,10.98,5.98,5.98,0.0,LOW,0.0,0.7874999999999999,HIGH,recent demand momentum,inventory coverage,promotion context
2026-08-20,S09,P220,6.0,8.336,2.3360000000000003,2.3360000000000003,,,,0.7874999999999999,HIGH,recent demand momentum,inventory coverage,promotion context
2026-08-22,S09,P220,6.0,7.28,1.2800000000000002,1.2800000000000002,,,,0.7874999999999999,HIGH,recent demand momentum,inventory coverage,promotion context
2026-08-24,S09,P220,4.0,6.844,2.8440000000000003,2.8440000000000003,,,,0.7874999999999999,HIGH,recent demand momentum,inventory coverage,promotion context
2026-08-25,S09,P220,2.0,6.984,4.984,4.984,0.0,LOW,0.0,0.7874999999999999,HIGH,recent demand momentum,inventory coverage,promotion context
2026-08-20,S10,P101,116.0,103.912,-12.087999999999994,12.087999999999994,,,,0.7874999999999999,HIGH,recent demand momentum,inventory coverage,promotion context
2026-08-21,S10,P101,116.0,103.312,-12.688000000000002,12.688000000000002,,,,0.7874999999999999,HIGH,recent demand momentum,inventory coverage,promotion context
2026-08-22,S10,P101,124.0,89.524,-34.476,34.476,,,,0.7874999999999999,HIGH,recent demand momentum,inventory coverage,promotion context
2026-08-23,S10,P101,134.0,86.788,-47.212,47.212,,,,0.7874999999999999,HIGH,recent demand momentum,inventory coverage,promotion context
2026-08-24,S10,P101,121.0,86.152,-34.848,34.848,,,,0.7874999999999999,HIGH,recent demand momentum,inventory coverage,promotion context
2026-08-25,S10,P101,106.0,86.5,-19.5,19.5,0.0,LOW,0.0,0.7874999999999999,HIGH,recent demand momentum,inventory coverage,promotion context
2026-08-20,S10,P102,1.0,6.26,5.26,5.26,,,,0.7874999999999999,HIGH,recent demand momentum,inventory coverage,promotion context
2026-08-23,S10,P102,3.0,5.696,2.6959999999999997,2.6959999999999997,,,,0.7874999999999999,HIGH,recent demand momentum,inventory coverage,promotion context
2026-08-20,S10,P103,177.0,171.888,-5.111999999999995,5.111999999999995,,,,0.7874999999999999,HIGH,recent demand momentum,inventory coverage,promotion context
2026-08-21,S10,P103,160.0,173.22,13.219999999999999,13.219999999999999,,,,0.7874999999999999,HIGH,recent demand momentum,inventory coverage,promotion context
2026-08-22,S10,P103,156.0,184.56,28.560000000000002,28.560000000000002,,,,0.7874999999999999,HIGH,recent demand momentum,inventory coverage,promotion context
2026-08-23,S10,P103,153.0,177.644,24.644000000000005,24.644000000000005,,,,0.7874999999999999,HIGH,recent demand momentum,inventory coverage,promotion context
2026-08-24,S10,P103,151.0,185.412,34.412000000000006,34.412000000000006,,,,0.7874999999999999,HIGH,recent demand momentum,inventory coverage,promotion context
2026-08-25,S10,P103,129.0,185.376,56.376000000000005,56.376000000000005,0.0,LOW,0.0,0.7874999999999999,HIGH,recent demand momentum,inventory coverage,promotion context
2026-08-20,S10,P104,9.0,25.496,16.496,16.496,,,,0.7874999999999999,HIGH,recent demand momentum,inventory coverage,promotion context
2026-08-21,S10,P104,16.0,22.38,6.379999999999999,6.379999999999999,,,,0.7874999999999999,HIGH,recent demand momentum,inventory coverage,promotion context
2026-08-22,S10,P104,16.0,30.46,14.46,14.46,,,,0.7874999999999999,HIGH,recent demand momentum,inventory coverage,promotion context
2026-08-24,S10,P104,22.0,34.58,12.579999999999998,12.579999999999998,,,,0.7874999999999999,HIGH,recent demand momentum,inventory coverage,promotion context
2026-08-25,S10,P104,18.0,27.46,9.46,9.46,0.0,LOW,0.0,0.7874999999999999,HIGH,recent demand momentum,inventory coverage,promotion context
2026-08-20,S10,P105,12.0,14.04,2.039999999999999,2.039999999999999,,,,0.7874999999999999,HIGH,recent demand momentum,inventory coverage,promotion context
2026-08-21,S10,P105,10.0,13.232,3.2319999999999993,3.2319999999999993,,,,0.7874999999999999,HIGH,recent demand momentum,inventory coverage,promotion context
2026-08-22,S10,P105,10.0,12.764,2.7639999999999993,2.7639999999999993,,,,0.7874999999999999,HIGH,recent demand momentum,inventory coverage,promotion context
2026-08-23,S10,P105,7.0,12.664,5.664,5.664,,,,0.7874999999999999,HIGH,recent demand momentum,inventory coverage,promotion context
2026-08-24,S10,P105,4.0,11.668,7.667999999999999,7.667999999999999,,,,0.7874999999999999,HIGH,recent demand momentum,inventory coverage,promotion context
2026-08-22,S10,P106,4.0,15.052,11.052,11.052,,,,0.7874999999999999,HIGH,recent demand momentum,inventory coverage,promotion context
2026-08-24,S10,P106,3.0,5.32,2.3200000000000003,2.3200000000000003,,,,0.7874999999999999,HIGH,recent demand momentum,inventory coverage,promotion context
2026-08-25,S10,P106,2.0,7.812,5.812,5.812,0.0,LOW,0.0,0.7874999999999999,HIGH,recent demand momentum,inventory coverage,promotion context
2026-08-20,S10,P108,14.0,11.436,-2.564,2.564,,,,0.7874999999999999,HIGH,recent demand momentum,inventory coverage,promotion context
2026-08-21,S10,P108,8.0,11.06,3.0600000000000005,3.0600000000000005,,,,0.7874999999999999,HIGH,recent demand momentum,inventory coverage,promotion context
2026-08-22,S10,P108,7.0,14.904,7.904,7.904,,,,0.7874999999999999,HIGH,recent demand momentum,inventory coverage,promotion context
2026-08-23,S10,P108,6.0,11.464,5.464,5.464,,,,0.7874999999999999,HIGH,recent demand momentum,inventory coverage,promotion context
2026-08-25,S10,P108,3.0,10.736,7.736000000000001,7.736000000000001,0.0,LOW,0.0,0.7874999999999999,HIGH,recent demand momentum,inventory coverage,promotion context
2026-08-20,S10,P109,37.0,37.128,0.1280000000000001,0.1280000000000001,,,,0.7874999999999999,HIGH,recent demand momentum,inventory coverage,promotion context
2026-08-22,S10,P109,51.0,38.196,-12.804000000000002,12.804000000000002,,,,0.7874999999999999,HIGH,recent demand momentum,inventory coverage,promotion context
2026-08-23,S10,P109,43.0,39.392,-3.607999999999997,3.607999999999997,,,,0.7874999999999999,HIGH,recent demand momentum,inventory coverage,promotion context
2026-08-24,S10,P109,40.0,37.392,-2.607999999999997,2.607999999999997,,,,0.7874999999999999,HIGH,recent demand momentum,inventory coverage,promotion context
2026-08-25,S10,P109,38.0,38.48,0.4799999999999969,0.4799999999999969,,,,0.7874999999999999,HIGH,recent demand momentum,inventory coverage,promotion context
2026-08-20,S10,P110,806.0,828.304,22.303999999999974,22.303999999999974,,,,0.7874999999999999,HIGH,recent demand momentum,inventory coverage,promotion context
2026-08-21,S10,P110,830.0,832.892,2.8920000000000528,2.8920000000000528,,,,0.7874999999999999,HIGH,recent demand momentum,inventory coverage,promotion context
2026-08-22,S10,P110,814.0,833.076,19.076000000000022,19.076000000000022,,,,0.7874999999999999,HIGH,recent demand momentum,inventory coverage,promotion context
2026-08-23,S10,P110,793.0,762.604,-30.395999999999958,30.395999999999958,,,,0.7874999999999999,HIGH,recent demand momentum,inventory coverage,promotion context
2026-08-24,S10,P110,794.0,768.756,-25.244000000000028,25.244000000000028,,,,0.7874999999999999,HIGH,recent demand momentum,inventory coverage,promotion context
2026-08-25,S10,P110,687.0,759.4,72.39999999999998,72.39999999999998,0.0,LOW,0.0,0.7874999999999999,HIGH,recent demand momentum,inventory coverage,promotion context
2026-08-20,S10,P111,37.0,49.348,12.347999999999999,12.347999999999999,,,,0.7874999999999999,HIGH,recent demand momentum,inventory coverage,promotion context
2026-08-21,S10,P111,44.0,49.896,5.896000000000001,5.896000000000001,,,,0.7874999999999999,HIGH,recent demand momentum,inventory coverage,promotion context
2026-08-22,S10,P111,43.0,50.552,7.552,7.552,,,,0.7874999999999999,HIGH,recent demand momentum,inventory coverage,promotion context
2026-08-23,S10,P111,47.0,51.1,4.100000000000001,4.100000000000001,,,,0.7874999999999999,HIGH,recent demand momentum,inventory coverage,promotion context
2026-08-24,S10,P111,46.0,52.516,6.515999999999998,6.515999999999998,,,,0.7874999999999999,HIGH,recent demand momentum,inventory coverage,promotion context
2026-08-25,S10,P111,43.0,51.32,8.32,8.32,,,,0.7874999999999999,HIGH,recent demand momentum,inventory coverage,promotion context
2026-08-20,S10,P112,25.0,10.568,-14.432,14.432,,,,0.7874999999999999,HIGH,recent demand momentum,inventory coverage,promotion context
2026-08-22,S10,P112,32.0,11.172,-20.828,20.828,,,,0.7874999999999999,HIGH,recent demand momentum,inventory coverage,promotion context
2026-08-23,S10,P112,31.0,10.932,-20.067999999999998,20.067999999999998,,,,0.7874999999999999,HIGH,recent demand momentum,inventory coverage,promotion context
2026-08-25,S10,P112,36.0,11.98,-24.02,24.02,0.0,LOW,0.0,0.7874999999999999,HIGH,recent demand momentum,inventory coverage,promotion context
2026-08-20,S10,P114,20.0,29.584,9.584,9.584,,,,0.7874999999999999,HIGH,recent demand momentum,inventory coverage,promotion context
2026-08-21,S10,P114,15.0,30.584,15.584,15.584,,,,0.7874999999999999,HIGH,recent demand momentum,inventory coverage,promotion context
2026-08-22,S10,P114,23.0,32.156,9.155999999999999,9.155999999999999,,,,0.7874999999999999,HIGH,recent demand momentum,inventory coverage,promotion context
2026-08-24,S10,P114,25.0,34.632,9.631999999999998,9.631999999999998,,,,0.7874999999999999,HIGH,recent demand momentum,inventory coverage,promotion context
2026-08-25,S10,P114,24.0,28.588,4.588000000000001,4.588000000000001,,,,0.7874999999999999,HIGH,recent demand momentum,inventory coverage,promotion context
2026-08-20,S10,P115,1.0,8.756,7.756,7.756,,,,0.7874999999999999,HIGH,recent demand momentum,inventory coverage,promotion context
2026-08-23,S10,P115,1.0,10.412,9.412,9.412,,,,0.7874999999999999,HIGH,recent demand momentum,inventory coverage,promotion context
2026-08-20,S10,P116,23.0,27.544,4.5440000000000005,4.5440000000000005,,,,0.7874999999999999,HIGH,recent demand momentum,inventory coverage,promotion context
2026-08-21,S10,P116,18.0,25.36,7.359999999999999,7.359999999999999,,,,0.7874999999999999,HIGH,recent demand momentum,inventory coverage,promotion context
2026-08-22,S10,P116,30.0,25.288,-4.712,4.712,,,,0.7874999999999999,HIGH,recent demand momentum,inventory coverage,promotion context
2026-08-23,S10,P116,28.0,29.924,1.9239999999999995,1.9239999999999995,,,,0.7874999999999999,HIGH,recent demand momentum,inventory coverage,promotion context
2026-08-20,S10,P117,18.0,17.572,-0.4280000000000008,0.4280000000000008,,,,0.7874999999999999,HIGH,recent demand momentum,inventory coverage,promotion context
2026-08-22,S10,P117,19.0,19.692,0.6920000000000002,0.6920000000000002,,,,0.7874999999999999,HIGH,recent demand momentum,inventory coverage,promotion context
2026-08-25,S10,P117,24.0,18.156,-5.844000000000001,5.844000000000001,,,,0.7874999999999999,HIGH,recent demand momentum,inventory coverage,promotion context
2026-08-20,S10,P118,16.0,19.752,3.751999999999999,3.751999999999999,,,,0.7874999999999999,HIGH,recent demand momentum,inventory coverage,promotion context
2026-08-21,S10,P118,20.0,19.384,-0.6159999999999997,0.6159999999999997,,,,0.7874999999999999,HIGH,recent demand momentum,inventory coverage,promotion context
2026-08-22,S10,P118,18.0,19.864,1.8640000000000008,1.8640000000000008,,,,0.7874999999999999,HIGH,recent demand momentum,inventory coverage,promotion context
2026-08-24,S10,P118,22.0,19.888,-2.1119999999999983,2.1119999999999983,,,,0.7874999999999999,HIGH,recent demand momentum,inventory coverage,promotion context
2026-08-25,S10,P118,21.0,20.4,-0.6000000000000014,0.6000000000000014,,,,0.7874999999999999,HIGH,recent demand momentum,inventory coverage,promotion context
2026-08-20,S10,P119,26.0,14.988,-11.012,11.012,,,,0.7874999999999999,HIGH,recent demand momentum,inventory coverage,promotion context
2026-08-21,S10,P119,28.0,17.764,-10.236,10.236,,,,0.7874999999999999,HIGH,recent demand momentum,inventory coverage,promotion context
2026-08-22,S10,P119,20.0,16.036,-3.9639999999999986,3.9639999999999986,,,,0.7874999999999999,HIGH,recent demand momentum,inventory coverage,promotion context
2026-08-23,S10,P119,14.0,17.868,3.8679999999999986,3.8679999999999986,,,,0.7874999999999999,HIGH,recent demand momentum,inventory coverage,promotion context
2026-08-24,S10,P119,11.0,17.588,6.588000000000001,6.588000000000001,,,,0.7874999999999999,HIGH,recent demand momentum,inventory coverage,promotion context
2026-08-25,S10,P119,10.0,18.504,8.504000000000001,8.504000000000001,,,,0.7874999999999999,HIGH,recent demand momentum,inventory coverage,promotion context
2026-08-20,S10,P120,18.0,18.692,0.6920000000000002,0.6920000000000002,,,,0.7874999999999999,HIGH,recent demand momentum,inventory coverage,promotion context
2026-08-22,S10,P120,20.0,19.7,-0.3000000000000007,0.3000000000000007,,,,0.7874999999999999,HIGH,recent demand momentum,inventory coverage,promotion context
2026-08-23,S10,P120,22.0,20.416,-1.5839999999999996,1.5839999999999996,,,,0.7874999999999999,HIGH,recent demand momentum,inventory coverage,promotion context
2026-08-24,S10,P120,22.0,20.932,-1.0680000000000014,1.0680000000000014,,,,0.7874999999999999,HIGH,recent demand momentum,inventory coverage,promotion context
2026-08-25,S10,P120,17.0,21.572,4.571999999999999,4.571999999999999,,,,0.7874999999999999,HIGH,recent demand momentum,inventory coverage,promotion context
2026-08-20,S10,P121,23.0,15.136,-7.864000000000001,7.864000000000001,,,,0.7874999999999999,HIGH,recent demand momentum,inventory coverage,promotion context
2026-08-21,S10,P121,12.0,17.48,5.48,5.48,,,,0.7874999999999999,HIGH,recent demand momentum,inventory coverage,promotion context
2026-08-22,S10,P121,13.0,11.76,-1.2400000000000002,1.2400000000000002,,,,0.7874999999999999,HIGH,recent demand momentum,inventory coverage,promotion context
2026-08-24,S10,P121,10.0,13.14,3.1400000000000006,3.1400000000000006,,,,0.7874999999999999,HIGH,recent demand momentum,inventory coverage,promotion context
2026-08-25,S10,P121,7.0,14.236,7.236000000000001,7.236000000000001,0.0,LOW,0.0,0.7874999999999999,HIGH,recent demand momentum,inventory coverage,promotion context
2026-08-20,S10,P122,51.0,25.752,-25.248,25.248,,,,0.7874999999999999,HIGH,recent demand momentum,inventory coverage,promotion context
2026-08-21,S10,P122,51.0,25.084,-25.916,25.916,,,,0.7874999999999999,HIGH,recent demand momentum,inventory coverage,promotion context
2026-08-22,S10,P122,45.0,25.044,-19.956,19.956,,,,0.7874999999999999,HIGH,recent demand momentum,inventory coverage,promotion context
2026-08-23,S10,P122,27.0,25.0,-2.0,2.0,,,,0.7874999999999999,HIGH,recent demand momentum,inventory coverage,promotion context
2026-08-24,S10,P122,34.0,29.48,-4.52,4.52,,,,0.7874999999999999,HIGH,recent demand momentum,inventory coverage,promotion context
2026-08-25,S10,P122,30.0,29.816,-0.18400000000000105,0.18400000000000105,0.0,LOW,0.0,0.7874999999999999,HIGH,recent demand momentum,inventory coverage,promotion context
2026-08-20,S10,P123,112.0,168.16,56.16,56.16,,,,0.7874999999999999,HIGH,recent demand momentum,inventory coverage,promotion context
2026-08-21,S10,P123,127.0,171.936,44.93600000000001,44.93600000000001,,,,0.7874999999999999,HIGH,recent demand momentum,inventory coverage,promotion context
2026-08-22,S10,P123,143.0,126.648,-16.352000000000004,16.352000000000004,,,,0.7874999999999999,HIGH,recent demand momentum,inventory coverage,promotion context
2026-08-23,S10,P123,146.0,165.244,19.244,19.244,,,,0.7874999999999999,HIGH,recent demand momentum,inventory coverage,promotion context
2026-08-24,S10,P123,156.0,123.584,-32.416,32.416,,,,0.7874999999999999,HIGH,recent demand momentum,inventory coverage,promotion context
2026-08-25,S10,P123,134.0,118.448,-15.552000000000007,15.552000000000007,,,,0.7874999999999999,HIGH,recent demand momentum,inventory coverage,promotion context
2026-08-20,S10,P124,40.0,62.248,22.247999999999998,22.247999999999998,,,,0.7874999999999999,HIGH,recent demand momentum,inventory coverage,promotion context
2026-08-21,S10,P124,43.0,64.908,21.908,21.908,,,,0.7874999999999999,HIGH,recent demand momentum,inventory coverage,promotion context
2026-08-22,S10,P124,57.0,68.132,11.132000000000005,11.132000000000005,,,,0.7874999999999999,HIGH,recent demand momentum,inventory coverage,promotion context
2026-08-23,S10,P124,54.0,67.836,13.835999999999999,13.835999999999999,,,,0.7874999999999999,HIGH,recent demand momentum,inventory coverage,promotion context
2026-08-24,S10,P124,62.0,68.3,6.299999999999997,6.299999999999997,,,,0.7874999999999999,HIGH,recent demand momentum,inventory coverage,promotion context
2026-08-25,S10,P124,57.0,69.868,12.867999999999995,12.867999999999995,,,,0.7874999999999999,HIGH,recent demand momentum,inventory coverage,promotion context
2026-08-20,S10,P125,18.0,14.436,-3.564,3.564,,,,0.7874999999999999,HIGH,recent demand momentum,inventory coverage,promotion context
2026-08-21,S10,P125,17.0,14.836,-2.1639999999999997,2.1639999999999997,,,,0.7874999999999999,HIGH,recent demand momentum,inventory coverage,promotion context
2026-08-22,S10,P125,17.0,16.028,-0.9720000000000013,0.9720000000000013,,,,0.7874999999999999,HIGH,recent demand momentum,inventory coverage,promotion context
2026-08-23,S10,P125,16.0,13.72,-2.2799999999999994,2.2799999999999994,,,,0.7874999999999999,HIGH,recent demand momentum,inventory coverage,promotion context
2026-08-24,S10,P125,11.0,15.192,4.192,4.192,,,,0.7874999999999999,HIGH,recent demand momentum,inventory coverage,promotion context
2026-08-20,S10,P126,82.0,71.284,-10.715999999999994,10.715999999999994,,,,0.7874999999999999,HIGH,recent demand momentum,inventory coverage,promotion context
2026-08-21,S10,P126,63.0,69.424,6.424000000000007,6.424000000000007,,,,0.7874999999999999,HIGH,recent demand momentum,inventory coverage,promotion context
2026-08-22,S10,P126,67.0,73.332,6.331999999999994,6.331999999999994,,,,0.7874999999999999,HIGH,recent demand momentum,inventory coverage,promotion context
2026-08-23,S10,P126,67.0,72.336,5.3359999999999985,5.3359999999999985,,,,0.7874999999999999,HIGH,recent demand momentum,inventory coverage,promotion context
2026-08-24,S10,P126,63.0,73.036,10.036000000000001,10.036000000000001,,,,0.7874999999999999,HIGH,recent demand momentum,inventory coverage,promotion context
2026-08-25,S10,P126,57.0,76.012,19.012,19.012,0.0,LOW,0.0,0.7874999999999999,HIGH,recent demand momentum,inventory coverage,promotion context
2026-08-20,S10,P127,147.0,163.2,16.19999999999999,16.19999999999999,,,,0.7874999999999999,HIGH,recent demand momentum,inventory coverage,promotion context
2026-08-21,S10,P127,158.0,167.924,9.924000000000007,9.924000000000007,,,,0.7874999999999999,HIGH,recent demand momentum,inventory coverage,promotion context
2026-08-22,S10,P127,174.0,175.26,1.259999999999991,1.259999999999991,,,,0.7874999999999999,HIGH,recent demand momentum,inventory coverage,promotion context
2026-08-23,S10,P127,169.0,168.224,-0.7760000000000105,0.7760000000000105,,,,0.7874999999999999,HIGH,recent demand momentum,inventory coverage,promotion context
2026-08-24,S10,P127,182.0,164.344,-17.656000000000006,17.656000000000006,,,,0.7874999999999999,HIGH,recent demand momentum,inventory coverage,promotion context
2026-08-25,S10,P127,169.0,167.964,-1.0360000000000014,1.0360000000000014,0.0,LOW,0.0,0.7874999999999999,HIGH,recent demand momentum,inventory coverage,promotion context
2026-08-21,S10,P128,34.0,24.38,-9.620000000000001,9.620000000000001,,,,0.7874999999999999,HIGH,recent demand momentum,inventory coverage,promotion context
2026-08-22,S10,P128,24.0,25.552,1.5519999999999996,1.5519999999999996,,,,0.7874999999999999,HIGH,recent demand momentum,inventory coverage,promotion context
2026-08-23,S10,P128,31.0,27.232,-3.7680000000000007,3.7680000000000007,,,,0.7874999999999999,HIGH,recent demand momentum,inventory coverage,promotion context
2026-08-24,S10,P128,36.0,25.836,-10.164000000000001,10.164000000000001,,,,0.7874999999999999,HIGH,recent demand momentum,inventory coverage,promotion context
2026-08-20,S10,P129,108.0,108.38,0.37999999999999545,0.37999999999999545,,,,0.7874999999999999,HIGH,recent demand momentum,inventory coverage,promotion context
2026-08-21,S10,P129,108.0,107.684,-0.3160000000000025,0.3160000000000025,,,,0.7874999999999999,HIGH,recent demand momentum,inventory coverage,promotion context
2026-08-22,S10,P129,104.0,105.304,1.304000000000002,1.304000000000002,,,,0.7874999999999999,HIGH,recent demand momentum,inventory coverage,promotion context
2026-08-23,S10,P129,91.0,114.228,23.227999999999994,23.227999999999994,,,,0.7874999999999999,HIGH,recent demand momentum,inventory coverage,promotion context
2026-08-24,S10,P129,94.0,110.948,16.947999999999993,16.947999999999993,,,,0.7874999999999999,HIGH,recent demand momentum,inventory coverage,promotion context
2026-08-25,S10,P129,77.0,114.408,37.408,37.408,0.0,LOW,0.0,0.7874999999999999,HIGH,recent demand momentum,inventory coverage,promotion context
2026-08-20,S10,P130,220.0,217.26,-2.740000000000009,2.740000000000009,,,,0.7874999999999999,HIGH,recent demand momentum,inventory coverage,promotion context
2026-08-21,S10,P130,195.0,283.156,88.156,88.156,,,,0.7874999999999999,HIGH,recent demand momentum,inventory coverage,promotion context
2026-08-22,S10,P130,176.0,281.796,105.79599999999999,105.79599999999999,,,,0.7874999999999999,HIGH,recent demand momentum,inventory coverage,promotion context
2026-08-23,S10,P130,178.0,277.172,99.17200000000003,99.17200000000003,,,,0.7874999999999999,HIGH,recent demand momentum,inventory coverage,promotion context
2026-08-24,S10,P130,180.0,204.724,24.72399999999999,24.72399999999999,,,,0.7874999999999999,HIGH,recent demand momentum,inventory coverage,promotion context
2026-08-25,S10,P130,151.0,265.272,114.27199999999999,114.27199999999999,0.0,LOW,0.0,0.7874999999999999,HIGH,recent demand momentum,inventory coverage,promotion context
2026-08-20,S10,P131,147.0,126.56,-20.439999999999998,20.439999999999998,,,,0.7874999999999999,HIGH,recent demand momentum,inventory coverage,promotion context
2026-08-21,S10,P131,147.0,133.496,-13.50399999999999,13.50399999999999,,,,0.7874999999999999,HIGH,recent demand momentum,inventory coverage,promotion context
2026-08-22,S10,P131,144.0,122.46,-21.540000000000006,21.540000000000006,,,,0.7874999999999999,HIGH,recent demand momentum,inventory coverage,promotion context
2026-08-23,S10,P131,136.0,131.12,-4.8799999999999955,4.8799999999999955,,,,0.7874999999999999,HIGH,recent demand momentum,inventory coverage,promotion context
2026-08-24,S10,P131,135.0,123.252,-11.748000000000005,11.748000000000005,,,,0.7874999999999999,HIGH,recent demand momentum,inventory coverage,promotion context
2026-08-25,S10,P131,113.0,118.792,5.792000000000002,5.792000000000002,0.0,LOW,0.0,0.7874999999999999,HIGH,recent demand momentum,inventory coverage,promotion context
2026-08-20,S10,P132,61.0,56.188,-4.811999999999998,4.811999999999998,,,,0.7874999999999999,HIGH,recent demand momentum,inventory coverage,promotion context
2026-08-21,S10,P132,48.0,53.112,5.112000000000002,5.112000000000002,,,,0.7874999999999999,HIGH,recent demand momentum,inventory coverage,promotion context
2026-08-22,S10,P132,47.0,52.84,5.840000000000003,5.840000000000003,,,,0.7874999999999999,HIGH,recent demand momentum,inventory coverage,promotion context
2026-08-23,S10,P132,44.0,53.644,9.643999999999998,9.643999999999998,,,,0.7874999999999999,HIGH,recent demand momentum,inventory coverage,promotion context
2026-08-24,S10,P132,40.0,51.492,11.491999999999997,11.491999999999997,,,,0.7874999999999999,HIGH,recent demand momentum,inventory coverage,promotion context
2026-08-20,S10,P133,292.0,241.728,-50.27199999999999,50.27199999999999,,,,0.7874999999999999,HIGH,recent demand momentum,inventory coverage,promotion context
2026-08-21,S10,P133,289.0,244.036,-44.964,44.964,,,,0.7874999999999999,HIGH,recent demand momentum,inventory coverage,promotion context
2026-08-22,S10,P133,262.0,262.88,0.8799999999999955,0.8799999999999955,,,,0.7874999999999999,HIGH,recent demand momentum,inventory coverage,promotion context
2026-08-23,S10,P133,267.0,275.744,8.744000000000028,8.744000000000028,,,,0.7874999999999999,HIGH,recent demand momentum,inventory coverage,promotion context
2026-08-24,S10,P133,276.0,275.088,-0.9119999999999777,0.9119999999999777,,,,0.7874999999999999,HIGH,recent demand momentum,inventory coverage,promotion context
2026-08-25,S10,P133,245.0,278.048,33.048,33.048,0.0,LOW,0.0,0.7874999999999999,HIGH,recent demand momentum,inventory coverage,promotion context
2026-08-20,S10,P134,102.0,109.16,7.159999999999997,7.159999999999997,,,,0.7874999999999999,HIGH,recent demand momentum,inventory coverage,promotion context
2026-08-21,S10,P134,95.0,109.66,14.659999999999997,14.659999999999997,,,,0.7874999999999999,HIGH,recent demand momentum,inventory coverage,promotion context
2026-08-22,S10,P134,90.0,108.588,18.587999999999994,18.587999999999994,,,,0.7874999999999999,HIGH,recent demand momentum,inventory coverage,promotion context
2026-08-23,S10,P134,92.0,108.932,16.932000000000002,16.932000000000002,,,,0.7874999999999999,HIGH,recent demand momentum,inventory coverage,promotion context
2026-08-24,S10,P134,95.0,108.372,13.372,13.372,,,,0.7874999999999999,HIGH,recent demand momentum,inventory coverage,promotion context
2026-08-25,S10,P134,78.0,106.224,28.224000000000004,28.224000000000004,0.0,LOW,0.0,0.7874999999999999,HIGH,recent demand momentum,inventory coverage,promotion context
2026-08-20,S10,P135,49.0,51.736,2.735999999999997,2.735999999999997,,,,0.7874999999999999,HIGH,recent demand momentum,inventory coverage,promotion context
2026-08-21,S10,P135,47.0,51.488,4.4879999999999995,4.4879999999999995,,,,0.7874999999999999,HIGH,recent demand momentum,inventory coverage,promotion context
2026-08-22,S10,P135,50.0,52.2,2.200000000000003,2.200000000000003,,,,0.7874999999999999,HIGH,recent demand momentum,inventory coverage,promotion context
2026-08-23,S10,P135,52.0,50.736,-1.264000000000003,1.264000000000003,,,,0.7874999999999999,HIGH,recent demand momentum,inventory coverage,promotion context
2026-08-24,S10,P135,44.0,52.224,8.223999999999997,8.223999999999997,,,,0.7874999999999999,HIGH,recent demand momentum,inventory coverage,promotion context
2026-08-22,S10,P136,5.0,7.668,2.668,2.668,,,,0.7874999999999999,HIGH,recent demand momentum,inventory coverage,promotion context
2026-08-24,S10,P136,4.0,6.896,2.896,2.896,,,,0.7874999999999999,HIGH,recent demand momentum,inventory coverage,promotion context
2026-08-20,S10,P137,86.0,75.932,-10.067999999999998,10.067999999999998,,,,0.7874999999999999,HIGH,recent demand momentum,inventory coverage,promotion context
2026-08-21,S10,P137,80.0,72.7,-7.299999999999997,7.299999999999997,,,,0.7874999999999999,HIGH,recent demand momentum,inventory coverage,promotion context
2026-08-22,S10,P137,86.0,78.388,-7.611999999999995,7.611999999999995,,,,0.7874999999999999,HIGH,recent demand momentum,inventory coverage,promotion context
2026-08-23,S10,P137,85.0,86.244,1.2439999999999998,1.2439999999999998,,,,0.7874999999999999,HIGH,recent demand momentum,inventory coverage,promotion context
2026-08-24,S10,P137,87.0,93.64,6.640000000000001,6.640000000000001,,,,0.7874999999999999,HIGH,recent demand momentum,inventory coverage,promotion context
2026-08-25,S10,P137,73.0,90.356,17.355999999999995,17.355999999999995,0.0,LOW,0.0,0.7874999999999999,HIGH,recent demand momentum,inventory coverage,promotion context
2026-08-20,S10,P138,41.0,50.952,9.951999999999998,9.951999999999998,,,,0.7874999999999999,HIGH,recent demand momentum,inventory coverage,promotion context
2026-08-21,S10,P138,34.0,51.88,17.880000000000003,17.880000000000003,,,,0.7874999999999999,HIGH,recent demand momentum,inventory coverage,promotion context
2026-08-22,S10,P138,34.0,50.648,16.648000000000003,16.648000000000003,,,,0.7874999999999999,HIGH,recent demand momentum,inventory coverage,promotion context
2026-08-23,S10,P138,42.0,52.764,10.764000000000003,10.764000000000003,,,,0.7874999999999999,HIGH,recent demand momentum,inventory coverage,promotion context
2026-08-24,S10,P138,62.0,52.44,-9.560000000000002,9.560000000000002,,,,0.7874999999999999,HIGH,recent demand momentum,inventory coverage,promotion context
2026-08-25,S10,P138,59.0,51.06,-7.939999999999998,7.939999999999998,,,,0.7874999999999999,HIGH,recent demand momentum,inventory coverage,promotion context
2026-08-20,S10,P139,2.0,14.516,12.516,12.516,,,,0.7874999999999999,HIGH,recent demand momentum,inventory coverage,promotion context
2026-08-24,S10,P139,8.0,13.948,5.948,5.948,,,,0.7874999999999999,HIGH,recent demand momentum,inventory coverage,promotion context
2026-08-20,S10,P140,27.0,25.52,-1.4800000000000004,1.4800000000000004,,,,0.7874999999999999,HIGH,recent demand momentum,inventory coverage,promotion context
2026-08-21,S10,P140,27.0,26.344,-0.6559999999999988,0.6559999999999988,,,,0.7874999999999999,HIGH,recent demand momentum,inventory coverage,promotion context
2026-08-22,S10,P140,22.0,27.44,5.440000000000001,5.440000000000001,,,,0.7874999999999999,HIGH,recent demand momentum,inventory coverage,promotion context
2026-08-23,S10,P140,24.0,24.1,0.10000000000000142,0.10000000000000142,,,,0.7874999999999999,HIGH,recent demand momentum,inventory coverage,promotion context
2026-08-24,S10,P140,23.0,26.22,3.219999999999999,3.219999999999999,,,,0.7874999999999999,HIGH,recent demand momentum,inventory coverage,promotion context
2026-08-25,S10,P140,19.0,23.056,4.056000000000001,4.056000000000001,,,,0.7874999999999999,HIGH,recent demand momentum,inventory coverage,promotion context
2026-08-20,S10,P141,17.0,27.444,10.443999999999999,10.443999999999999,,,,0.7874999999999999,HIGH,recent demand momentum,inventory coverage,promotion context
2026-08-22,S10,P141,21.0,27.924,6.9239999999999995,6.9239999999999995,,,,0.7874999999999999,HIGH,recent demand momentum,inventory coverage,promotion context
2026-08-23,S10,P141,20.0,24.848,4.847999999999999,4.847999999999999,,,,0.7874999999999999,HIGH,recent demand momentum,inventory coverage,promotion context
2026-08-24,S10,P141,19.0,25.5,6.5,6.5,,,,0.7874999999999999,HIGH,recent demand momentum,inventory coverage,promotion context
2026-08-20,S10,P142,12.0,11.328,-0.6720000000000006,0.6720000000000006,,,,0.7874999999999999,HIGH,recent demand momentum,inventory coverage,promotion context
2026-08-22,S10,P142,13.0,11.836,-1.1639999999999997,1.1639999999999997,,,,0.7874999999999999,HIGH,recent demand momentum,inventory coverage,promotion context
2026-08-23,S10,P142,16.0,13.18,-2.8200000000000003,2.8200000000000003,,,,0.7874999999999999,HIGH,recent demand momentum,inventory coverage,promotion context
2026-08-24,S10,P142,14.0,11.592,-2.4079999999999995,2.4079999999999995,,,,0.7874999999999999,HIGH,recent demand momentum,inventory coverage,promotion context
2026-08-20,S10,P143,47.0,52.492,5.491999999999997,5.491999999999997,,,,0.7874999999999999,HIGH,recent demand momentum,inventory coverage,promotion context
2026-08-21,S10,P143,54.0,54.368,0.3680000000000021,0.3680000000000021,,,,0.7874999999999999,HIGH,recent demand momentum,inventory coverage,promotion context
2026-08-22,S10,P143,47.0,56.724,9.723999999999997,9.723999999999997,,,,0.7874999999999999,HIGH,recent demand momentum,inventory coverage,promotion context
2026-08-23,S10,P143,45.0,55.288,10.287999999999997,10.287999999999997,,,,0.7874999999999999,HIGH,recent demand momentum,inventory coverage,promotion context
2026-08-24,S10,P143,44.0,55.76,11.759999999999998,11.759999999999998,,,,0.7874999999999999,HIGH,recent demand momentum,inventory coverage,promotion context
2026-08-25,S10,P143,34.0,47.244,13.244,13.244,0.0,LOW,0.0,0.7874999999999999,HIGH,recent demand momentum,inventory coverage,promotion context
2026-08-20,S10,P144,42.0,40.596,-1.4040000000000035,1.4040000000000035,,,,0.7874999999999999,HIGH,recent demand momentum,inventory coverage,promotion context
2026-08-21,S10,P144,41.0,37.088,-3.911999999999999,3.911999999999999,,,,0.7874999999999999,HIGH,recent demand momentum,inventory coverage,promotion context
2026-08-22,S10,P144,38.0,36.46,-1.5399999999999991,1.5399999999999991,,,,0.7874999999999999,HIGH,recent demand momentum,inventory coverage,promotion context
2026-08-23,S10,P144,37.0,36.592,-0.40800000000000125,0.40800000000000125,,,,0.7874999999999999,HIGH,recent demand momentum,inventory coverage,promotion context
2026-08-24,S10,P144,31.0,35.268,4.268000000000001,4.268000000000001,,,,0.7874999999999999,HIGH,recent demand momentum,inventory coverage,promotion context
2026-08-25,S10,P144,26.0,35.48,9.479999999999997,9.479999999999997,0.0,LOW,0.0,0.7874999999999999,HIGH,recent demand momentum,inventory coverage,promotion context
2026-08-20,S10,P145,10.0,30.008,20.008,20.008,,,,0.7874999999999999,HIGH,recent demand momentum,inventory coverage,promotion context
2026-08-21,S10,P145,7.0,28.916,21.916,21.916,,,,0.7874999999999999,HIGH,recent demand momentum,inventory coverage,promotion context
2026-08-23,S10,P145,22.0,28.376,6.376000000000001,6.376000000000001,,,,0.7874999999999999,HIGH,recent demand momentum,inventory coverage,promotion context
2026-08-25,S10,P145,22.0,30.64,8.64,8.64,0.0,LOW,0.0,0.7874999999999999,HIGH,recent demand momentum,inventory coverage,promotion context
2026-08-20,S10,P146,69.0,64.636,-4.364000000000004,4.364000000000004,,,,0.7874999999999999,HIGH,recent demand momentum,inventory coverage,promotion context
2026-08-21,S10,P146,71.0,63.672,-7.328000000000003,7.328000000000003,,,,0.7874999999999999,HIGH,recent demand momentum,inventory coverage,promotion context
2026-08-22,S10,P146,62.0,73.32,11.319999999999993,11.319999999999993,,,,0.7874999999999999,HIGH,recent demand momentum,inventory coverage,promotion context
2026-08-23,S10,P146,69.0,67.164,-1.8359999999999985,1.8359999999999985,,,,0.7874999999999999,HIGH,recent demand momentum,inventory coverage,promotion context
2026-08-24,S10,P146,66.0,65.972,-0.028000000000005798,0.028000000000005798,,,,0.7874999999999999,HIGH,recent demand momentum,inventory coverage,promotion context
2026-08-25,S10,P146,58.0,65.652,7.652000000000001,7.652000000000001,,,,0.7874999999999999,HIGH,recent demand momentum,inventory coverage,promotion context
2026-08-20,S10,P147,32.0,35.948,3.9480000000000004,3.9480000000000004,,,,0.7874999999999999,HIGH,recent demand momentum,inventory coverage,promotion context
2026-08-21,S10,P147,31.0,38.644,7.643999999999998,7.643999999999998,,,,0.7874999999999999,HIGH,recent demand momentum,inventory coverage,promotion context
2026-08-22,S10,P147,33.0,39.356,6.356000000000002,6.356000000000002,,,,0.7874999999999999,HIGH,recent demand momentum,inventory coverage,promotion context
2026-08-23,S10,P147,35.0,40.588,5.588000000000001,5.588000000000001,,,,0.7874999999999999,HIGH,recent demand momentum,inventory coverage,promotion context
2026-08-24,S10,P147,41.0,42.5,1.5,1.5,,,,0.7874999999999999,HIGH,recent demand momentum,inventory coverage,promotion context
2026-08-25,S10,P147,28.0,39.048,11.048000000000002,11.048000000000002,,,,0.7874999999999999,HIGH,recent demand momentum,inventory coverage,promotion context
2026-08-23,S10,P148,12.0,12.396,0.3960000000000008,0.3960000000000008,,,,0.7874999999999999,HIGH,recent demand momentum,inventory coverage,promotion context
2026-08-25,S10,P148,12.0,10.9,-1.0999999999999996,1.0999999999999996,0.0,LOW,0.0,0.7874999999999999,HIGH,recent demand momentum,inventory coverage,promotion context
2026-08-21,S10,P149,15.0,33.36,18.36,18.36,,,,0.7874999999999999,HIGH,recent demand momentum,inventory coverage,promotion context
2026-08-23,S10,P149,14.0,29.424,15.424,15.424,,,,0.7874999999999999,HIGH,recent demand momentum,inventory coverage,promotion context
2026-08-24,S10,P149,14.0,27.244,13.244,13.244,,,,0.7874999999999999,HIGH,recent demand momentum,inventory coverage,promotion context
2026-08-20,S10,P150,17.0,15.756,-1.2439999999999998,1.2439999999999998,,,,0.7874999999999999,HIGH,recent demand momentum,inventory coverage,promotion context
2026-08-21,S10,P150,17.0,19.2,2.1999999999999993,2.1999999999999993,,,,0.7874999999999999,HIGH,recent demand momentum,inventory coverage,promotion context
2026-08-22,S10,P150,12.0,16.996,4.995999999999999,4.995999999999999,,,,0.7874999999999999,HIGH,recent demand momentum,inventory coverage,promotion context
2026-08-23,S10,P150,15.0,23.732,8.732,8.732,,,,0.7874999999999999,HIGH,recent demand momentum,inventory coverage,promotion context
2026-08-24,S10,P150,10.0,27.988,17.988,17.988,,,,0.7874999999999999,HIGH,recent demand momentum,inventory coverage,promotion context
2026-08-25,S10,P150,8.0,16.796,8.796,8.796,0.0,LOW,0.0,0.7874999999999999,HIGH,recent demand momentum,inventory coverage,promotion context
2026-08-20,S10,P151,8.0,17.052,9.052,9.052,,,,0.7874999999999999,HIGH,recent demand momentum,inventory coverage,promotion context
2026-08-21,S10,P151,13.0,20.836,7.8359999999999985,7.8359999999999985,,,,0.7874999999999999,HIGH,recent demand momentum,inventory coverage,promotion context
2026-08-22,S10,P151,13.0,19.444,6.443999999999999,6.443999999999999,,,,0.7874999999999999,HIGH,recent demand momentum,inventory coverage,promotion context
2026-08-24,S10,P151,11.0,16.78,5.780000000000001,5.780000000000001,,,,0.7874999999999999,HIGH,recent demand momentum,inventory coverage,promotion context
2026-08-20,S10,P152,91.0,69.28,-21.72,21.72,,,,0.7874999999999999,HIGH,recent demand momentum,inventory coverage,promotion context
2026-08-21,S10,P152,83.0,68.928,-14.072000000000003,14.072000000000003,,,,0.7874999999999999,HIGH,recent demand momentum,inventory coverage,promotion context
2026-08-22,S10,P152,80.0,69.724,-10.275999999999996,10.275999999999996,,,,0.7874999999999999,HIGH,recent demand momentum,inventory coverage,promotion context
2026-08-23,S10,P152,86.0,75.384,-10.616,10.616,,,,0.7874999999999999,HIGH,recent demand momentum,inventory coverage,promotion context
2026-08-24,S10,P152,76.0,67.4,-8.599999999999994,8.599999999999994,,,,0.7874999999999999,HIGH,recent demand momentum,inventory coverage,promotion context
2026-08-25,S10,P152,53.0,68.26,15.260000000000005,15.260000000000005,,,,0.7874999999999999,HIGH,recent demand momentum,inventory coverage,promotion context
2026-08-20,S10,P153,57.0,56.28,-0.7199999999999989,0.7199999999999989,,,,0.7874999999999999,HIGH,recent demand momentum,inventory coverage,promotion context
2026-08-21,S10,P153,60.0,56.512,-3.4879999999999995,3.4879999999999995,,,,0.7874999999999999,HIGH,recent demand momentum,inventory coverage,promotion context
2026-08-22,S10,P153,72.0,56.924,-15.076,15.076,,,,0.7874999999999999,HIGH,recent demand momentum,inventory coverage,promotion context
2026-08-23,S10,P153,70.0,57.348,-12.652000000000001,12.652000000000001,,,,0.7874999999999999,HIGH,recent demand momentum,inventory coverage,promotion context
2026-08-24,S10,P153,68.0,65.164,-2.8359999999999985,2.8359999999999985,,,,0.7874999999999999,HIGH,recent demand momentum,inventory coverage,promotion context
2026-08-25,S10,P153,53.0,64.712,11.712000000000003,11.712000000000003,0.0,LOW,0.0,0.7874999999999999,HIGH,recent demand momentum,inventory coverage,promotion context
2026-08-20,S10,P154,25.0,23.796,-1.2040000000000006,1.2040000000000006,,,,0.7874999999999999,HIGH,recent demand momentum,inventory coverage,promotion context
2026-08-21,S10,P154,25.0,22.636,-2.3640000000000008,2.3640000000000008,,,,0.7874999999999999,HIGH,recent demand momentum,inventory coverage,promotion context
2026-08-22,S10,P154,30.0,17.092,-12.908000000000001,12.908000000000001,,,,0.7874999999999999,HIGH,recent demand momentum,inventory coverage,promotion context
2026-08-23,S10,P154,25.0,24.16,-0.8399999999999999,0.8399999999999999,,,,0.7874999999999999,HIGH,recent demand momentum,inventory coverage,promotion context
2026-08-24,S10,P154,17.0,22.508,5.507999999999999,5.507999999999999,,,,0.7874999999999999,HIGH,recent demand momentum,inventory coverage,promotion context
2026-08-20,S10,P155,23.0,33.34,10.340000000000003,10.340000000000003,,,,0.7874999999999999,HIGH,recent demand momentum,inventory coverage,promotion context
2026-08-21,S10,P155,22.0,35.26,13.259999999999998,13.259999999999998,,,,0.7874999999999999,HIGH,recent demand momentum,inventory coverage,promotion context
2026-08-22,S10,P155,27.0,35.644,8.643999999999998,8.643999999999998,,,,0.7874999999999999,HIGH,recent demand momentum,inventory coverage,promotion context
2026-08-23,S10,P155,31.0,30.96,-0.03999999999999915,0.03999999999999915,,,,0.7874999999999999,HIGH,recent demand momentum,inventory coverage,promotion context
2026-08-25,S10,P155,32.0,26.644,-5.356000000000002,5.356000000000002,0.0,LOW,0.0,0.7874999999999999,HIGH,recent demand momentum,inventory coverage,promotion context
2026-08-20,S10,P156,69.0,74.112,5.111999999999995,5.111999999999995,,,,0.7874999999999999,HIGH,recent demand momentum,inventory coverage,promotion context
2026-08-21,S10,P156,65.0,83.448,18.447999999999993,18.447999999999993,,,,0.7874999999999999,HIGH,recent demand momentum,inventory coverage,promotion context
2026-08-22,S10,P156,66.0,73.14,7.140000000000001,7.140000000000001,,,,0.7874999999999999,HIGH,recent demand momentum,inventory coverage,promotion context
2026-08-23,S10,P156,76.0,81.984,5.983999999999995,5.983999999999995,,,,0.7874999999999999,HIGH,recent demand momentum,inventory coverage,promotion context
2026-08-24,S10,P156,74.0,80.068,6.067999999999998,6.067999999999998,,,,0.7874999999999999,HIGH,recent demand momentum,inventory coverage,promotion context
2026-08-25,S10,P156,65.0,87.348,22.348,22.348,0.0,LOW,0.0,0.7874999999999999,HIGH,recent demand momentum,inventory coverage,promotion context
2026-08-20,S10,P157,39.0,52.932,13.932000000000002,13.932000000000002,,,,0.7874999999999999,HIGH,recent demand momentum,inventory coverage,promotion context
2026-08-21,S10,P157,32.0,50.604,18.604,18.604,,,,0.7874999999999999,HIGH,recent demand momentum,inventory coverage,promotion context
2026-08-22,S10,P157,30.0,53.22,23.22,23.22,,,,0.7874999999999999,HIGH,recent demand momentum,inventory coverage,promotion context
2026-08-23,S10,P157,39.0,53.92,14.920000000000002,14.920000000000002,,,,0.7874999999999999,HIGH,recent demand momentum,inventory coverage,promotion context
2026-08-24,S10,P157,30.0,52.396,22.396,22.396,,,,0.7874999999999999,HIGH,recent demand momentum,inventory coverage,promotion context
2026-08-25,S10,P157,20.0,51.036,31.036,31.036,0.0,LOW,0.0,0.7874999999999999,HIGH,recent demand momentum,inventory coverage,promotion context
2026-08-20,S10,P158,204.0,154.448,-49.55199999999999,49.55199999999999,,,,0.7874999999999999,HIGH,recent demand momentum,inventory coverage,promotion context
2026-08-21,S10,P158,205.0,164.356,-40.644000000000005,40.644000000000005,,,,0.7874999999999999,HIGH,recent demand momentum,inventory coverage,promotion context
2026-08-22,S10,P158,206.0,165.28,-40.72,40.72,,,,0.7874999999999999,HIGH,recent demand momentum,inventory coverage,promotion context
2026-08-23,S10,P158,192.0,165.032,-26.96799999999999,26.96799999999999,,,,0.7874999999999999,HIGH,recent demand momentum,inventory coverage,promotion context
2026-08-24,S10,P158,170.0,158.084,-11.915999999999997,11.915999999999997,,,,0.7874999999999999,HIGH,recent demand momentum,inventory coverage,promotion context
2026-08-25,S10,P158,148.0,151.292,3.2920000000000016,3.2920000000000016,,,,0.7874999999999999,HIGH,recent demand momentum,inventory coverage,promotion context
2026-08-20,S10,P159,222.0,187.184,-34.816,34.816,,,,0.7874999999999999,HIGH,recent demand momentum,inventory coverage,promotion context
2026-08-21,S10,P159,202.0,196.072,-5.927999999999997,5.927999999999997,,,,0.7874999999999999,HIGH,recent demand momentum,inventory coverage,promotion context
2026-08-22,S10,P159,196.0,188.904,-7.096000000000004,7.096000000000004,,,,0.7874999999999999,HIGH,recent demand momentum,inventory coverage,promotion context
2026-08-23,S10,P159,184.0,183.008,-0.9919999999999902,0.9919999999999902,,,,0.7874999999999999,HIGH,recent demand momentum,inventory coverage,promotion context
2026-08-24,S10,P159,177.0,179.484,2.484000000000009,2.484000000000009,,,,0.7874999999999999,HIGH,recent demand momentum,inventory coverage,promotion context
2026-08-25,S10,P159,127.0,183.128,56.127999999999986,56.127999999999986,0.0,LOW,0.0,0.7874999999999999,HIGH,recent demand momentum,inventory coverage,promotion context
2026-08-21,S10,P160,0.0,6.28,6.28,6.28,,,,0.7874999999999999,HIGH,recent demand momentum,inventory coverage,promotion context
2026-08-20,S10,P161,100.0,114.968,14.968000000000004,14.968000000000004,,,,0.7874999999999999,HIGH,recent demand momentum,inventory coverage,promotion context
2026-08-21,S10,P161,108.0,113.464,5.463999999999999,5.463999999999999,,,,0.7874999999999999,HIGH,recent demand momentum,inventory coverage,promotion context
2026-08-22,S10,P161,117.0,109.248,-7.751999999999995,7.751999999999995,,,,0.7874999999999999,HIGH,recent demand momentum,inventory coverage,promotion context
2026-08-23,S10,P161,117.0,112.748,-4.251999999999995,4.251999999999995,,,,0.7874999999999999,HIGH,recent demand momentum,inventory coverage,promotion context
2026-08-24,S10,P161,120.0,105.58,-14.420000000000002,14.420000000000002,,,,0.7874999999999999,HIGH,recent demand momentum,inventory coverage,promotion context
2026-08-25,S10,P161,103.0,114.932,11.932000000000002,11.932000000000002,0.0,LOW,0.0,0.7874999999999999,HIGH,recent demand momentum,inventory coverage,promotion context
2026-08-20,S10,P163,130.0,115.484,-14.516000000000005,14.516000000000005,,,,0.7874999999999999,HIGH,recent demand momentum,inventory coverage,promotion context
2026-08-21,S10,P163,116.0,117.696,1.695999999999998,1.695999999999998,,,,0.7874999999999999,HIGH,recent demand momentum,inventory coverage,promotion context
2026-08-22,S10,P163,116.0,116.644,0.6440000000000055,0.6440000000000055,,,,0.7874999999999999,HIGH,recent demand momentum,inventory coverage,promotion context
2026-08-23,S10,P163,122.0,116.788,-5.212000000000003,5.212000000000003,,,,0.7874999999999999,HIGH,recent demand momentum,inventory coverage,promotion context
2026-08-24,S10,P163,137.0,115.148,-21.852000000000004,21.852000000000004,,,,0.7874999999999999,HIGH,recent demand momentum,inventory coverage,promotion context
2026-08-25,S10,P163,111.0,121.064,10.063999999999993,10.063999999999993,,,,0.7874999999999999,HIGH,recent demand momentum,inventory coverage,promotion context
2026-08-20,S10,P164,19.0,29.816,10.815999999999999,10.815999999999999,,,,0.7874999999999999,HIGH,recent demand momentum,inventory coverage,promotion context
2026-08-22,S10,P164,24.0,27.596,3.596,3.596,,,,0.7874999999999999,HIGH,recent demand momentum,inventory coverage,promotion context
2026-08-23,S10,P164,28.0,32.068,4.067999999999998,4.067999999999998,,,,0.7874999999999999,HIGH,recent demand momentum,inventory coverage,promotion context
2026-08-24,S10,P164,27.0,26.356,-0.6439999999999984,0.6439999999999984,,,,0.7874999999999999,HIGH,recent demand momentum,inventory coverage,promotion context
2026-08-25,S10,P164,18.0,37.88,19.880000000000003,19.880000000000003,0.0,LOW,0.0,0.7874999999999999,HIGH,recent demand momentum,inventory coverage,promotion context
2026-08-23,S10,P165,5.0,9.232,4.231999999999999,4.231999999999999,,,,0.7874999999999999,HIGH,recent demand momentum,inventory coverage,promotion context
2026-08-20,S10,P166,37.0,43.944,6.944000000000003,6.944000000000003,,,,0.7874999999999999,HIGH,recent demand momentum,inventory coverage,promotion context
2026-08-21,S10,P166,30.0,43.76,13.759999999999998,13.759999999999998,,,,0.7874999999999999,HIGH,recent demand momentum,inventory coverage,promotion context
2026-08-22,S10,P166,25.0,43.388,18.387999999999998,18.387999999999998,,,,0.7874999999999999,HIGH,recent demand momentum,inventory coverage,promotion context
2026-08-23,S10,P166,25.0,45.684,20.683999999999997,20.683999999999997,,,,0.7874999999999999,HIGH,recent demand momentum,inventory coverage,promotion context
2026-08-24,S10,P166,24.0,44.456,20.456000000000003,20.456000000000003,,,,0.7874999999999999,HIGH,recent demand momentum,inventory coverage,promotion context
2026-08-25,S10,P166,19.0,49.368,30.368000000000002,30.368000000000002,,,,0.7874999999999999,HIGH,recent demand momentum,inventory coverage,promotion context
2026-08-24,S10,P167,4.0,7.144,3.144,3.144,,,,0.7874999999999999,HIGH,recent demand momentum,inventory coverage,promotion context
2026-08-22,S10,P168,16.0,9.992,-6.007999999999999,6.007999999999999,,,,0.7874999999999999,HIGH,recent demand momentum,inventory coverage,promotion context
2026-08-23,S10,P168,12.0,9.136,-2.8640000000000008,2.8640000000000008,,,,0.7874999999999999,HIGH,recent demand momentum,inventory coverage,promotion context
2026-08-24,S10,P168,9.0,10.56,1.5600000000000005,1.5600000000000005,,,,0.7874999999999999,HIGH,recent demand momentum,inventory coverage,promotion context
2026-08-25,S10,P168,7.0,10.428,3.428000000000001,3.428000000000001,0.0,LOW,0.0,0.7874999999999999,HIGH,recent demand momentum,inventory coverage,promotion context
2026-08-20,S10,P169,68.0,46.632,-21.368000000000002,21.368000000000002,,,,0.7874999999999999,HIGH,recent demand momentum,inventory coverage,promotion context
2026-08-21,S10,P169,65.0,50.412,-14.588000000000001,14.588000000000001,,,,0.7874999999999999,HIGH,recent demand momentum,inventory coverage,promotion context
2026-08-22,S10,P169,65.0,51.204,-13.796,13.796,,,,0.7874999999999999,HIGH,recent demand momentum,inventory coverage,promotion context
2026-08-23,S10,P169,66.0,54.108,-11.892000000000003,11.892000000000003,,,,0.7874999999999999,HIGH,recent demand momentum,inventory coverage,promotion context
2026-08-24,S10,P169,61.0,47.172,-13.828000000000003,13.828000000000003,,,,0.7874999999999999,HIGH,recent demand momentum,inventory coverage,promotion context
2026-08-25,S10,P169,52.0,48.52,-3.479999999999997,3.479999999999997,0.0,LOW,0.0,0.7874999999999999,HIGH,recent demand momentum,inventory coverage,promotion context
2026-08-23,S10,P170,8.0,9.184,1.1839999999999993,1.1839999999999993,,,,0.7874999999999999,HIGH,recent demand momentum,inventory coverage,promotion context
2026-08-20,S10,P171,30.0,35.044,5.043999999999997,5.043999999999997,,,,0.7874999999999999,HIGH,recent demand momentum,inventory coverage,promotion context
2026-08-21,S10,P171,29.0,33.788,4.787999999999997,4.787999999999997,,,,0.7874999999999999,HIGH,recent demand momentum,inventory coverage,promotion context
2026-08-22,S10,P171,38.0,34.808,-3.192,3.192,,,,0.7874999999999999,HIGH,recent demand momentum,inventory coverage,promotion context
2026-08-23,S10,P171,34.0,34.96,0.9600000000000009,0.9600000000000009,,,,0.7874999999999999,HIGH,recent demand momentum,inventory coverage,promotion context
2026-08-24,S10,P171,34.0,35.44,1.4399999999999977,1.4399999999999977,,,,0.7874999999999999,HIGH,recent demand momentum,inventory coverage,promotion context
2026-08-25,S10,P171,31.0,37.152,6.152000000000001,6.152000000000001,0.0,LOW,0.0,0.7874999999999999,HIGH,recent demand momentum,inventory coverage,promotion context
2026-08-20,S10,P172,31.0,27.456,-3.5440000000000005,3.5440000000000005,,,,0.7874999999999999,HIGH,recent demand momentum,inventory coverage,promotion context
2026-08-21,S10,P172,25.0,24.508,-0.4920000000000009,0.4920000000000009,,,,0.7874999999999999,HIGH,recent demand momentum,inventory coverage,promotion context
2026-08-22,S10,P172,17.0,27.168,10.168,10.168,,,,0.7874999999999999,HIGH,recent demand momentum,inventory coverage,promotion context
2026-08-23,S10,P172,11.0,26.388,15.388000000000002,15.388000000000002,,,,0.7874999999999999,HIGH,recent demand momentum,inventory coverage,promotion context
2026-08-25,S10,P172,20.0,27.096,7.096,7.096,,,,0.7874999999999999,HIGH,recent demand momentum,inventory coverage,promotion context
2026-08-20,S10,P173,12.0,9.8,-2.1999999999999993,2.1999999999999993,,,,0.7874999999999999,HIGH,recent demand momentum,inventory coverage,promotion context
2026-08-22,S10,P173,13.0,10.496,-2.5039999999999996,2.5039999999999996,,,,0.7874999999999999,HIGH,recent demand momentum,inventory coverage,promotion context
2026-08-23,S10,P173,8.0,10.0,2.0,2.0,,,,0.7874999999999999,HIGH,recent demand momentum,inventory coverage,promotion context
2026-08-24,S10,P173,8.0,12.572,4.571999999999999,4.571999999999999,,,,0.7874999999999999,HIGH,recent demand momentum,inventory coverage,promotion context
2026-08-25,S10,P173,7.0,10.052,3.0519999999999996,3.0519999999999996,0.0,LOW,0.0,0.7874999999999999,HIGH,recent demand momentum,inventory coverage,promotion context
2026-08-20,S10,P174,6.0,8.408,2.4079999999999995,2.4079999999999995,,,,0.7874999999999999,HIGH,recent demand momentum,inventory coverage,promotion context
2026-08-22,S10,P174,5.0,11.928,6.928000000000001,6.928000000000001,,,,0.7874999999999999,HIGH,recent demand momentum,inventory coverage,promotion context
2026-08-23,S10,P174,4.0,7.448,3.4480000000000004,3.4480000000000004,,,,0.7874999999999999,HIGH,recent demand momentum,inventory coverage,promotion context
2026-08-25,S10,P174,3.0,10.852,7.852,7.852,,,,0.7874999999999999,HIGH,recent demand momentum,inventory coverage,promotion context
2026-08-21,S10,P175,3.0,11.2,8.2,8.2,,,,0.7874999999999999,HIGH,recent demand momentum,inventory coverage,promotion context
2026-08-22,S10,P175,2.0,11.804,9.804,9.804,,,,0.7874999999999999,HIGH,recent demand momentum,inventory coverage,promotion context
2026-08-23,S10,P175,1.0,12.368,11.368,11.368,,,,0.7874999999999999,HIGH,recent demand momentum,inventory coverage,promotion context
2026-08-24,S10,P175,0.0,15.496,15.496,15.496,,,,0.7874999999999999,HIGH,recent demand momentum,inventory coverage,promotion context
2026-08-20,S10,P176,163.0,174.104,11.104000000000013,11.104000000000013,,,,0.7874999999999999,HIGH,recent demand momentum,inventory coverage,promotion context
2026-08-21,S10,P176,165.0,173.848,8.848000000000013,8.848000000000013,,,,0.7874999999999999,HIGH,recent demand momentum,inventory coverage,promotion context
2026-08-22,S10,P176,167.0,174.3,7.300000000000011,7.300000000000011,,,,0.7874999999999999,HIGH,recent demand momentum,inventory coverage,promotion context
2026-08-23,S10,P176,176.0,171.512,-4.4879999999999995,4.4879999999999995,,,,0.7874999999999999,HIGH,recent demand momentum,inventory coverage,promotion context
2026-08-24,S10,P176,174.0,172.296,-1.7040000000000077,1.7040000000000077,,,,0.7874999999999999,HIGH,recent demand momentum,inventory coverage,promotion context
2026-08-25,S10,P176,151.0,168.716,17.716000000000008,17.716000000000008,0.0,LOW,0.0,0.7874999999999999,HIGH,recent demand momentum,inventory coverage,promotion context
2026-08-20,S10,P177,35.0,29.356,-5.643999999999998,5.643999999999998,,,,0.7874999999999999,HIGH,recent demand momentum,inventory coverage,promotion context
2026-08-21,S10,P177,40.0,25.848,-14.152000000000001,14.152000000000001,,,,0.7874999999999999,HIGH,recent demand momentum,inventory coverage,promotion context
2026-08-22,S10,P177,40.0,25.48,-14.52,14.52,,,,0.7874999999999999,HIGH,recent demand momentum,inventory coverage,promotion context
2026-08-23,S10,P177,39.0,25.588,-13.411999999999999,13.411999999999999,,,,0.7874999999999999,HIGH,recent demand momentum,inventory coverage,promotion context
2026-08-24,S10,P177,27.0,24.924,-2.0760000000000005,2.0760000000000005,,,,0.7874999999999999,HIGH,recent demand momentum,inventory coverage,promotion context
2026-08-25,S10,P177,26.0,27.48,1.4800000000000004,1.4800000000000004,0.0,LOW,0.0,0.7874999999999999,HIGH,recent demand momentum,inventory coverage,promotion context
2026-08-20,S10,P178,26.0,25.168,-0.8320000000000007,0.8320000000000007,,,,0.7874999999999999,HIGH,recent demand momentum,inventory coverage,promotion context
2026-08-21,S10,P178,23.0,23.1,0.10000000000000142,0.10000000000000142,,,,0.7874999999999999,HIGH,recent demand momentum,inventory coverage,promotion context
2026-08-22,S10,P178,25.0,21.124,-3.8760000000000012,3.8760000000000012,,,,0.7874999999999999,HIGH,recent demand momentum,inventory coverage,promotion context
2026-08-23,S10,P178,32.0,22.088,-9.911999999999999,9.911999999999999,,,,0.7874999999999999,HIGH,recent demand momentum,inventory coverage,promotion context
2026-08-24,S10,P178,28.0,23.98,-4.02,4.02,,,,0.7874999999999999,HIGH,recent demand momentum,inventory coverage,promotion context
2026-08-25,S10,P178,26.0,22.936,-3.064,3.064,0.0,LOW,0.0,0.7874999999999999,HIGH,recent demand momentum,inventory coverage,promotion context
2026-08-22,S10,P179,11.0,7.292,-3.708,3.708,,,,0.7874999999999999,HIGH,recent demand momentum,inventory coverage,promotion context
2026-08-23,S10,P179,15.0,8.336,-6.664,6.664,,,,0.7874999999999999,HIGH,recent demand momentum,inventory coverage,promotion context
2026-08-24,S10,P179,12.0,8.0,-4.0,4.0,,,,0.7874999999999999,HIGH,recent demand momentum,inventory coverage,promotion context
2026-08-25,S10,P179,10.0,9.136,-0.8640000000000008,0.8640000000000008,0.0,LOW,0.0,0.7874999999999999,HIGH,recent demand momentum,inventory coverage,promotion context
2026-08-20,S10,P180,92.0,84.264,-7.736000000000004,7.736000000000004,,,,0.7874999999999999,HIGH,recent demand momentum,inventory coverage,promotion context
2026-08-21,S10,P180,85.0,84.204,-0.7960000000000065,0.7960000000000065,,,,0.7874999999999999,HIGH,recent demand momentum,inventory coverage,promotion context
2026-08-22,S10,P180,85.0,89.684,4.6839999999999975,4.6839999999999975,,,,0.7874999999999999,HIGH,recent demand momentum,inventory coverage,promotion context
2026-08-23,S10,P180,80.0,90.276,10.275999999999996,10.275999999999996,,,,0.7874999999999999,HIGH,recent demand momentum,inventory coverage,promotion context
2026-08-24,S10,P180,69.0,88.696,19.695999999999998,19.695999999999998,,,,0.7874999999999999,HIGH,recent demand momentum,inventory coverage,promotion context
2026-08-25,S10,P180,59.0,91.488,32.488,32.488,0.0,LOW,0.0,0.7874999999999999,HIGH,recent demand momentum,inventory coverage,promotion context
2026-08-20,S10,P181,33.0,35.88,2.8800000000000026,2.8800000000000026,,,,0.7874999999999999,HIGH,recent demand momentum,inventory coverage,promotion context
2026-08-21,S10,P181,35.0,33.276,-1.7239999999999966,1.7239999999999966,,,,0.7874999999999999,HIGH,recent demand momentum,inventory coverage,promotion context
2026-08-22,S10,P181,28.0,36.38,8.380000000000003,8.380000000000003,,,,0.7874999999999999,HIGH,recent demand momentum,inventory coverage,promotion context
2026-08-24,S10,P181,33.0,41.696,8.695999999999998,8.695999999999998,,,,0.7874999999999999,HIGH,recent demand momentum,inventory coverage,promotion context
2026-08-25,S10,P181,32.0,38.732,6.731999999999999,6.731999999999999,0.0,LOW,0.0,0.7874999999999999,HIGH,recent demand momentum,inventory coverage,promotion context
2026-08-20,S10,P182,17.0,16.436,-0.5640000000000001,0.5640000000000001,,,,0.7874999999999999,HIGH,recent demand momentum,inventory coverage,promotion context
2026-08-22,S10,P182,13.0,18.804,5.8039999999999985,5.8039999999999985,,,,0.7874999999999999,HIGH,recent demand momentum,inventory coverage,promotion context
2026-08-25,S10,P182,13.0,20.64,7.640000000000001,7.640000000000001,0.0,LOW,0.0,0.7874999999999999,HIGH,recent demand momentum,inventory coverage,promotion context
2026-08-20,S10,P183,329.0,340.096,11.096000000000004,11.096000000000004,,,,0.7874999999999999,HIGH,recent demand momentum,inventory coverage,promotion context
2026-08-21,S10,P183,338.0,342.22,4.220000000000027,4.220000000000027,,,,0.7874999999999999,HIGH,recent demand momentum,inventory coverage,promotion context
2026-08-22,S10,P183,324.0,335.752,11.75200000000001,11.75200000000001,,,,0.7874999999999999,HIGH,recent demand momentum,inventory coverage,promotion context
2026-08-23,S10,P183,341.0,342.94,1.9399999999999977,1.9399999999999977,,,,0.7874999999999999,HIGH,recent demand momentum,inventory coverage,promotion context
2026-08-24,S10,P183,339.0,342.312,3.312000000000012,3.312000000000012,,,,0.7874999999999999,HIGH,recent demand momentum,inventory coverage,promotion context
2026-08-25,S10,P183,289.0,360.528,71.52800000000002,71.52800000000002,0.0,LOW,0.0,0.7874999999999999,HIGH,recent demand momentum,inventory coverage,promotion context
2026-08-20,S10,P184,9.0,12.52,3.5199999999999996,3.5199999999999996,,,,0.7874999999999999,HIGH,recent demand momentum,inventory coverage,promotion context
2026-08-21,S10,P184,12.0,13.056,1.0559999999999992,1.0559999999999992,,,,0.7874999999999999,HIGH,recent demand momentum,inventory coverage,promotion context
2026-08-23,S10,P184,14.0,10.632,-3.3680000000000003,3.3680000000000003,,,,0.7874999999999999,HIGH,recent demand momentum,inventory coverage,promotion context
2026-08-20,S10,P185,44.0,31.26,-12.739999999999998,12.739999999999998,,,,0.7874999999999999,HIGH,recent demand momentum,inventory coverage,promotion context
2026-08-21,S10,P185,38.0,32.816,-5.1839999999999975,5.1839999999999975,,,,0.7874999999999999,HIGH,recent demand momentum,inventory coverage,promotion context
2026-08-22,S10,P185,48.0,29.632,-18.368,18.368,,,,0.7874999999999999,HIGH,recent demand momentum,inventory coverage,promotion context
2026-08-23,S10,P185,30.0,32.712,2.7120000000000033,2.7120000000000033,,,,0.7874999999999999,HIGH,recent demand momentum,inventory coverage,promotion context
2026-08-24,S10,P185,30.0,32.116,2.1159999999999997,2.1159999999999997,,,,0.7874999999999999,HIGH,recent demand momentum,inventory coverage,promotion context
2026-08-25,S10,P185,28.0,33.152,5.152000000000001,5.152000000000001,0.0,LOW,0.0,0.7874999999999999,HIGH,recent demand momentum,inventory coverage,promotion context
2026-08-20,S10,P186,72.0,64.744,-7.256,7.256,,,,0.7874999999999999,HIGH,recent demand momentum,inventory coverage,promotion context
2026-08-21,S10,P186,76.0,65.888,-10.111999999999995,10.111999999999995,,,,0.7874999999999999,HIGH,recent demand momentum,inventory coverage,promotion context
2026-08-22,S10,P186,67.0,65.768,-1.2319999999999993,1.2319999999999993,,,,0.7874999999999999,HIGH,recent demand momentum,inventory coverage,promotion context
2026-08-23,S10,P186,63.0,61.02,-1.9799999999999969,1.9799999999999969,,,,0.7874999999999999,HIGH,recent demand momentum,inventory coverage,promotion context
2026-08-24,S10,P186,60.0,62.364,2.363999999999997,2.363999999999997,,,,0.7874999999999999,HIGH,recent demand momentum,inventory coverage,promotion context
2026-08-25,S10,P186,56.0,61.804,5.804000000000002,5.804000000000002,0.0,LOW,0.0,0.7874999999999999,HIGH,recent demand momentum,inventory coverage,promotion context
2026-08-20,S10,P187,56.0,38.208,-17.792,17.792,,,,0.7874999999999999,HIGH,recent demand momentum,inventory coverage,promotion context
2026-08-21,S10,P187,55.0,40.044,-14.956000000000003,14.956000000000003,,,,0.7874999999999999,HIGH,recent demand momentum,inventory coverage,promotion context
2026-08-22,S10,P187,54.0,40.88,-13.119999999999997,13.119999999999997,,,,0.7874999999999999,HIGH,recent demand momentum,inventory coverage,promotion context
2026-08-23,S10,P187,50.0,38.516,-11.484000000000002,11.484000000000002,,,,0.7874999999999999,HIGH,recent demand momentum,inventory coverage,promotion context
2026-08-24,S10,P187,41.0,40.18,-0.8200000000000003,0.8200000000000003,,,,0.7874999999999999,HIGH,recent demand momentum,inventory coverage,promotion context
2026-08-25,S10,P187,38.0,42.308,4.308,4.308,,,,0.7874999999999999,HIGH,recent demand momentum,inventory coverage,promotion context
2026-08-20,S10,P188,80.0,89.828,9.828000000000003,9.828000000000003,,,,0.7874999999999999,HIGH,recent demand momentum,inventory coverage,promotion context
2026-08-21,S10,P188,71.0,89.092,18.092,18.092,,,,0.7874999999999999,HIGH,recent demand momentum,inventory coverage,promotion context
2026-08-22,S10,P188,66.0,90.816,24.816000000000003,24.816000000000003,,,,0.7874999999999999,HIGH,recent demand momentum,inventory coverage,promotion context
2026-08-23,S10,P188,57.0,87.272,30.272000000000006,30.272000000000006,,,,0.7874999999999999,HIGH,recent demand momentum,inventory coverage,promotion context
2026-08-24,S10,P188,55.0,84.836,29.836,29.836,,,,0.7874999999999999,HIGH,recent demand momentum,inventory coverage,promotion context
2026-08-25,S10,P188,43.0,88.52,45.519999999999996,45.519999999999996,0.0,LOW,0.0,0.7874999999999999,HIGH,recent demand momentum,inventory coverage,promotion context
2026-08-20,S10,P189,31.0,23.58,-7.420000000000002,7.420000000000002,,,,0.7874999999999999,HIGH,recent demand momentum,inventory coverage,promotion context
2026-08-21,S10,P189,29.0,24.892,-4.1080000000000005,4.1080000000000005,,,,0.7874999999999999,HIGH,recent demand momentum,inventory coverage,promotion context
2026-08-22,S10,P189,29.0,20.216,-8.783999999999999,8.783999999999999,,,,0.7874999999999999,HIGH,recent demand momentum,inventory coverage,promotion context
2026-08-23,S10,P189,28.0,21.18,-6.82,6.82,,,,0.7874999999999999,HIGH,recent demand momentum,inventory coverage,promotion context
2026-08-24,S10,P189,25.0,18.024,-6.975999999999999,6.975999999999999,,,,0.7874999999999999,HIGH,recent demand momentum,inventory coverage,promotion context
2026-08-25,S10,P189,17.0,21.504,4.504000000000001,4.504000000000001,0.0,LOW,0.0,0.7874999999999999,HIGH,recent demand momentum,inventory coverage,promotion context
2026-08-20,S10,P190,12.0,24.2,12.2,12.2,,,,0.7874999999999999,HIGH,recent demand momentum,inventory coverage,promotion context
2026-08-21,S10,P190,14.0,22.668,8.668,8.668,,,,0.7874999999999999,HIGH,recent demand momentum,inventory coverage,promotion context
2026-08-22,S10,P190,12.0,28.032,16.032,16.032,,,,0.7874999999999999,HIGH,recent demand momentum,inventory coverage,promotion context
2026-08-23,S10,P190,11.0,24.86,13.86,13.86,,,,0.7874999999999999,HIGH,recent demand momentum,inventory coverage,promotion context
2026-08-24,S10,P190,7.0,28.092,21.092,21.092,,,,0.7874999999999999,HIGH,recent demand momentum,inventory coverage,promotion context
2026-08-25,S10,P190,6.0,23.876,17.876,17.876,0.0,LOW,0.0,0.7874999999999999,HIGH,recent demand momentum,inventory coverage,promotion context
2026-08-21,S10,P191,23.0,41.056,18.055999999999997,18.055999999999997,,,,0.7874999999999999,HIGH,recent demand momentum,inventory coverage,promotion context
2026-08-22,S10,P191,21.0,39.332,18.332,18.332,,,,0.7874999999999999,HIGH,recent demand momentum,inventory coverage,promotion context
2026-08-23,S10,P191,27.0,43.456,16.456000000000003,16.456000000000003,,,,0.7874999999999999,HIGH,recent demand momentum,inventory coverage,promotion context
2026-08-20,S10,P192,48.0,30.224,-17.776,17.776,,,,0.7874999999999999,HIGH,recent demand momentum,inventory coverage,promotion context
2026-08-21,S10,P192,48.0,31.3,-16.7,16.7,,,,0.7874999999999999,HIGH,recent demand momentum,inventory coverage,promotion context
2026-08-22,S10,P192,49.0,32.468,-16.531999999999996,16.531999999999996,,,,0.7874999999999999,HIGH,recent demand momentum,inventory coverage,promotion context
2026-08-23,S10,P192,38.0,33.964,-4.036000000000001,4.036000000000001,,,,0.7874999999999999,HIGH,recent demand momentum,inventory coverage,promotion context
2026-08-24,S10,P192,31.0,35.3,4.299999999999997,4.299999999999997,,,,0.7874999999999999,HIGH,recent demand momentum,inventory coverage,promotion context
2026-08-25,S10,P192,22.0,40.332,18.332,18.332,,,,0.7874999999999999,HIGH,recent demand momentum,inventory coverage,promotion context
2026-08-20,S10,P193,49.0,55.472,6.472000000000001,6.472000000000001,,,,0.7874999999999999,HIGH,recent demand momentum,inventory coverage,promotion context
2026-08-21,S10,P193,45.0,62.384,17.384,17.384,,,,0.7874999999999999,HIGH,recent demand momentum,inventory coverage,promotion context
2026-08-22,S10,P193,47.0,61.66,14.659999999999997,14.659999999999997,,,,0.7874999999999999,HIGH,recent demand momentum,inventory coverage,promotion context
2026-08-23,S10,P193,49.0,65.732,16.732,16.732,,,,0.7874999999999999,HIGH,recent demand momentum,inventory coverage,promotion context
2026-08-24,S10,P193,48.0,58.708,10.707999999999998,10.707999999999998,,,,0.7874999999999999,HIGH,recent demand momentum,inventory coverage,promotion context
2026-08-25,S10,P193,39.0,54.924,15.924,15.924,0.0,LOW,0.0,0.7874999999999999,HIGH,recent demand momentum,inventory coverage,promotion context
2026-08-20,S10,P194,33.0,41.244,8.244,8.244,,,,0.7874999999999999,HIGH,recent demand momentum,inventory coverage,promotion context
2026-08-21,S10,P194,31.0,41.344,10.344000000000001,10.344000000000001,,,,0.7874999999999999,HIGH,recent demand momentum,inventory coverage,promotion context
2026-08-22,S10,P194,28.0,41.592,13.591999999999999,13.591999999999999,,,,0.7874999999999999,HIGH,recent demand momentum,inventory coverage,promotion context
2026-08-23,S10,P194,23.0,39.488,16.488,16.488,,,,0.7874999999999999,HIGH,recent demand momentum,inventory coverage,promotion context
2026-08-20,S10,P195,78.0,69.944,-8.055999999999997,8.055999999999997,,,,0.7874999999999999,HIGH,recent demand momentum,inventory coverage,promotion context
2026-08-21,S10,P195,83.0,70.544,-12.456000000000003,12.456000000000003,,,,0.7874999999999999,HIGH,recent demand momentum,inventory coverage,promotion context
2026-08-22,S10,P195,78.0,65.848,-12.152000000000001,12.152000000000001,,,,0.7874999999999999,HIGH,recent demand momentum,inventory coverage,promotion context
2026-08-23,S10,P195,83.0,72.896,-10.104,10.104,,,,0.7874999999999999,HIGH,recent demand momentum,inventory coverage,promotion context
2026-08-24,S10,P195,79.0,67.124,-11.876000000000005,11.876000000000005,,,,0.7874999999999999,HIGH,recent demand momentum,inventory coverage,promotion context
2026-08-25,S10,P195,66.0,67.772,1.7720000000000056,1.7720000000000056,0.0,LOW,0.0,0.7874999999999999,HIGH,recent demand momentum,inventory coverage,promotion context
2026-08-20,S10,P196,23.0,40.944,17.944000000000003,17.944000000000003,,,,0.7874999999999999,HIGH,recent demand momentum,inventory coverage,promotion context
2026-08-21,S10,P196,23.0,38.936,15.936,15.936,,,,0.7874999999999999,HIGH,recent demand momentum,inventory coverage,promotion context
2026-08-22,S10,P196,25.0,38.348,13.347999999999999,13.347999999999999,,,,0.7874999999999999,HIGH,recent demand momentum,inventory coverage,promotion context
2026-08-23,S10,P196,23.0,38.948,15.948,15.948,,,,0.7874999999999999,HIGH,recent demand momentum,inventory coverage,promotion context
2026-08-24,S10,P196,27.0,41.864,14.863999999999997,14.863999999999997,,,,0.7874999999999999,HIGH,recent demand momentum,inventory coverage,promotion context
2026-08-25,S10,P196,22.0,39.636,17.636000000000003,17.636000000000003,0.0,LOW,0.0,0.7874999999999999,HIGH,recent demand momentum,inventory coverage,promotion context
2026-08-20,S10,P197,18.0,32.628,14.628,14.628,,,,0.7874999999999999,HIGH,recent demand momentum,inventory coverage,promotion context
2026-08-22,S10,P197,28.0,26.392,-1.6080000000000005,1.6080000000000005,,,,0.7874999999999999,HIGH,recent demand momentum,inventory coverage,promotion context
2026-08-23,S10,P197,35.0,35.024,0.02400000000000091,0.02400000000000091,,,,0.7874999999999999,HIGH,recent demand momentum,inventory coverage,promotion context
2026-08-24,S10,P197,37.0,27.024,-9.975999999999999,9.975999999999999,,,,0.7874999999999999,HIGH,recent demand momentum,inventory coverage,promotion context
2026-08-20,S10,P198,42.0,32.192,-9.808,9.808,,,,0.7874999999999999,HIGH,recent demand momentum,inventory coverage,promotion context
2026-08-21,S10,P198,39.0,31.316,-7.684000000000001,7.684000000000001,,,,0.7874999999999999,HIGH,recent demand momentum,inventory coverage,promotion context
2026-08-22,S10,P198,43.0,34.228,-8.771999999999998,8.771999999999998,,,,0.7874999999999999,HIGH,recent demand momentum,inventory coverage,promotion context
2026-08-23,S10,P198,41.0,32.108,-8.892000000000003,8.892000000000003,,,,0.7874999999999999,HIGH,recent demand momentum,inventory coverage,promotion context
2026-08-24,S10,P198,32.0,32.952,0.9519999999999982,0.9519999999999982,,,,0.7874999999999999,HIGH,recent demand momentum,inventory coverage,promotion context
2026-08-25,S10,P198,22.0,37.892,15.892000000000003,15.892000000000003,,,,0.7874999999999999,HIGH,recent demand momentum,inventory coverage,promotion context
2026-08-20,S10,P199,117.0,148.392,31.391999999999996,31.391999999999996,,,,0.7874999999999999,HIGH,recent demand momentum,inventory coverage,promotion context
2026-08-21,S10,P199,121.0,147.184,26.183999999999997,26.183999999999997,,,,0.7874999999999999,HIGH,recent demand momentum,inventory coverage,promotion context
2026-08-22,S10,P199,123.0,152.652,29.651999999999987,29.651999999999987,,,,0.7874999999999999,HIGH,recent demand momentum,inventory coverage,promotion context
2026-08-23,S10,P199,135.0,141.54,6.539999999999992,6.539999999999992,,,,0.7874999999999999,HIGH,recent demand momentum,inventory coverage,promotion context
2026-08-24,S10,P199,150.0,149.68,-0.3199999999999932,0.3199999999999932,,,,0.7874999999999999,HIGH,recent demand momentum,inventory coverage,promotion context
2026-08-25,S10,P199,130.0,142.96,12.960000000000008,12.960000000000008,0.0,LOW,0.0,0.7874999999999999,HIGH,recent demand momentum,inventory coverage,promotion context
2026-08-20,S10,P200,83.0,67.184,-15.816000000000003,15.816000000000003,,,,0.7874999999999999,HIGH,recent demand momentum,inventory coverage,promotion context
2026-08-21,S10,P200,74.0,67.816,-6.1839999999999975,6.1839999999999975,,,,0.7874999999999999,HIGH,recent demand momentum,inventory coverage,promotion context
2026-08-22,S10,P200,72.0,66.256,-5.744,5.744,,,,0.7874999999999999,HIGH,recent demand momentum,inventory coverage,promotion context
2026-08-23,S10,P200,71.0,66.192,-4.808000000000007,4.808000000000007,,,,0.7874999999999999,HIGH,recent demand momentum,inventory coverage,promotion context
2026-08-24,S10,P200,65.0,67.868,2.867999999999995,2.867999999999995,,,,0.7874999999999999,HIGH,recent demand momentum,inventory coverage,promotion context
2026-08-25,S10,P200,55.0,67.34,12.340000000000003,12.340000000000003,0.0,LOW,0.0,0.7874999999999999,HIGH,recent demand momentum,inventory coverage,promotion context
2026-08-20,S10,P201,164.0,138.452,-25.548000000000002,25.548000000000002,,,,0.7874999999999999,HIGH,recent demand momentum,inventory coverage,promotion context
2026-08-21,S10,P201,151.0,141.016,-9.984000000000009,9.984000000000009,,,,0.7874999999999999,HIGH,recent demand momentum,inventory coverage,promotion context
2026-08-22,S10,P201,155.0,144.028,-10.972000000000008,10.972000000000008,,,,0.7874999999999999,HIGH,recent demand momentum,inventory coverage,promotion context
2026-08-23,S10,P201,154.0,138.4,-15.599999999999994,15.599999999999994,,,,0.7874999999999999,HIGH,recent demand momentum,inventory coverage,promotion context
2026-08-24,S10,P201,124.0,140.8,16.80000000000001,16.80000000000001,,,,0.7874999999999999,HIGH,recent demand momentum,inventory coverage,promotion context
2026-08-25,S10,P201,107.0,135.708,28.708,28.708,0.0,LOW,0.0,0.7874999999999999,HIGH,recent demand momentum,inventory coverage,promotion context
2026-08-20,S10,P202,0.0,6.832,6.832,6.832,,,,0.7874999999999999,HIGH,recent demand momentum,inventory coverage,promotion context
2026-08-20,S10,P203,8.0,10.14,2.1400000000000006,2.1400000000000006,,,,0.7874999999999999,HIGH,recent demand momentum,inventory coverage,promotion context
2026-08-24,S10,P203,3.0,6.844,3.8440000000000003,3.8440000000000003,,,,0.7874999999999999,HIGH,recent demand momentum,inventory coverage,promotion context
2026-08-21,S10,P204,5.0,8.176,3.176,3.176,,,,0.7874999999999999,HIGH,recent demand momentum,inventory coverage,promotion context
2026-08-22,S10,P204,7.0,8.196,1.1959999999999997,1.1959999999999997,,,,0.7874999999999999,HIGH,recent demand momentum,inventory coverage,promotion context
2026-08-24,S10,P204,5.0,8.236,3.2360000000000007,3.2360000000000007,,,,0.7874999999999999,HIGH,recent demand momentum,inventory coverage,promotion context
2026-08-21,S10,P205,18.0,14.54,-3.460000000000001,3.460000000000001,,,,0.7874999999999999,HIGH,recent demand momentum,inventory coverage,promotion context
2026-08-23,S10,P205,25.0,14.28,-10.72,10.72,,,,0.7874999999999999,HIGH,recent demand momentum,inventory coverage,promotion context
2026-08-24,S10,P205,19.0,16.588,-2.411999999999999,2.411999999999999,,,,0.7874999999999999,HIGH,recent demand momentum,inventory coverage,promotion context
2026-08-20,S10,P206,12.0,7.612,-4.388,4.388,,,,0.7874999999999999,HIGH,recent demand momentum,inventory coverage,promotion context
2026-08-22,S10,P206,13.0,10.196,-2.8040000000000003,2.8040000000000003,,,,0.7874999999999999,HIGH,recent demand momentum,inventory coverage,promotion context
2026-08-23,S10,P206,10.0,9.176,-0.8239999999999998,0.8239999999999998,,,,0.7874999999999999,HIGH,recent demand momentum,inventory coverage,promotion context
2026-08-24,S10,P206,7.0,8.04,1.0399999999999991,1.0399999999999991,,,,0.7874999999999999,HIGH,recent demand momentum,inventory coverage,promotion context
2026-08-25,S10,P206,6.0,13.02,7.02,7.02,,,,0.7874999999999999,HIGH,recent demand momentum,inventory coverage,promotion context
2026-08-23,S10,P207,3.0,4.08,1.08,1.08,,,,0.7874999999999999,HIGH,recent demand momentum,inventory coverage,promotion context
2026-08-20,S10,P208,22.0,15.512,-6.4879999999999995,6.4879999999999995,,,,0.7874999999999999,HIGH,recent demand momentum,inventory coverage,promotion context
2026-08-21,S10,P208,24.0,23.84,-0.16000000000000014,0.16000000000000014,,,,0.7874999999999999,HIGH,recent demand momentum,inventory coverage,promotion context
2026-08-22,S10,P208,18.0,18.408,0.40800000000000125,0.40800000000000125,,,,0.7874999999999999,HIGH,recent demand momentum,inventory coverage,promotion context
2026-08-23,S10,P208,11.0,16.196,5.1960000000000015,5.1960000000000015,,,,0.7874999999999999,HIGH,recent demand momentum,inventory coverage,promotion context
2026-08-20,S10,P209,4.0,10.196,6.196,6.196,,,,0.7874999999999999,HIGH,recent demand momentum,inventory coverage,promotion context
2026-08-22,S10,P209,4.0,15.688,11.688,11.688,,,,0.7874999999999999,HIGH,recent demand momentum,inventory coverage,promotion context
2026-08-24,S10,P209,1.0,11.72,10.72,10.72,,,,0.7874999999999999,HIGH,recent demand momentum,inventory coverage,promotion context
2026-08-22,S10,P210,2.0,8.016,6.016,6.016,,,,0.7874999999999999,HIGH,recent demand momentum,inventory coverage,promotion context
2026-08-20,S10,P211,79.0,52.648,-26.351999999999997,26.351999999999997,,,,0.7874999999999999,HIGH,recent demand momentum,inventory coverage,promotion context
2026-08-21,S10,P211,69.0,51.4,-17.6,17.6,,,,0.7874999999999999,HIGH,recent demand momentum,inventory coverage,promotion context
2026-08-22,S10,P211,60.0,55.796,-4.204000000000001,4.204000000000001,,,,0.7874999999999999,HIGH,recent demand momentum,inventory coverage,promotion context
2026-08-23,S10,P211,64.0,51.508,-12.491999999999997,12.491999999999997,,,,0.7874999999999999,HIGH,recent demand momentum,inventory coverage,promotion context
2026-08-24,S10,P211,61.0,52.488,-8.512,8.512,,,,0.7874999999999999,HIGH,recent demand momentum,inventory coverage,promotion context
2026-08-25,S10,P211,49.0,51.248,2.2479999999999976,2.2479999999999976,0.0,LOW,0.0,0.7874999999999999,HIGH,recent demand momentum,inventory coverage,promotion context
2026-08-21,S10,P212,120.0,77.728,-42.272000000000006,42.272000000000006,,,,0.7874999999999999,HIGH,recent demand momentum,inventory coverage,promotion context
2026-08-22,S10,P212,107.0,78.248,-28.751999999999995,28.751999999999995,,,,0.7874999999999999,HIGH,recent demand momentum,inventory coverage,promotion context
2026-08-23,S10,P212,119.0,76.744,-42.256,42.256,,,,0.7874999999999999,HIGH,recent demand momentum,inventory coverage,promotion context
2026-08-24,S10,P212,117.0,72.608,-44.391999999999996,44.391999999999996,,,,0.7874999999999999,HIGH,recent demand momentum,inventory coverage,promotion context
2026-08-25,S10,P212,106.0,77.84,-28.159999999999997,28.159999999999997,0.0,LOW,0.0,0.7874999999999999,HIGH,recent demand momentum,inventory coverage,promotion context
2026-08-20,S10,P213,66.0,68.976,2.975999999999999,2.975999999999999,,,,0.7874999999999999,HIGH,recent demand momentum,inventory coverage,promotion context
2026-08-21,S10,P213,76.0,68.036,-7.963999999999999,7.963999999999999,,,,0.7874999999999999,HIGH,recent demand momentum,inventory coverage,promotion context
2026-08-22,S10,P213,77.0,66.488,-10.512,10.512,,,,0.7874999999999999,HIGH,recent demand momentum,inventory coverage,promotion context
2026-08-23,S10,P213,75.0,68.572,-6.427999999999997,6.427999999999997,,,,0.7874999999999999,HIGH,recent demand momentum,inventory coverage,promotion context
2026-08-24,S10,P213,78.0,68.952,-9.048000000000002,9.048000000000002,,,,0.7874999999999999,HIGH,recent demand momentum,inventory coverage,promotion context
2026-08-25,S10,P213,66.0,66.752,0.7519999999999953,0.7519999999999953,0.0,LOW,0.0,0.7874999999999999,HIGH,recent demand momentum,inventory coverage,promotion context
2026-08-21,S10,P214,16.0,10.968,-5.032,5.032,,,,0.7874999999999999,HIGH,recent demand momentum,inventory coverage,promotion context
2026-08-22,S10,P214,13.0,11.052,-1.9480000000000004,1.9480000000000004,,,,0.7874999999999999,HIGH,recent demand momentum,inventory coverage,promotion context
2026-08-24,S10,P214,10.0,12.556,2.555999999999999,2.555999999999999,,,,0.7874999999999999,HIGH,recent demand momentum,inventory coverage,promotion context
2026-08-25,S10,P214,2.0,12.208,10.208,10.208,0.0,LOW,0.0,0.7874999999999999,HIGH,recent demand momentum,inventory coverage,promotion context
2026-08-20,S10,P215,41.0,45.824,4.823999999999998,4.823999999999998,,,,0.7874999999999999,HIGH,recent demand momentum,inventory coverage,promotion context
2026-08-21,S10,P215,52.0,42.4,-9.600000000000001,9.600000000000001,,,,0.7874999999999999,HIGH,recent demand momentum,inventory coverage,promotion context
2026-08-22,S10,P215,39.0,41.804,2.804000000000002,2.804000000000002,,,,0.7874999999999999,HIGH,recent demand momentum,inventory coverage,promotion context
2026-08-23,S10,P215,35.0,44.156,9.155999999999999,9.155999999999999,,,,0.7874999999999999,HIGH,recent demand momentum,inventory coverage,promotion context
2026-08-24,S10,P215,34.0,46.896,12.896,12.896,,,,0.7874999999999999,HIGH,recent demand momentum,inventory coverage,promotion context
2026-08-25,S10,P215,28.0,46.296,18.296,18.296,,,,0.7874999999999999,HIGH,recent demand momentum,inventory coverage,promotion context
2026-08-20,S10,P216,23.0,25.516,2.5159999999999982,2.5159999999999982,,,,0.7874999999999999,HIGH,recent demand momentum,inventory coverage,promotion context
2026-08-21,S10,P216,22.0,24.756,2.7560000000000002,2.7560000000000002,,,,0.7874999999999999,HIGH,recent demand momentum,inventory coverage,promotion context
2026-08-23,S10,P216,26.0,25.92,-0.0799999999999983,0.0799999999999983,,,,0.7874999999999999,HIGH,recent demand momentum,inventory coverage,promotion context
2026-08-24,S10,P216,28.0,23.844,-4.155999999999999,4.155999999999999,,,,0.7874999999999999,HIGH,recent demand momentum,inventory coverage,promotion context
2026-08-25,S10,P216,21.0,25.412,4.411999999999999,4.411999999999999,0.0,LOW,0.0,0.7874999999999999,HIGH,recent demand momentum,inventory coverage,promotion context
2026-08-20,S10,P217,8.0,16.8,8.8,8.8,,,,0.7874999999999999,HIGH,recent demand momentum,inventory coverage,promotion context
2026-08-22,S10,P217,9.0,17.644,8.643999999999998,8.643999999999998,,,,0.7874999999999999,HIGH,recent demand momentum,inventory coverage,promotion context
2026-08-23,S10,P217,9.0,18.5,9.5,9.5,,,,0.7874999999999999,HIGH,recent demand momentum,inventory coverage,promotion context
2026-08-24,S10,P217,11.0,18.248,7.248000000000001,7.248000000000001,,,,0.7874999999999999,HIGH,recent demand momentum,inventory coverage,promotion context
2026-08-20,S10,P218,51.0,35.392,-15.607999999999997,15.607999999999997,,,,0.7874999999999999,HIGH,recent demand momentum,inventory coverage,promotion context
2026-08-21,S10,P218,47.0,35.42,-11.579999999999998,11.579999999999998,,,,0.7874999999999999,HIGH,recent demand momentum,inventory coverage,promotion context
2026-08-22,S10,P218,39.0,37.148,-1.8519999999999968,1.8519999999999968,,,,0.7874999999999999,HIGH,recent demand momentum,inventory coverage,promotion context
2026-08-23,S10,P218,35.0,35.304,0.30400000000000205,0.30400000000000205,,,,0.7874999999999999,HIGH,recent demand momentum,inventory coverage,promotion context
2026-08-24,S10,P218,31.0,35.44,4.439999999999998,4.439999999999998,,,,0.7874999999999999,HIGH,recent demand momentum,inventory coverage,promotion context
2026-08-25,S10,P218,27.0,37.3,10.299999999999997,10.299999999999997,0.0,LOW,0.0,0.7874999999999999,HIGH,recent demand momentum,inventory coverage,promotion context
2026-08-20,S10,P219,6.0,10.956,4.9559999999999995,4.9559999999999995,,,,0.7874999999999999,HIGH,recent demand momentum,inventory coverage,promotion context
2026-08-22,S10,P219,6.0,27.312,21.312,21.312,,,,0.7874999999999999,HIGH,recent demand momentum,inventory coverage,promotion context
2026-08-24,S10,P220,8.0,7.224,-0.7759999999999998,0.7759999999999998,,,,0.7874999999999999,HIGH,recent demand momentum,inventory coverage,promotion context
2026-08-25,S10,P220,6.0,6.76,0.7599999999999998,0.7599999999999998,0.0,LOW,0.0,0.7874999999999999,HIGH,recent demand momentum,inventory coverage,promotion context
