store_id,product_id,mean_demand,median_demand,demand_std,demand_cv,zero_demand_ratio,demand_range,observations,rolling_std_7_last,intermittent_demand_flag,volatility_band
S01,P101,14.03225806451613,13.0,7.030807781792653,0.5010460718059132,0.0,31.0,31.0,9.546876826630639,0,moderate
S01,P102,2.0,2.0,1.118033988749895,0.5590169943749475,0.0,3.0,9.0,1.1126972805283737,0,moderate
S01,P103,22.35483870967742,19.0,7.6835251766220525,0.3437074754333097,0.0,34.0,31.0,8.53842853836477,0,stable
S01,P104,4.481481481481482,4.0,3.1301311151005797,0.6984590091546747,0.0,14.0,27.0,4.923220007078217,0,moderate
S01,P105,2.8125,2.5,1.905037182489273,0.6773465537739637,0.0,6.0,16.0,1.889822365046136,0,moderate
S01,P106,2.3846153846153846,1.0,2.8442474557857285,1.1927489330714345,0.0,10.0,13.0,1.5118578920369092,0,high
S01,P107,2.0,1.0,1.7728105208558367,0.8864052604279183,0.0,5.0,8.0,1.864454471471609,0,moderate
S01,P108,2.8125,2.0,1.796988221070652,0.6389291452695651,0.0,6.0,16.0,2.2677868380553634,0,moderate
S01,P109,7.25,7.0,4.543004390146336,0.6266212951925981,0.0,18.0,28.0,5.7569833370313965,0,moderate
S01,P110,114.6774193548387,112.0,16.073554049585496,0.14016319986980322,0.0,64.0,31.0,18.08050778890798,0,stable
S01,P111,6.25,6.0,3.2956199888808646,0.5272991982209383,0.0,12.0,28.0,3.59894164336975,0,moderate
S01,P112,2.75,2.0,1.983263304085802,0.7211866560312008,0.0,6.0,16.0,2.507132682112035,0,moderate
S01,P113,2.6923076923076925,3.0,1.2890067732709791,0.4787739443577922,0.0,4.0,26.0,1.6035674514745462,0,stable
S01,P114,4.714285714285714,3.5,3.5471129925631892,0.7524179075134038,0.0,14.0,28.0,4.309458036856674,0,moderate
S01,P115,2.1875,2.0,1.2763881332363862,0.5834917180509194,0.0,3.0,16.0,1.2149857925879117,0,moderate
S01,P116,4.785714285714286,4.5,3.0228407396960457,0.6316383635185767,0.0,12.0,28.0,4.680252333449759,0,moderate
S01,P117,4.16,4.0,2.981610303175115,0.7167332459555565,0.0,13.0,25.0,1.4142135623730963,0,moderate
S01,P118,2.76,2.0,2.184795947756525,0.7915927346943932,0.0,10.0,25.0,1.2535663410560176,0,moderate
S01,P119,3.0,2.0,2.23606797749979,0.7453559924999299,0.0,7.0,15.0,2.968084198523319,0,moderate
S01,P120,3.3461538461538463,3.0,2.189836664088127,0.6544339455895551,0.0,8.0,26.0,2.214669705568283,0,moderate
S01,P121,2.1,1.0,1.8324559303956276,0.8725980620931559,0.0,5.0,20.0,1.8898223650461365,0,moderate
S01,P122,3.6333333333333333,3.0,2.311639712610843,0.6362311135626173,0.0,8.0,30.0,2.47847879612821,0,moderate
S01,P123,18.0,17.0,7.8230428862431785,0.4346134936801766,0.0,36.0,31.0,7.3192505471140015,0,stable
S01,P124,9.903225806451612,8.0,5.569888321499677,0.5624317197605537,0.0,18.0,31.0,4.281744192888373,0,moderate
S01,P125,3.739130434782609,3.0,2.579946992132482,0.6899858234772916,0.0,10.0,23.0,3.3022358947782493,0,moderate
S01,P126,10.580645161290322,9.0,4.667434652628693,0.4411294946081997,0.0,17.0,31.0,3.101458950082623,0,stable
S01,P127,24.06451612903226,23.0,8.197298269840568,0.3406383999531603,0.0,32.0,31.0,9.501879513323363,0,stable
S01,P128,3.4,3.0,1.9790570145063195,0.5820755925018587,0.0,7.0,25.0,2.115700942049815,0,moderate
S01,P129,15.161290322580646,13.0,6.831772704032964,0.4506062847340891,0.0,26.0,31.0,6.754187413675137,0,stable
S01,P130,28.70967741935484,27.0,8.982180686919692,0.3128624733646185,0.0,30.0,31.0,8.83984485965999,0,stable
S01,P131,13.516129032258064,13.0,5.954667456384868,0.4405601220714342,0.0,23.0,31.0,9.335033858688309,0,stable
S01,P132,7.580645161290323,7.0,4.638779965669041,0.6119241656840011,0.0,16.0,31.0,3.1622776601683857,0,moderate
S01,P133,38.064516129032256,38.0,9.62959148967725,0.2529807933728769,0.0,40.0,31.0,14.222718245318449,0,stable
S01,P134,16.516129032258064,16.0,6.707562735410112,0.4061219624955341,0.0,30.0,31.0,3.8729833462074015,0,stable
S01,P135,7.806451612903226,6.0,6.041078021008666,0.7738571018647464,0.0,31.0,31.0,3.0783421635988497,0,moderate
S01,P136,3.1818181818181817,2.0,3.1565228279922772,0.9920500316547157,0.0,8.0,11.0,3.5456210417116734,0,moderate
S01,P137,12.193548387096774,12.0,5.068986452528156,0.41571052917558954,0.0,21.0,31.0,4.535573676110726,0,stable
S01,P138,7.233333333333333,6.5,4.368250129674617,0.6039055478812834,0.0,14.0,30.0,2.5166114784235845,0,moderate
S01,P139,2.875,2.0,1.918162617216527,0.667186997292705,0.0,6.0,24.0,1.1338934190276804,0,moderate
S01,P140,3.9583333333333335,3.0,3.6053000437962304,0.9108126426432581,0.0,14.0,24.0,2.984084768360631,0,moderate
S01,P141,3.103448275862069,3.0,2.241568768044363,0.7222832697031836,0.0,8.0,29.0,1.2535663410560172,0,moderate
S01,P142,3.0,3.0,1.8027756377319946,0.6009252125773316,0.0,5.0,17.0,1.914854215512676,0,moderate
S01,P143,5.827586206896552,6.0,2.739512020118617,0.47009377860023605,0.0,9.0,29.0,2.410295378065478,0,stable
S01,P144,6.366666666666666,5.5,3.662327631187701,0.5752347064692724,0.0,16.0,30.0,2.4784787961282095,0,moderate
S01,P145,5.076923076923077,4.0,4.17538574910704,0.8224244657332048,0.0,15.0,26.0,1.5118578920369083,0,moderate
S01,P146,9.193548387096774,8.0,5.153764674738326,0.5605849295329408,0.0,22.0,31.0,5.191568255583371,0,moderate
S01,P147,5.903225806451613,6.0,3.9695074313208973,0.6724302206062722,0.0,19.0,31.0,1.603567451474545,0,moderate
S01,P148,2.8095238095238093,3.0,1.6618979396776332,0.5915229954784796,0.0,6.0,21.0,1.4960264830861911,0,moderate
S01,P149,4.8076923076923075,4.0,3.5554941234009183,0.7395427776673911,0.0,14.0,26.0,2.309401076758503,0,moderate
S01,P150,3.3684210526315788,3.0,1.9779486094826593,0.5872034934401645,0.0,6.0,19.0,2.2990681342044406,0,moderate
S01,P151,3.0454545454545454,2.5,2.192569111193375,0.7199480663620038,0.0,7.0,22.0,2.811540841738193,0,moderate
S01,P152,11.387096774193548,12.0,6.555798549654796,0.5757216856637356,0.0,25.0,31.0,4.879500364742664,0,moderate
S01,P153,6.838709677419355,6.0,3.856568199782015,0.563932142420955,0.0,15.0,31.0,4.375255094603873,0,moderate
S01,P154,3.0833333333333335,2.5,1.8157922373651016,0.5889055904967897,0.0,7.0,24.0,2.214669705568283,0,moderate
S01,P155,4.3,4.0,2.805782206997444,0.6525074899994056,0.0,11.0,30.0,2.853569193634026,0,moderate
S01,P156,11.67741935483871,12.0,6.660265744318783,0.5703542488228792,0.0,29.0,31.0,4.690415759823425,0,moderate
S01,P157,6.0344827586206895,5.0,4.013217079856167,0.6650474018047363,0.0,15.0,29.0,2.3704530408864084,0,moderate
S01,P158,26.548387096774192,28.0,10.236661922317642,0.3855850784834106,0.0,37.0,31.0,3.3380918415851637,0,stable
S01,P159,24.903225806451612,25.0,7.22197959338794,0.2900017712370805,0.0,33.0,31.0,6.309478885734049,0,stable
S01,P160,1.75,1.0,1.3887301496588271,0.7935600855193298,0.0,4.0,8.0,1.4638501094227998,0,moderate
S01,P161,16.193548387096776,16.0,7.373010940082799,0.4553054564592963,0.0,29.0,31.0,11.3094987468394,0,stable
S01,P162,3.0,2.0,2.345207879911715,0.7817359599705717,0.0,6.0,5.0,2.345207879911715,0,moderate
S01,P163,17.35483870967742,17.0,5.510888537533514,0.31754190457906867,0.0,23.0,31.0,6.156684327197706,0,stable
S01,P164,5.62962962962963,5.0,3.4768260077719,0.617594093485798,0.0,13.0,27.0,4.270608298368658,0,moderate
S01,P165,2.8181818181818183,2.0,1.6624188291872668,0.589890552292256,0.0,4.0,11.0,1.6329931618554518,0,moderate
S01,P166,4.25,4.5,2.5621894572444903,0.6028681075869389,0.0,10.0,28.0,1.380131118684709,0,moderate
S01,P167,1.8461538461538463,1.0,1.5730095277394138,0.8520468275255157,0.0,5.0,13.0,0.3779644730092244,0,moderate
S01,P168,2.6,2.0,2.062190965683675,0.793150371416798,0.0,6.0,20.0,1.9023794624226842,0,moderate
S01,P169,8.413793103448276,7.0,6.816561981041418,0.8101651534844309,0.0,35.0,29.0,11.509830167130636,0,moderate
S01,P170,2.625,2.0,2.3909551787239063,0.9108400680852976,0.0,9.0,16.0,3.154739442867026,0,moderate
S01,P171,5.230769230769231,4.5,3.766246856568935,0.7200177814028846,0.0,17.0,26.0,3.338091841585121,0,moderate
S01,P172,4.173913043478261,3.0,3.270420794624606,0.7835383153788119,0.0,12.0,23.0,4.3149794459588815,0,moderate
S01,P173,2.75,2.5,1.6503588126605426,0.6001304773311064,0.0,4.0,20.0,1.496026483086191,0,moderate
S01,P174,2.4,2.0,2.02837021134844,0.8451542547285167,0.0,7.0,15.0,0.48795003647426427,0,moderate
S01,P175,3.0555555555555554,2.5,2.2873622677203644,0.7485912876175739,0.0,7.0,18.0,1.7182493859684485,0,moderate
S01,P176,21.612903225806452,22.0,5.589737139644635,0.25862962884922935,0.0,21.0,31.0,2.7945525240230897,0,stable
S01,P177,3.8620689655172415,4.0,3.2151887073149097,0.8325042188583248,0.0,15.0,29.0,5.159365040297848,0,moderate
S01,P178,3.925925925925926,3.0,3.5940755302829848,0.9154720690343452,0.0,13.0,27.0,3.958114029012639,0,moderate
S01,P179,3.0,2.5,2.4037008503093262,0.8012336167697754,0.0,8.0,10.0,2.63673679998231,0,moderate
S01,P180,12.774193548387096,13.0,5.800630295748642,0.45408974537426244,0.0,23.0,31.0,5.798193478924927,0,stable
S01,P181,5.206896551724138,5.0,3.73572817863272,0.7174577296711847,0.0,14.0,29.0,2.8535691936340246,0,moderate
S01,P182,3.4285714285714284,3.0,2.2928460168844436,0.6687467549246294,0.0,7.0,21.0,2.4299715851758243,0,moderate
S01,P183,46.83870967741935,45.0,9.633610518019879,0.2056762576161269,0.0,46.0,31.0,5.618845839799177,0,stable
S01,P184,2.75,2.0,1.6532795690182993,0.6011925705521088,0.0,5.0,16.0,2.1157009420498154,0,moderate
S01,P185,5.387096774193548,5.0,3.5560035560053342,0.6600964684800321,0.0,13.0,31.0,4.298393941484479,0,moderate
S01,P186,8.166666666666666,8.0,3.7146804135366263,0.454858826147342,0.0,13.0,30.0,2.6726124191242433,0,stable
S01,P187,7.758620689655173,7.0,4.171803073815866,0.5376990628473782,0.0,18.0,29.0,3.5456210417116716,0,moderate
S01,P188,8.612903225806452,8.0,4.630892062046208,0.5376691158180991,0.0,17.0,31.0,4.276179870598794,0,moderate
S01,P189,4.083333333333333,3.0,2.947610184047655,0.7218637185422829,0.0,10.0,24.0,3.1997023671109215,0,moderate
S01,P190,3.782608695652174,4.0,2.485531253605197,0.6570944693439027,0.0,10.0,23.0,2.3603873774083284,0,moderate
S01,P191,5.0,4.0,3.4985711369071804,0.6997142273814361,0.0,10.0,26.0,3.0394235042348474,0,moderate
S01,P192,5.678571428571429,5.0,3.8687118291404463,0.6812825862637264,0.0,15.0,28.0,4.466808810815721,0,moderate
S01,P193,8.258064516129032,7.0,6.044103142377612,0.731903114897289,0.0,29.0,31.0,3.8047589248453604,0,moderate
S01,P194,6.724137931034483,5.0,4.463315165435873,0.6637750758853349,0.0,20.0,29.0,2.3804761428476153,0,moderate
S01,P195,9.483870967741936,9.0,3.897614379266164,0.4109729447525547,0.0,17.0,31.0,4.076646614442762,0,stable
S01,P196,5.785714285714286,6.0,3.531416071620487,0.6103682099097139,0.0,14.0,28.0,3.5923198500080566,0,moderate
S01,P197,4.666666666666667,4.0,3.6374124361651967,0.7794455220353993,0.0,12.0,27.0,2.11570094204982,0,moderate
S01,P198,5.461538461538462,5.0,4.032178262237613,0.7382861606913939,0.0,18.0,26.0,6.183695920571712,0,moderate
S01,P199,22.193548387096776,21.0,10.205943872204111,0.4598608430789643,0.0,42.0,31.0,11.495340671022204,0,stable
S01,P200,9.806451612903226,9.0,4.592888378342541,0.46835374910729854,0.0,21.0,31.0,6.2411842588070545,0,stable
S01,P201,20.967741935483872,21.0,6.564977131047967,0.31309890932690304,0.0,31.0,31.0,7.28991475552747,0,stable
S01,P202,1.8571428571428572,1.0,1.2149857925879117,0.6542231190857986,0.0,3.0,7.0,1.2149857925879117,0,moderate
S01,P203,2.909090909090909,1.0,2.809076198843508,0.9656199433524558,0.0,7.0,11.0,3.184785258515422,0,moderate
S01,P204,2.9285714285714284,2.0,2.4007782620925786,0.8197779431535634,0.0,9.0,14.0,1.2535663410560167,0,moderate
S01,P205,2.5652173913043477,2.0,2.149547245278362,0.8379590956169887,0.0,7.0,23.0,1.4142135623730958,0,moderate
S01,P206,3.2857142857142856,2.0,2.2336094083368714,0.6797941677547,0.0,7.0,14.0,2.0354009783964297,0,moderate
S01,P207,1.3333333333333333,1.0,0.7071067811865476,0.5303300858899107,0.0,2.0,9.0,0.37796447300922725,0,moderate
S01,P208,2.5,2.0,2.164303704731799,0.8657214818927196,0.0,8.0,20.0,2.9358214555806383,0,moderate
S01,P209,2.5714285714285716,2.0,2.138089935299395,0.8314794192830981,0.0,8.0,14.0,1.1547005383792517,0,moderate
S01,P210,1.8888888888888888,1.0,1.1666666666666667,0.6176470588235294,0.0,3.0,9.0,1.2149857925879117,0,moderate
S01,P211,7.966666666666667,7.0,4.999885056150055,0.6276006346631868,0.0,19.0,30.0,6.524678426668135,0,moderate
S01,P212,11.32258064516129,11.0,5.552099283299327,0.49035634695806024,0.0,19.0,31.0,5.177791402666177,0,stable
S01,P213,10.35483870967742,9.0,6.940453333401088,0.6702618483969898,0.0,29.0,31.0,5.113008619478081,0,moderate
S01,P214,3.1578947368421053,2.0,2.672143498615481,0.846178774561569,0.0,9.0,19.0,3.3022358947782497,0,moderate
S01,P215,6.0,5.5,3.991370000733911,0.6652283334556518,0.0,17.0,30.0,4.07080195679286,0,moderate
S01,P216,3.28,3.0,2.072036035722674,0.631718303573986,0.0,8.0,25.0,1.8126539343499328,0,moderate
S01,P217,2.44,2.0,1.709775813764288,0.7007277925263475,0.0,6.0,25.0,0.7867957924694414,0,moderate
S01,P218,5.516129032258065,6.0,3.2951577376703884,0.5973677770045733,0.0,12.0,31.0,4.347960660443228,0,moderate
S01,P219,3.2777777777777777,2.0,2.6078062801464457,0.7956019159768818,0.0,8.0,18.0,2.5448360411214077,0,moderate
S01,P220,2.0833333333333335,2.0,1.1645001528813148,0.5589600733830311,0.0,3.0,12.0,1.3801311186847085,0,moderate
S02,P101,13.64516129032258,12.0,6.997849131920342,0.5128447354362425,0.0,28.0,31.0,10.499433091271895,0,moderate
S02,P102,1.5,1.5,0.5773502691896257,0.38490017945975047,0.0,1.0,4.0,0.5773502691896257,0,stable
S02,P103,22.516129032258064,21.0,7.178072943541023,0.3187969358879251,0.0,27.0,31.0,8.654753717163878,0,stable
S02,P104,4.291666666666667,4.0,3.0428700220374996,0.7090182575621358,0.0,13.0,24.0,1.9023794624226857,0,moderate
S02,P105,2.533333333333333,2.0,1.7265434778633235,0.6815303202092067,0.0,6.0,15.0,2.439750182371333,0,moderate
S02,P106,2.5,2.0,1.7320508075688772,0.6928203230275509,0.0,6.0,12.0,2.081665999466133,0,moderate
S02,P107,2.0,2.0,0.816496580927726,0.408248290463863,0.0,2.0,4.0,0.816496580927726,0,stable
S02,P108,2.5454545454545454,3.0,1.4396969378057567,0.5655952255665473,0.0,5.0,11.0,1.0000000000000004,0,moderate
S02,P109,6.0,5.0,4.892170615721955,0.8153617692869926,0.0,22.0,31.0,6.50274667242345,0,moderate
S02,P110,121.87096774193549,123.0,18.23868038991833,0.14965566227831345,0.0,78.0,31.0,15.093360255739084,0,stable
S02,P111,7.233333333333333,6.5,4.825816588633103,0.6671635836819958,0.0,17.0,30.0,4.966554808583781,0,moderate
S02,P112,2.5238095238095237,2.0,1.327367606168224,0.5259381081043907,0.0,4.0,21.0,1.2149857925879122,0,moderate
S02,P113,3.0,2.0,3.0255323752764824,1.0085107917588274,0.0,14.0,27.0,5.223572942509207,0,high
S02,P114,3.857142857142857,4.0,2.445165838718507,0.6339318841122055,0.0,10.0,28.0,1.951800145897068,0,moderate
S02,P115,2.1666666666666665,2.0,1.1146408580454255,0.5144496267901963,0.0,3.0,12.0,1.2724180205607036,0,moderate
S02,P116,5.035714285714286,4.0,3.4799121195496245,0.69104637835028,0.0,15.0,28.0,2.7945525240230884,0,moderate
S02,P117,3.5357142857142856,3.0,2.317120544781307,0.6553472247866322,0.0,8.0,28.0,3.338091841585121,0,moderate
S02,P118,3.892857142857143,3.0,2.8974993779986646,0.7443117668253451,0.0,10.0,28.0,3.2877840272018792,0,moderate
S02,P119,3.5217391304347827,4.0,1.7021260827509308,0.4833197518922396,0.0,5.0,23.0,1.732050807568877,0,stable
S02,P120,2.7586206896551726,2.0,2.0814687879646274,0.7545324356371774,0.0,7.0,29.0,2.3704530408864093,0,moderate
S02,P121,2.4545454545454546,2.0,2.0407111908602262,0.8314008555356477,0.0,8.0,22.0,0.487950036474263,0,moderate
S02,P122,3.730769230769231,3.5,2.3419255719632477,0.6277326275365406,0.0,8.0,26.0,2.1380899352993947,0,moderate
S02,P123,17.548387096774192,18.0,7.7924694831074754,0.4440561653976687,0.0,31.0,31.0,5.871642911161282,0,stable
S02,P124,10.03225806451613,9.0,5.250294410587798,0.5233412434991052,0.0,21.0,31.0,4.423960733486297,0,moderate
S02,P125,3.0,3.0,1.6449566416599486,0.5483188805533162,0.0,5.0,18.0,2.0586634591635513,0,moderate
S02,P126,11.419354838709678,11.0,4.951593639414736,0.43361413226513223,0.0,21.0,31.0,6.290582530372571,0,stable
S02,P127,24.967741935483872,27.0,8.264316349897479,0.3309997504480902,0.0,36.0,31.0,6.718843437888486,0,stable
S02,P128,4.5,3.5,3.24037034920393,0.7200822998230956,0.0,11.0,26.0,3.9520940802374147,0,moderate
S02,P129,16.580645161290324,16.0,6.795950723523467,0.40987251445374995,0.0,35.0,31.0,5.765248931147309,0,stable
S02,P130,28.93548387096774,25.0,11.512125444854417,0.39785494848437786,0.0,48.0,31.0,18.410659438281424,0,stable
S02,P131,17.677419354838708,16.0,9.484679213602654,0.53654207230234,0.0,57.0,31.0,2.9840847683606206,0,moderate
S02,P132,8.35483870967742,9.0,3.66559124013916,0.4387387198622161,0.0,17.0,31.0,2.819996622760558,0,stable
S02,P133,33.70967741935484,34.0,9.074482715788253,0.2691951810425223,0.0,39.0,31.0,10.274795792200873,0,stable
S02,P134,12.67741935483871,11.0,5.844582088134809,0.4610230145856974,0.0,21.0,31.0,4.618802153517015,0,stable
S02,P135,8.133333333333333,7.5,4.477786809646444,0.5505475585630875,0.0,16.0,30.0,3.1847852585154253,0,moderate
S02,P136,2.1,2.0,1.5238839267549948,0.7256590127404737,0.0,5.0,10.0,0.7559289460184546,0,moderate
S02,P137,13.129032258064516,13.0,6.631952630931914,0.5051364411766323,0.0,25.0,31.0,4.270608298368654,0,moderate
S02,P138,7.32258064516129,7.0,4.7846079377812725,0.6534046082432575,0.0,19.0,31.0,6.517376042257382,0,moderate
S02,P139,2.7083333333333335,2.0,2.4579802006254377,0.9075619202309307,0.0,10.0,24.0,3.359421718944242,0,moderate
S02,P140,4.785714285714286,4.0,3.5209125801168932,0.735713076442336,0.0,13.0,28.0,4.6342410895626145,0,moderate
S02,P141,4.3,4.0,3.1964419874776926,0.7433586017389983,0.0,13.0,30.0,4.270608298368658,0,moderate
S02,P142,3.4545454545454546,4.0,2.176219367603077,0.6299582379903644,0.0,7.0,22.0,2.6992062325273114,0,moderate
S02,P143,7.161290322580645,6.0,4.568710789661553,0.6379731282860728,0.0,16.0,31.0,5.080307452263476,0,moderate
S02,P144,6.392857142857143,6.0,3.9000406998283315,0.6100622323753814,0.0,15.0,28.0,2.1930626551751264,0,moderate
S02,P145,3.9130434782608696,4.0,2.3724372484901926,0.6062895190586047,0.0,8.0,23.0,2.6726124191242437,0,moderate
S02,P146,8.774193548387096,8.0,3.9892328203081417,0.4546552111380603,0.0,15.0,31.0,4.2594432902501635,0,stable
S02,P147,5.966666666666667,5.5,3.6623276311877015,0.6137979270146986,0.0,14.0,30.0,4.69041575982343,0,moderate
S02,P148,2.3846153846153846,2.0,1.4455945454184551,0.6062170674335458,0.0,4.0,13.0,1.5735915849388864,0,moderate
S02,P149,4.56,4.0,3.083288287959247,0.6761597122717647,0.0,10.0,25.0,3.8729833462074175,0,moderate
S02,P150,3.210526315789474,3.0,2.2992498140920525,0.7161597781598196,0.0,8.0,19.0,2.2677868380553634,0,moderate
S02,P151,3.1666666666666665,1.5,3.91452799348334,1.2361667347842127,0.0,15.0,18.0,2.992052966172382,0,high
S02,P152,10.129032258064516,10.0,4.477662600687037,0.4420622312780195,0.0,21.0,31.0,3.2145502536643167,0,stable
S02,P153,10.064516129032258,9.0,5.234090076100255,0.5200538216638074,0.0,20.0,31.0,3.903600291794131,0,moderate
S02,P154,3.75,3.0,2.9891780116254676,0.7971141364334581,0.0,14.0,28.0,2.544836041121408,0,moderate
S02,P155,5.064516129032258,4.0,4.7744841527364175,0.9427325397122862,0.0,18.0,31.0,6.102302453836194,0,moderate
S02,P156,10.935483870967742,10.0,4.76050056101224,0.4353260100040691,0.0,20.0,31.0,3.302235894778252,0,stable
S02,P157,6.566666666666666,6.5,3.3392476267332554,0.5085148670152165,0.0,13.0,30.0,2.1930626551751358,0,moderate
S02,P158,22.70967741935484,19.0,9.651229795168064,0.4249831301849573,0.0,33.0,31.0,7.341986237031632,0,stable
S02,P159,28.548387096774192,27.0,9.729127092318953,0.34079428232981646,0.0,42.0,31.0,8.355209381548965,0,stable
S02,P160,1.7777777777777777,1.0,1.092906420717,0.6147598616533125,0.0,3.0,9.0,0.7867957924694432,0,moderate
S02,P161,15.741935483870968,15.0,6.109924941903863,0.38813047786684374,0.0,25.0,31.0,4.966554808583785,0,stable
S02,P162,3.0,3.0,,,0.0,0.0,1.0,,0,
S02,P163,20.387096774193548,19.0,7.2740516878139685,0.3567968391174573,0.0,34.0,31.0,7.020378500174639,0,stable
S02,P164,4.125,3.5,3.6153356931152385,0.8764450165127851,0.0,17.0,24.0,1.4638501094227998,0,moderate
S02,P165,2.7777777777777777,2.0,2.279132388529557,0.8204876598706407,0.0,6.0,9.0,2.439750182371333,0,moderate
S02,P166,6.3,5.0,5.03881485792183,0.7998118822098143,0.0,20.0,30.0,7.341986237031632,0,moderate
S02,P167,2.769230769230769,2.0,2.4547181153120263,0.8864259860848984,0.0,7.0,13.0,0.9511897312113425,0,moderate
S02,P168,2.761904761904762,2.0,1.8413245749938252,0.6666864840494885,0.0,6.0,21.0,1.6035674514745462,0,moderate
S02,P169,8.0,8.0,4.281744192888376,0.535218024111047,0.0,17.0,31.0,4.242640687119285,0,moderate
S02,P170,1.8888888888888888,1.0,1.2692955176439846,0.6719799799291684,0.0,3.0,9.0,1.3451854182690985,0,moderate
S02,P171,5.866666666666666,5.0,4.224177808866424,0.7200303083295041,0.0,18.0,30.0,2.449489742783174,0,moderate
S02,P172,3.7142857142857144,3.0,2.2584350999152267,0.6080402192079456,0.0,7.0,28.0,1.345185418269101,0,moderate
S02,P173,2.4166666666666665,2.0,2.2746961169005466,0.9412535656140194,0.0,8.0,12.0,2.870208222079931,0,moderate
S02,P174,2.727272727272727,2.0,2.1019471492361124,0.7707139547199079,0.0,6.0,11.0,2.410295378065479,0,moderate
S02,P175,3.2,3.0,2.3664319132398464,0.7395099728874519,0.0,7.0,15.0,2.5727509827123995,0,moderate
S02,P176,24.677419354838708,25.0,6.67026784456813,0.270298435531519,0.0,30.0,31.0,7.057586259446202,0,stable
S02,P177,4.357142857142857,3.0,3.390774911042385,0.7782106353212032,0.0,11.0,28.0,1.3451854182691032,0,moderate
S02,P178,4.678571428571429,5.0,2.982089392164015,0.6373931525236062,0.0,11.0,28.0,4.0708019567928595,0,moderate
S02,P179,2.111111111111111,2.0,0.7817359599705717,0.3702959810386918,0.0,2.0,9.0,0.6900655593423541,0,stable
S02,P180,12.612903225806452,11.0,5.200496254235992,0.41231555979876144,0.0,24.0,31.0,3.785938897200182,0,stable
S02,P181,5.714285714285714,6.0,3.004405935697609,0.5257710387470815,0.0,10.0,28.0,3.1014589500826246,0,moderate
S02,P182,2.2222222222222223,2.0,1.2153699778283713,0.5469164900227671,0.0,3.0,18.0,1.1547005383792517,0,moderate
S02,P183,46.096774193548384,44.0,13.08779288423549,0.28391992960902745,0.0,59.0,31.0,20.342308713848677,0,stable
S02,P184,3.2666666666666666,4.0,1.7915143899851347,0.5484227724444289,0.0,5.0,15.0,1.8126539343499313,0,moderate
S02,P185,5.0,4.0,3.39934634239519,0.679869268479038,0.0,13.0,28.0,2.9113897843110044,0,moderate
S02,P186,9.0,8.0,4.10690475500305,0.4563227505558945,0.0,17.0,31.0,3.450327796711771,0,stable
S02,P187,6.709677419354839,6.0,4.39085070259433,0.6544056335597318,0.0,16.0,31.0,4.966554808583781,0,moderate
S02,P188,12.419354838709678,12.0,5.315224633374003,0.427979126323621,0.0,24.0,31.0,2.5071326821120326,0,stable
S02,P189,3.5416666666666665,3.0,2.519129709394422,0.7112836826525427,0.0,10.0,24.0,1.1547005383792515,0,moderate
S02,P190,4.142857142857143,4.0,3.086838419576157,0.7450989288632103,0.0,11.0,21.0,1.772810520855835,0,moderate
S02,P191,5.931034482758621,6.0,3.1614986780996155,0.5330433817726096,0.0,10.0,29.0,3.7733400639347674,0,moderate
S02,P192,5.896551724137931,4.0,4.262333596133586,0.7228518964203158,0.0,17.0,29.0,3.38765264987284,0,moderate
S02,P193,8.96774193548387,7.0,5.963689411584868,0.6650157257522695,0.0,22.0,31.0,4.894116973712514,0,moderate
S02,P194,4.827586206896552,4.0,3.546315648641976,0.7345939557901237,0.0,14.0,29.0,2.309401076758502,0,moderate
S02,P195,11.709677419354838,11.0,4.748287750246376,0.405501157734539,0.0,19.0,31.0,2.8115408417381933,0,stable
S02,P196,6.0344827586206895,5.0,3.7367170333318147,0.6192273940949865,0.0,12.0,29.0,3.5923198500080553,0,moderate
S02,P197,5.666666666666667,4.0,4.3234601527373515,0.7629635563654149,0.0,14.0,27.0,2.984084768360632,0,moderate
S02,P198,5.038461538461538,4.0,3.376160769048408,0.6700777098874703,0.0,11.0,26.0,1.772810520855835,0,moderate
S02,P199,21.548387096774192,20.0,8.54727523708548,0.39665498854738007,0.0,34.0,31.0,7.435436388384629,0,stable
S02,P200,10.870967741935484,10.0,5.518103149234472,0.5075999929562868,0.0,24.0,31.0,3.1547394428670255,0,moderate
S02,P201,21.161290322580644,21.0,8.820796540727104,0.4168364218941162,0.0,36.0,31.0,3.6384193323605865,0,stable
S02,P202,1.75,2.0,0.7071067811865476,0.4040610178208843,0.0,2.0,8.0,0.7559289460184544,0,stable
S02,P203,2.8333333333333335,2.5,1.8504708655481241,0.6531073643111026,0.0,5.0,12.0,2.288688541085317,0,moderate
S02,P204,2.0,1.0,2.138089935299395,1.0690449676496976,0.0,8.0,15.0,1.1338934190276815,0,high
S02,P205,3.142857142857143,2.0,2.5156652059786153,0.800438929175014,0.0,9.0,21.0,2.225394561056747,0,moderate
S02,P206,2.375,2.0,1.6683325008322931,0.7024557898241234,0.0,6.0,16.0,1.4638501094228002,0,moderate
S02,P207,1.25,1.0,0.5,0.4,0.0,1.0,4.0,0.5,0,stable
S02,P208,2.8181818181818183,2.0,1.9913231694950884,0.7065985440143862,0.0,7.0,22.0,1.676163419695051,0,moderate
S02,P209,2.9523809523809526,2.0,2.132514723892674,0.7223033742217121,0.0,7.0,21.0,1.1126972805283737,0,moderate
S02,P210,2.5,2.0,1.6431676725154984,0.6572670690061994,0.0,4.0,6.0,1.6431676725154984,0,moderate
S02,P211,7.966666666666667,7.5,4.021351062493313,0.5047720998945581,0.0,18.0,30.0,4.017817460121496,0,moderate
S02,P212,11.6,11.0,6.327825796460016,0.54550222383276,0.0,25.0,30.0,7.568732673685488,0,moderate
S02,P213,11.03225806451613,10.0,7.021319301326697,0.636435375266455,0.0,33.0,31.0,11.334733807028309,0,moderate
S02,P214,2.3684210526315788,2.0,1.7704527454797,0.7475244925358734,0.0,5.0,19.0,1.9023794624226837,0,moderate
S02,P215,8.448275862068966,7.0,5.082084828778102,0.6015528981002651,0.0,17.0,29.0,2.0701966780270626,0,moderate
S02,P216,4.142857142857143,4.5,2.690370836538197,0.6493998570954268,0.0,9.0,28.0,2.6367367999823097,0,moderate
S02,P217,3.0,1.0,3.1759969335216827,1.0586656445072276,0.0,12.0,24.0,3.0937725468153885,0,high
S02,P218,6.071428571428571,5.0,4.634241089562614,0.7632867676926658,0.0,16.0,28.0,5.376314900074391,0,moderate
S02,P219,3.0,3.0,2.1081851067789197,0.7027283689263065,0.0,8.0,19.0,2.6367367999823097,0,moderate
S02,P220,3.2142857142857144,2.0,2.2592909516916153,0.702890518304058,0.0,7.0,14.0,2.751622897751174,0,moderate
S03,P101,13.774193548387096,14.0,6.863962302826529,0.4983204482145724,0.0,29.0,31.0,3.9581140290126373,0,stable
S03,P102,2.0,1.5,1.6903085094570331,0.8451542547285166,0.0,5.0,8.0,1.772810520855837,0,moderate
S03,P103,24.774193548387096,25.0,8.04864244213211,0.32488009857564504,0.0,35.0,31.0,7.846746368491111,0,stable
S03,P104,4.333333333333333,4.0,2.9871519752227074,0.6893427635129326,0.0,13.0,27.0,1.704336206492693,0,moderate
S03,P105,2.933333333333333,2.0,2.1536237457121516,0.7341899133109608,0.0,7.0,15.0,1.7182493859684487,0,moderate
S03,P106,2.1176470588235294,2.0,1.0537049480984033,0.49758289215757934,0.0,3.0,17.0,0.951189731211342,0,stable
S03,P107,2.8,2.0,1.6431676725154984,0.5868455973269637,0.0,4.0,5.0,1.6431676725154984,0,moderate
S03,P108,1.9090909090909092,2.0,0.9438798074485389,0.4944132324730442,0.0,3.0,11.0,1.0690449676496976,0,stable
S03,P109,5.103448275862069,4.0,3.9310560884377304,0.7702745038155011,0.0,17.0,29.0,3.988077469754307,0,moderate
S03,P110,114.25806451612904,111.0,19.411281499745595,0.16988981549749108,0.0,65.0,31.0,19.137348176748375,0,stable
S03,P111,6.354838709677419,5.0,4.246947037553558,0.6683013104779711,0.0,14.0,31.0,5.304984179322043,0,moderate
S03,P112,2.782608695652174,3.0,1.8818878755878592,0.676303455289387,0.0,8.0,23.0,1.1547005383792515,0,moderate
S03,P113,3.260869565217391,3.0,2.1366369348357592,0.6552353266829662,0.0,7.0,23.0,1.7182493859684496,0,moderate
S03,P114,6.064516129032258,6.0,4.0819560986612595,0.6730885056303141,0.0,17.0,31.0,4.577377082170632,0,moderate
S03,P115,1.9333333333333333,2.0,1.0327955589886444,0.534204599476885,0.0,3.0,15.0,0.8997354108424372,0,moderate
S03,P116,4.451612903225806,3.0,2.9193459276285316,0.6557950996846702,0.0,11.0,31.0,2.699206232527311,0,moderate
S03,P117,4.130434782608695,4.0,3.4549614894063048,0.8364643605931055,0.0,14.0,23.0,5.023753102820166,0,moderate
S03,P118,3.4285714285714284,3.0,2.336052836975837,0.6813487441179525,0.0,7.0,21.0,2.2677868380553643,0,moderate
S03,P119,3.5,3.0,2.3508117299081364,0.6716604942594675,0.0,8.0,20.0,1.6761634196950523,0,moderate
S03,P120,2.92,2.0,2.177919496522618,0.7458628412748691,0.0,7.0,25.0,1.1547005383792508,0,moderate
S03,P121,2.3684210526315788,1.0,1.706540565516796,0.7205393498848695,0.0,4.0,19.0,1.6035674514745462,0,moderate
S03,P122,4.32,3.0,3.023794525647094,0.6999524364923828,0.0,11.0,25.0,3.7161167647860327,0,moderate
S03,P123,17.096774193548388,17.0,6.690066460604994,0.3913057741108581,0.0,34.0,31.0,8.706866474772875,0,stable
S03,P124,8.64516129032258,7.0,5.050071861513618,0.5841501033840379,0.0,20.0,31.0,8.254868693253524,0,moderate
S03,P125,2.25,1.0,2.1244194253340942,0.9441864112595975,0.0,8.0,20.0,0.7559289460184547,0,moderate
S03,P126,9.774193548387096,11.0,4.295033390784871,0.4394258584631387,0.0,16.0,31.0,2.6095064302514728,0,stable
S03,P127,21.35483870967742,21.0,8.316843900970987,0.3894594575983393,0.0,29.0,31.0,4.685336802448787,0,stable
S03,P128,4.423076923076923,4.0,3.6240648661201083,0.8193537958184592,0.0,14.0,26.0,4.546060565661953,0,moderate
S03,P129,13.612903225806452,14.0,5.407879555826163,0.39726129438533425,0.0,22.0,31.0,2.734262327610588,0,stable
S03,P130,26.0,24.0,9.643650760992955,0.3709096446535752,0.0,38.0,31.0,13.732131246511901,0,stable
S03,P131,12.838709677419354,11.0,6.367086063988499,0.495928814029255,0.0,26.0,31.0,6.09449400220044,0,stable
S03,P132,8.1,8.0,3.772404337124882,0.46572893050924474,0.0,15.0,30.0,5.028490259085154,0,stable
S03,P133,38.71875,39.0,12.513823002145758,0.3231980113548541,0.0,67.0,32.0,5.814595756329385,0,stable
S03,P134,13.774193548387096,15.0,5.942556562172855,0.4314268230148911,0.0,26.0,31.0,6.074928962939559,0,stable
S03,P135,7.933333333333334,8.0,4.463903760343539,0.5626769445811184,0.0,21.0,30.0,4.259443290250165,0,moderate
S03,P136,2.1818181818181817,1.0,1.5374122295716146,0.7046472718869901,0.0,4.0,11.0,1.414213562373095,0,moderate
S03,P137,11.774193548387096,11.0,6.189828632088586,0.5257114728623183,0.0,23.0,31.0,3.93397896234721,0,moderate
S03,P138,6.2,5.0,4.147288270665545,0.6689174630105718,0.0,15.0,30.0,1.618347187425379,0,moderate
S03,P139,2.6666666666666665,2.0,1.495090003192804,0.5606587511973016,0.0,4.0,18.0,1.7320508075688767,0,moderate
S03,P140,4.25,3.0,2.9767618499152917,0.7004145529212451,0.0,9.0,28.0,3.436498771936899,0,moderate
S03,P141,4.583333333333333,4.0,2.5693285650851116,0.5605807778367516,0.0,9.0,24.0,2.2886885410853175,0,moderate
S03,P142,3.466666666666667,2.0,2.7481595573002946,0.7927383338366234,0.0,9.0,15.0,3.505098327538657,0,moderate
S03,P143,7.580645161290323,8.0,4.380062355327735,0.5777954596389777,0.0,20.0,31.0,3.8483144114694956,0,moderate
S03,P144,6.103448275862069,5.0,5.045116645870872,0.8266010323743236,0.0,26.0,29.0,3.8483144114694956,0,moderate
S03,P145,3.730769230769231,2.0,3.040495910968371,0.8149782854142025,0.0,13.0,26.0,4.540820148282424,0,moderate
S03,P146,9.466666666666667,10.0,5.022249347229499,0.5305192972425526,0.0,20.0,30.0,4.785891965429424,0,moderate
S03,P147,5.222222222222222,5.0,3.456691763625728,0.6619196994176926,0.0,13.0,27.0,3.38765264987284,0,moderate
S03,P148,2.6666666666666665,2.0,2.275185835978084,0.8531946884917816,0.0,8.0,18.0,2.853569193634026,0,moderate
S03,P149,3.9310344827586206,4.0,2.234966194738886,0.5685440319949797,0.0,7.0,29.0,2.0586634591635504,0,moderate
S03,P150,3.5,3.0,2.241385625859487,0.6403958931027106,0.0,6.0,22.0,1.8126539343499302,0,moderate
S03,P151,3.2916666666666665,3.0,2.1564698743178816,0.6551300884003691,0.0,8.0,24.0,1.2909944487358085,0,moderate
S03,P152,9.67741935483871,9.0,5.121113790144962,0.5291817583149794,0.0,21.0,31.0,5.22812904711938,0,moderate
S03,P153,7.142857142857143,6.0,4.0708019567928595,0.5699122739510003,0.0,13.0,28.0,4.785891965429423,0,moderate
S03,P154,3.4,3.0,2.7688746209726918,0.81437488852138,0.0,12.0,25.0,1.9760470401187076,0,moderate
S03,P155,4.892857142857143,4.0,3.6243955890939095,0.7407523831724778,0.0,12.0,28.0,4.035556254807297,0,moderate
S03,P156,12.483870967741936,12.0,6.9420024380190455,0.5560777146733602,0.0,33.0,31.0,6.948792289723035,0,moderate
S03,P157,7.178571428571429,6.0,4.35510404203289,0.6066811600841836,0.0,17.0,28.0,6.22972903178973,0,moderate
S03,P158,20.451612903225808,23.0,7.61944315409562,0.3725595233075145,0.0,28.0,31.0,8.538428538364766,0,stable
S03,P159,27.0,26.0,8.793937305515279,0.3257013816857511,0.0,46.0,31.0,5.014265364224068,0,stable
S03,P160,1.8333333333333333,2.0,0.752772652709081,0.4106032651140442,0.0,2.0,6.0,0.752772652709081,0,stable
S03,P161,16.903225806451612,17.0,6.83303172688706,0.40424424338453985,0.0,34.0,31.0,7.590721152765898,0,stable
S03,P162,1.75,1.5,0.9574271077563381,0.5471012044321932,0.0,2.0,4.0,0.9574271077563381,0,moderate
S03,P163,16.741935483870968,16.0,5.994262489722895,0.35803879996418064,0.0,28.0,31.0,7.4928537382533476,0,stable
S03,P164,4.518518518518518,4.0,2.423766464543124,0.536407332316921,0.0,9.0,27.0,2.2253945610567487,0,moderate
S03,P165,2.3333333333333335,2.0,2.0150945537631877,0.8636119516127947,0.0,7.0,12.0,2.5071326821120348,0,moderate
S03,P166,5.833333333333333,5.0,3.543652249356279,0.6074832427467907,0.0,12.0,30.0,3.8483144114694983,0,moderate
S03,P167,2.142857142857143,2.0,1.167320591199077,0.5447496092262359,0.0,3.0,14.0,0.9759000729485332,0,moderate
S03,P168,3.642857142857143,3.0,2.7345972240938847,0.7506737477904781,0.0,9.0,14.0,3.1014589500826246,0,moderate
S03,P169,8.566666666666666,9.0,4.031627833581089,0.4706180350483761,0.0,16.0,30.0,2.8199966227605597,0,stable
S03,P170,3.090909090909091,2.0,2.256304299271065,0.7299808027053446,0.0,6.0,11.0,2.070196678027062,0,moderate
S03,P171,5.285714285714286,4.0,3.275692099413303,0.6197255323214358,0.0,14.0,28.0,5.145501965424799,0,moderate
S03,P172,3.7777777777777777,3.0,3.7757661813743524,0.9994675185990933,0.0,15.0,27.0,1.7043362064926915,0,moderate
S03,P173,2.0833333333333335,2.0,1.1645001528813148,0.5589600733830311,0.0,3.0,12.0,1.1547005383792515,0,moderate
S03,P174,2.1176470588235294,1.0,1.3639259941972874,0.6440761639264968,0.0,4.0,17.0,1.511857892036909,0,moderate
S03,P175,2.9444444444444446,3.0,1.8620741825818619,0.6324025525749719,0.0,6.0,18.0,1.5275252316519468,0,moderate
S03,P176,23.34375,25.0,8.118514781538833,0.3477810883657867,0.0,44.0,32.0,13.138456820306093,0,stable
S03,P177,4.703703703703703,4.0,3.5280721998413593,0.7500625936670607,0.0,13.0,27.0,4.180453381654971,0,moderate
S03,P178,4.0,3.5,3.134658985682771,0.7836647464206927,0.0,14.0,24.0,1.8126539343499317,0,moderate
S03,P179,2.4545454545454546,2.0,1.1281521496355325,0.4596175424441058,0.0,4.0,11.0,1.2724180205607039,0,stable
S03,P180,12.8,13.0,6.7128286858460235,0.5244397410817205,0.0,26.0,30.0,6.373307431706684,0,moderate
S03,P181,6.433333333333334,5.5,3.747949631035829,0.5825828442024604,0.0,13.0,30.0,3.8606685826112948,0,moderate
S03,P182,3.0952380952380953,2.0,2.700088181981505,0.8723361818709477,0.0,10.0,21.0,2.2677868380553634,0,moderate
S03,P183,48.03225806451613,48.0,10.62852724500669,0.22127894197126086,0.0,46.0,31.0,11.888369666751343,0,stable
S03,P184,3.0,2.0,2.898275349237888,0.966091783079296,0.0,10.0,16.0,2.138089935299395,0,moderate
S03,P185,6.0,5.0,3.4641016151377544,0.5773502691896257,0.0,13.0,26.0,1.9760470401187054,0,moderate
S03,P186,9.96774193548387,8.0,6.46778617956068,0.64887175264201,0.0,26.0,31.0,7.1978832867395,0,moderate
S03,P187,6.133333333333334,5.0,4.0149147226167905,0.6546056612962158,0.0,17.0,30.0,4.23140188409963,0,moderate
S03,P188,14.612903225806452,14.0,6.849220974460471,0.4687104861109815,0.0,26.0,31.0,5.520524474738826,0,stable
S03,P189,2.5384615384615383,2.0,2.231246633266152,0.8789759464381811,0.0,8.0,26.0,0.7867957924694442,0,moderate
S03,P190,3.0454545454545454,3.0,1.8892496048071754,0.6203506165038486,0.0,8.0,22.0,1.4638501094227991,0,moderate
S03,P191,5.451612903225806,5.0,2.8616860959630004,0.5249246684902545,0.0,10.0,31.0,1.8126539343499315,0,moderate
S03,P192,4.193548387096774,4.0,2.7131697924347904,0.6469866428113731,0.0,8.0,31.0,2.5071326821120357,0,moderate
S03,P193,8.580645161290322,9.0,4.738313297284784,0.5522094444204072,0.0,18.0,31.0,4.035556254807296,0,moderate
S03,P194,5.161290322580645,4.0,3.8131069938091904,0.7387894800505307,0.0,15.0,31.0,2.0354009783964324,0,moderate
S03,P195,8.516129032258064,9.0,4.272945648628008,0.501747405710107,0.0,17.0,31.0,3.6709931185158124,0,moderate
S03,P196,3.8620689655172415,3.0,2.721923399927685,0.7047837374812755,0.0,10.0,29.0,3.5523298860110986,0,moderate
S03,P197,4.458333333333333,3.5,2.6371784438917922,0.5915166603121778,0.0,8.0,24.0,2.193062655175134,0,moderate
S03,P198,6.185185185185185,6.0,3.772746775708414,0.6099650475696239,0.0,13.0,27.0,3.9880774697543058,0,moderate
S03,P199,18.580645161290324,17.0,6.844823803665498,0.3683846144333861,0.0,25.0,31.0,8.960229588895269,0,stable
S03,P200,11.903225806451612,12.0,6.503100997266239,0.5463309780901177,0.0,24.0,31.0,5.014265364224068,0,moderate
S03,P201,20.903225806451612,20.0,6.823268223315849,0.32642178228825824,0.0,25.0,31.0,9.534398874851101,0,stable
S03,P202,1.0,1.0,,,0.0,0.0,1.0,,0,
S03,P203,1.625,1.0,1.407885953173359,0.8663913557989902,0.0,4.0,8.0,1.4960264830861911,0,moderate
S03,P204,1.8181818181818181,2.0,0.7507571935295484,0.41291645644125163,0.0,2.0,11.0,0.6900655593423541,0,stable
S03,P205,2.4375,2.0,1.547847968417226,0.6350145511455286,0.0,4.0,16.0,1.4638501094227994,0,moderate
S03,P206,2.875,2.0,1.8211717839530315,0.6334510552880109,0.0,6.0,16.0,1.5735915849388864,0,moderate
S03,P207,2.75,2.0,1.8322507626258087,0.6662730045912032,0.0,5.0,8.0,1.8257418583505538,0,moderate
S03,P208,3.1875,3.0,1.7594980344783944,0.5519993833657708,0.0,5.0,16.0,1.618347187425374,0,moderate
S03,P209,2.1052631578947367,2.0,1.559727071641605,0.7408703590297624,0.0,6.0,19.0,2.2253945610567474,0,moderate
S03,P210,3.142857142857143,2.0,3.2547513873422953,1.0356027141543667,0.0,9.0,14.0,2.935821455580639,0,high
S03,P211,8.32258064516129,8.0,4.7985212776034345,0.5765665100996376,0.0,22.0,31.0,3.4846602621858414,0,moderate
S03,P212,11.35483870967742,10.0,5.618709146513839,0.49482949869866194,0.0,21.0,31.0,5.589105048046175,0,stable
S03,P213,9.64516129032258,9.0,4.62275810237982,0.4792826126213192,0.0,18.0,31.0,5.798193478924933,0,stable
S03,P214,4.0588235294117645,3.0,2.8167043738049196,0.693970642821502,0.0,10.0,17.0,3.605551275463989,0,moderate
S03,P215,6.870967741935484,6.0,4.602477126387998,0.6698440888170326,0.0,22.0,31.0,3.860668582611293,0,moderate
S03,P216,3.5555555555555554,2.0,2.952617265740468,0.8304236059895066,0.0,10.0,27.0,1.9880595947760091,0,moderate
S03,P217,3.0,3.0,1.5491933384829668,0.5163977794943223,0.0,4.0,21.0,1.7320508075688772,0,moderate
S03,P218,5.482758620689655,5.0,3.8230568327972883,0.6972870952900715,0.0,20.0,29.0,6.890296835129128,0,moderate
S03,P219,2.8,2.5,2.0976176963403033,0.7491491772643941,0.0,7.0,10.0,2.410295378065479,0,moderate
S03,P220,2.4210526315789473,2.0,1.7737527534606836,0.7326370068641954,0.0,5.0,19.0,2.410295378065479,0,moderate
S04,P101,12.516129032258064,13.0,4.746022669856909,0.3791925329009386,0.0,21.0,31.0,4.157609203101495,0,stable
S04,P102,2.0,1.5,1.1952286093343936,0.5976143046671968,0.0,3.0,8.0,1.2149857925879117,0,moderate
S04,P103,24.806451612903224,25.0,8.427808552004922,0.3397426074280268,0.0,33.0,31.0,6.604471789556502,0,stable
S04,P104,5.0,3.5,4.333890711087691,0.8667781422175382,0.0,16.0,24.0,2.2886885410853193,0,moderate
S04,P105,2.7916666666666665,2.0,2.2646463716010494,0.811216610722764,0.0,9.0,24.0,2.193062655175134,0,moderate
S04,P106,2.3333333333333335,2.0,1.7232808737106582,0.7385489458759963,0.0,5.0,12.0,1.9760470401187076,0,moderate
S04,P107,2.142857142857143,2.0,1.0690449676496974,0.49888765156985876,0.0,3.0,7.0,1.0690449676496976,0,stable
S04,P108,2.6666666666666665,2.0,1.6329931618554523,0.6123724356957947,0.0,5.0,15.0,0.8997354108424368,0,moderate
S04,P109,6.344827586206897,5.0,4.893697565447722,0.7712892902064344,0.0,16.0,29.0,3.30223589477825,0,moderate
S04,P110,115.25806451612904,118.0,18.453487009118327,0.1601058206780487,0.0,72.0,31.0,9.797958971132704,0,stable
S04,P111,7.419354838709677,7.0,4.3264627087139536,0.5831319303049242,0.0,18.0,31.0,2.149196970742239,0,moderate
S04,P112,2.6363636363636362,2.0,2.0364641286273977,0.7724519108586682,0.0,7.0,22.0,2.6095064302514777,0,moderate
S04,P113,4.2,4.0,2.8722813232690143,0.6838765055402415,0.0,10.0,25.0,2.1380899352993943,0,moderate
S04,P114,4.071428571428571,4.0,2.6517439604430195,0.6513055341438996,0.0,9.0,28.0,3.101458950082626,0,moderate
S04,P115,3.1,2.0,2.923088169119167,0.9429316674577958,0.0,8.0,10.0,3.3022358947782493,0,moderate
S04,P116,4.0,3.0,3.05085107923876,0.76271276980969,0.0,11.0,27.0,4.572172558506723,0,moderate
S04,P117,3.4615384615384617,2.0,3.1398187110821443,0.9070587387570639,0.0,13.0,26.0,2.794552524023087,0,moderate
S04,P118,3.0476190476190474,2.0,2.438774087040259,0.800222747310085,0.0,8.0,21.0,1.5735915849388853,0,moderate
S04,P119,3.260869565217391,3.0,2.220102194706521,0.6808313397099998,0.0,8.0,23.0,3.0550504633038935,0,moderate
S04,P120,3.5,3.0,2.245768968720862,0.6416482767773892,0.0,8.0,24.0,1.4960264830861913,0,moderate
S04,P121,3.0625,2.0,2.7195281453467866,0.8880091903173181,0.0,10.0,16.0,1.6183471874253723,0,moderate
S04,P122,3.4642857142857144,3.0,2.8736625598591963,0.8295108420212113,0.0,12.0,28.0,1.3451854182690972,0,moderate
S04,P123,18.129032258064516,17.0,8.26535716301831,0.4559182776753872,0.0,38.0,31.0,9.1104335791443,0,stable
S04,P124,9.233333333333333,9.0,4.746565606569792,0.5140684772458259,0.0,18.0,30.0,4.140393356054125,0,moderate
S04,P125,3.65,3.0,2.412140346794021,0.6608603689846633,0.0,9.0,20.0,3.1622776601683795,0,moderate
S04,P126,10.03448275862069,9.0,5.609193719884535,0.5589918140091117,0.0,23.0,29.0,4.353433237386432,0,moderate
S04,P127,23.419354838709676,21.0,8.976911842975799,0.3833116627165975,0.0,35.0,31.0,8.118174789000413,0,stable
S04,P128,5.090909090909091,4.5,3.130633450416353,0.6149458563317837,0.0,13.0,22.0,2.6726124191242433,0,moderate
S04,P129,15.806451612903226,14.0,6.95901982963458,0.4402645198340245,0.0,33.0,31.0,6.425396041156867,0,stable
S04,P130,27.548387096774192,28.0,8.086361809357033,0.29353303991811247,0.0,29.0,31.0,9.846440014156437,0,stable
S04,P131,15.838709677419354,15.0,5.639720880762027,0.3560719904350771,0.0,19.0,31.0,5.1455019654248,0,stable
S04,P132,7.258064516129032,7.0,4.366293179463819,0.6015781713927928,0.0,18.0,31.0,6.362090102803517,0,moderate
S04,P133,38.32258064516129,39.0,10.476599628932387,0.2733792832465522,0.0,46.0,31.0,10.123052428797864,0,stable
S04,P134,13.64516129032258,12.0,6.390348905950673,0.468323442280073,0.0,22.0,31.0,5.145501965424796,0,stable
S04,P135,6.966666666666667,5.5,5.10228706888718,0.7323857036680163,0.0,17.0,30.0,5.209880722517275,0,moderate
S04,P136,3.4285714285714284,4.0,2.439750182371333,0.7115938031916388,0.0,6.0,7.0,2.439750182371333,0,moderate
S04,P137,11.64516129032258,11.0,4.6155417673824175,0.39634846201898877,0.0,19.0,31.0,3.055050463303898,0,stable
S04,P138,7.548387096774194,7.0,4.3805533111500825,0.5803297121609083,0.0,20.0,31.0,5.593363414414826,0,moderate
S04,P139,3.4583333333333335,2.5,3.064227921291624,0.8860418085662527,0.0,14.0,24.0,4.59813626840888,0,moderate
S04,P140,4.24,4.0,3.003886371574886,0.7084637668808693,0.0,12.0,25.0,4.314979445958882,0,moderate
S04,P141,4.291666666666667,4.0,2.911434229956486,0.6783924419316084,0.0,12.0,24.0,4.237025012007948,0,moderate
S04,P142,2.7,2.0,1.8093325317714033,0.6701231599153346,0.0,5.0,20.0,1.8644544714716094,0,moderate
S04,P143,8.3,6.5,5.40848630745526,0.6516248563199109,0.0,26.0,30.0,2.9277002188456027,0,moderate
S04,P144,5.516129032258065,6.0,3.83728174399479,0.6956475676247864,0.0,16.0,31.0,2.708012801545319,0,moderate
S04,P145,3.962962962962963,4.0,2.738352697987514,0.6909861948192793,0.0,9.0,27.0,3.4846602621858485,0,moderate
S04,P146,10.35483870967742,10.0,4.687205187861769,0.4526584449336911,0.0,16.0,31.0,5.769377287516764,0,stable
S04,P147,5.222222222222222,5.0,3.925589944232129,0.7517087127253013,0.0,15.0,27.0,4.450789122113493,0,moderate
S04,P148,2.8421052631578947,3.0,1.3849652179642493,0.48730257669112476,0.0,4.0,19.0,1.5118578920369086,0,stable
S04,P149,4.517241379310345,4.0,3.08939071264375,0.6839109211196087,0.0,12.0,29.0,1.272418020560709,0,moderate
S04,P150,3.0476190476190474,2.0,2.011869540407391,0.6601446929461753,0.0,6.0,21.0,2.14919697074224,0,moderate
S04,P151,3.3636363636363638,3.0,2.786796326650688,0.8285070160312856,0.0,12.0,22.0,2.070196678027064,0,moderate
S04,P152,8.612903225806452,10.0,5.364559126680954,0.622851434183931,0.0,21.0,31.0,7.435436388384632,0,moderate
S04,P153,8.821428571428571,8.0,3.9726245772468904,0.4503380087567325,0.0,17.0,28.0,6.499084184567487,0,stable
S04,P154,3.0,3.0,2.16794833886788,0.7226494462892933,0.0,8.0,21.0,1.069044967649697,0,moderate
S04,P155,4.689655172413793,4.0,2.536919508209318,0.5409607774858105,0.0,9.0,29.0,2.699206232527312,0,moderate
S04,P156,12.03225806451613,14.0,5.913171010367405,0.4914431670814733,0.0,21.0,31.0,7.546680127869534,0,stable
S04,P157,7.129032258064516,7.0,4.112922201094748,0.5769257386151004,0.0,16.0,31.0,2.2146697055682822,0,moderate
S04,P158,22.032258064516128,21.0,7.833619303862645,0.35555226708600585,0.0,36.0,31.0,5.459809869356601,0,stable
S04,P159,26.483870967741936,25.0,7.907258133056977,0.2985688211020296,0.0,27.0,31.0,6.237368187365716,0,stable
S04,P160,2.5454545454545454,1.0,2.1616492020508957,0.8492193293771376,0.0,6.0,11.0,1.9148542155126764,0,moderate
S04,P161,16.129032258064516,16.0,7.804878540519261,0.4839024695121942,0.0,36.0,31.0,5.794085654478069,0,stable
S04,P163,19.806451612903224,20.0,8.105221999175221,0.4092213061472832,0.0,32.0,31.0,7.161404491139583,0,stable
S04,P164,5.5,5.0,3.2836882762607313,0.5970342320474057,0.0,12.0,24.0,1.6183471874253719,0,moderate
S04,P165,1.9,2.0,0.9944289260117533,0.5233836452693439,0.0,3.0,10.0,1.1547005383792515,0,moderate
S04,P166,5.518518518518518,5.0,3.6307487082330807,0.6579209068610281,0.0,11.0,27.0,3.4982989063393686,0,moderate
S04,P167,1.894736842105263,1.0,1.2864566686188534,0.6789632417710616,0.0,4.0,19.0,1.112697280528373,0,moderate
S04,P168,3.0952380952380953,2.0,2.385471901003277,0.7706909218625972,0.0,9.0,21.0,2.288688541085317,0,moderate
S04,P169,6.0,5.5,3.8237010415528583,0.6372835069254764,0.0,13.0,30.0,3.8606685826112948,0,moderate
S04,P170,2.75,2.0,2.1447610589527217,0.7799131123464442,0.0,7.0,16.0,2.63673679998231,0,moderate
S04,P171,5.0,4.0,3.0441200151549,0.6088240030309799,0.0,11.0,31.0,3.309438162646486,0,moderate
S04,P172,4.678571428571429,4.0,3.243838277794806,0.6933394792233173,0.0,11.0,28.0,4.27617987059879,0,moderate
S04,P173,2.875,2.0,2.473189573539939,0.8602398516660658,0.0,7.0,16.0,0.7867957924694483,0,moderate
S04,P174,3.0,2.0,2.908872369413698,0.9696241231378994,0.0,9.0,14.0,2.8702082220799308,0,moderate
S04,P175,2.823529411764706,3.0,1.8109146210426053,0.6413655949525893,0.0,5.0,17.0,1.345185418269098,0,moderate
S04,P176,26.29032258064516,23.0,9.747456243851852,0.3707621393366962,0.0,39.0,31.0,10.350983390135317,0,stable
S04,P177,5.214285714285714,5.5,2.9734272887141264,0.5702463293424352,0.0,11.0,28.0,2.380476142847621,0,moderate
S04,P178,2.48,2.0,1.636052158907737,0.6596984511724746,0.0,6.0,25.0,1.345185418269099,0,moderate
S04,P179,2.5,2.0,1.6059101370939324,0.642364054837573,0.0,6.0,20.0,1.9518001458970664,0,moderate
S04,P180,12.290322580645162,11.0,7.340270423661047,0.5972398507440747,0.0,30.0,31.0,4.353433237386434,0,moderate
S04,P181,5.1,4.0,3.642185777988173,0.714154074115328,0.0,13.0,30.0,4.705619740571601,0,moderate
S04,P182,3.909090909090909,3.0,2.3886455797434047,0.6110488692366849,0.0,7.0,22.0,2.3804761428476167,0,moderate
S04,P183,49.58064516129032,48.0,11.485568317235872,0.23165427315179704,0.0,46.0,31.0,11.487052753094716,0,stable
S04,P184,1.75,1.0,1.390443574307614,0.7945391853186365,0.0,5.0,16.0,1.1126972805283735,0,moderate
S04,P185,3.9583333333333335,3.0,2.8357832545289257,0.7164084011441496,0.0,12.0,24.0,2.7602622373694183,0,moderate
S04,P186,9.0,8.0,4.920050462314807,0.546672273590534,0.0,21.0,30.0,4.151878519188058,0,moderate
S04,P187,5.966666666666667,6.0,3.488733920466864,0.5847040090167929,0.0,15.0,30.0,2.62769136406122,0,moderate
S04,P188,12.290322580645162,12.0,6.1654605039531685,0.5016516420539323,0.0,24.0,31.0,7.4258236676383005,0,moderate
S04,P189,4.380952380952381,4.0,2.801360213828105,0.6394409183738065,0.0,10.0,21.0,1.9518001458970655,0,moderate
S04,P190,3.8333333333333335,4.0,1.88048714009375,0.49056186263315216,0.0,6.0,24.0,1.9518001458970653,0,stable
S04,P191,5.25,5.0,3.395258131243894,0.6467158345226465,0.0,17.0,28.0,2.7602622373694183,0,moderate
S04,P192,5.758620689655173,6.0,3.6902881460646433,0.6408284804543393,0.0,15.0,29.0,5.563486402641868,0,moderate
S04,P193,7.419354838709677,6.0,3.810286022058249,0.5135602899295901,0.0,14.0,31.0,4.740906081772816,0,moderate
S04,P194,4.806451612903226,4.0,3.6553098805136406,0.7605007133954554,0.0,13.0,31.0,3.2586880211286897,0,moderate
S04,P195,10.451612903225806,9.0,5.524724485905273,0.5286001822934058,0.0,23.0,31.0,3.638419332360592,0,moderate
S04,P196,3.9285714285714284,3.0,2.93040979852675,0.7459224941704455,0.0,10.0,28.0,2.7688746209726918,0,moderate
S04,P197,3.8,3.0,2.661453237111885,0.7003824308189172,0.0,9.0,25.0,2.811540841738193,0,moderate
S04,P198,4.538461538461538,4.0,3.0229888419346733,0.666082287205945,0.0,10.0,26.0,3.366501646120693,0,moderate
S04,P199,21.838709677419356,21.0,7.620572044116498,0.34894790748539356,0.0,31.0,31.0,6.320789582985734,0,stable
S04,P200,10.516129032258064,9.0,7.108075068736662,0.6759212488675967,0.0,31.0,31.0,9.273618495495702,0,moderate
S04,P201,21.0,19.0,8.128140418734574,0.3870543056540273,0.0,34.0,31.0,10.061714328984662,0,stable
S04,P202,2.2222222222222223,2.0,1.3017082793177759,0.5857687256929991,0.0,4.0,9.0,1.4638501094227998,0,moderate
S04,P203,2.8,2.0,2.7406406388125952,0.9788002281473555,0.0,9.0,10.0,3.147183169877773,0,moderate
S04,P204,2.2857142857142856,2.0,1.2043875831929896,0.5269195676469329,0.0,4.0,14.0,1.1126972805283737,0,moderate
S04,P205,2.789473684210526,2.0,2.299249814092053,0.824259367316019,0.0,9.0,19.0,3.2659863237109046,0,moderate
S04,P206,2.8125,2.0,2.0726392192886185,0.7369383890803977,0.0,7.0,16.0,1.4142135623730951,0,moderate
S04,P207,2.3333333333333335,2.0,1.5055453054181622,0.6452337023220694,0.0,4.0,6.0,1.505545305418162,0,moderate
S04,P208,3.1052631578947367,2.0,2.0519567041703084,0.660799616597218,0.0,7.0,19.0,1.8644544714716085,0,moderate
S04,P209,2.8666666666666667,2.0,2.1668498091095505,0.7558778403870525,0.0,6.0,15.0,2.138089935299395,0,moderate
S04,P210,3.0,3.0,1.6172150801252798,0.5390716933750933,0.0,6.0,14.0,0.9759000729485334,0,moderate
S04,P211,8.5,7.0,6.474086275564165,0.7616572088899017,0.0,30.0,30.0,6.214422549122938,0,moderate
S04,P212,10.67741935483871,10.0,4.770654020671195,0.44679841281210586,0.0,21.0,31.0,6.506407098647712,0,stable
S04,P213,10.96551724137931,10.0,5.577267371217671,0.5086187225324291,0.0,21.0,29.0,5.9281411203561225,0,moderate
S04,P214,3.210526315789474,3.0,1.9025990226360552,0.592612810329263,0.0,7.0,19.0,1.6329931618554514,0,moderate
S04,P215,5.666666666666667,5.0,4.357580262843869,0.768984752266565,0.0,16.0,30.0,2.5071326821120357,0,moderate
S04,P216,4.222222222222222,4.0,3.11736246175332,0.7383226883099968,0.0,12.0,27.0,4.375255094603872,0,moderate
S04,P217,4.380952380952381,5.0,3.3834330269149775,0.7723053648392882,0.0,12.0,21.0,2.149196970742239,0,moderate
S04,P218,5.0344827586206895,5.0,3.234664462844967,0.6425018453596167,0.0,13.0,29.0,2.563479777846623,0,moderate
S04,P219,3.5384615384615383,2.0,2.7873339895374523,0.7877248231301496,0.0,9.0,13.0,2.2990681342044406,0,moderate
S04,P220,2.4444444444444446,1.0,1.8782379449307742,0.7683700683807713,0.0,5.0,9.0,1.4638501094227998,0,moderate
S05,P101,12.483870967741936,12.0,5.30955721783487,0.4253133688704934,0.0,26.0,31.0,4.720774754816655,0,stable
S05,P102,3.1666666666666665,2.5,3.2983007562664564,1.0415686598736178,0.0,12.0,12.0,4.059087394500207,0,high
S05,P103,24.032258064516128,23.0,9.485019314574402,0.39467865604269325,0.0,38.0,31.0,11.334733807028309,0,stable
S05,P104,4.633333333333334,3.5,3.1675437381878937,0.6836425334218476,0.0,11.0,30.0,2.563479777846623,0,moderate
S05,P105,2.8076923076923075,2.0,2.2094203904052443,0.7869168513772103,0.0,8.0,26.0,1.772810520855837,0,moderate
S05,P106,3.1818181818181817,3.0,1.7786613965666325,0.5590078674923702,0.0,5.0,11.0,1.2535663410560185,0,moderate
S05,P107,2.625,1.5,2.065879266282796,0.7870016252505889,0.0,5.0,8.0,1.6761634196950517,0,moderate
S05,P108,3.0555555555555554,3.0,1.8620741825818619,0.6094060961177002,0.0,6.0,18.0,2.115700942049815,0,moderate
S05,P109,5.833333333333333,6.0,2.5607559946952807,0.43898674194776244,0.0,10.0,30.0,2.63673679998231,0,stable
S05,P110,113.6774193548387,115.0,21.99755607148848,0.1935085806515729,0.0,104.0,31.0,14.747073963203382,0,stable
S05,P111,6.903225806451613,7.0,3.176526810943859,0.4601510800899983,0.0,13.0,31.0,4.525062483125562,0,stable
S05,P112,2.6,2.0,1.5946338585572375,0.6133207148297067,0.0,5.0,15.0,1.3801311186847085,0,moderate
S05,P113,3.090909090909091,3.0,2.2234484351391965,0.7193509643097401,0.0,8.0,22.0,1.2724180205607036,0,moderate
S05,P114,3.9642857142857144,3.0,2.8216378597616334,0.7117645051650967,0.0,11.0,28.0,3.9339789623472163,0,moderate
S05,P115,3.0,3.0,2.6770630673681683,0.8923543557893895,0.0,9.0,13.0,3.2877840272018797,0,moderate
S05,P116,4.7407407407407405,3.0,4.328728651450878,0.9130911999154196,0.0,20.0,27.0,2.2253945610567403,0,moderate
S05,P117,3.8333333333333335,3.0,2.5137304111042105,0.6557557594184896,0.0,7.0,24.0,2.699206232527312,0,moderate
S05,P118,2.8333333333333335,2.0,1.8230549667425573,0.6434311647326673,0.0,6.0,18.0,1.8126539343499313,0,moderate
S05,P119,3.4761904761904763,3.0,1.6315344807587615,0.4693455355607396,0.0,6.0,21.0,1.5735915849388862,0,stable
S05,P120,3.238095238095238,3.0,1.972429007715155,0.609132487676739,0.0,7.0,21.0,2.2886885410853175,0,moderate
S05,P121,3.375,2.5,2.7294688127912363,0.8087315000862922,0.0,9.0,16.0,3.4982989063393704,0,moderate
S05,P122,4.482758620689655,4.0,3.031038125498688,0.676154658765092,0.0,12.0,29.0,2.927700218845599,0,moderate
S05,P123,15.96774193548387,14.0,7.245614172117006,0.45376573603157005,0.0,26.0,31.0,5.429197958832451,0,stable
S05,P124,10.935483870967742,10.0,6.271286332010724,0.5734804610393287,0.0,27.0,31.0,4.353433237386431,0,moderate
S05,P125,2.72,2.0,2.1702534414210706,0.7978872946400994,0.0,7.0,25.0,3.0237157840738176,0,moderate
S05,P126,10.0,9.0,5.013315602805526,0.5013315602805526,0.0,23.0,31.0,5.023753102820166,0,moderate
S05,P127,23.806451612903224,23.0,7.951600907317174,0.3340103362152201,0.0,27.0,31.0,9.655987533033338,0,stable
S05,P128,4.826086956521739,4.0,3.5246169864519707,0.7303260422377957,0.0,12.0,23.0,2.4299715851758235,0,moderate
S05,P129,17.580645161290324,17.0,6.835077144399504,0.38878420454382495,0.0,25.0,31.0,7.718252948137197,0,stable
S05,P130,30.741935483870968,31.0,8.869301896374497,0.2885082463668514,0.0,39.0,31.0,9.990471651004476,0,stable
S05,P131,15.935483870967742,15.0,7.7370773287720125,0.4855250955302275,0.0,28.0,31.0,5.094347941825431,0,stable
S05,P132,8.241379310344827,8.0,4.404990452509461,0.5344967494676751,0.0,19.0,29.0,6.704653678780207,0,moderate
S05,P133,38.806451612903224,40.0,10.731322859861251,0.2765345042857014,0.0,43.0,31.0,11.141941354308821,0,stable
S05,P134,14.870967741935484,14.0,6.344246398556049,0.42661960597665405,0.0,28.0,31.0,6.803360514166092,0,stable
S05,P135,7.4,6.5,4.1322950123346125,0.5584182449100827,0.0,14.0,30.0,4.8452234702013985,0,moderate
S05,P136,1.8888888888888888,1.0,1.536590742882148,0.8134892168199607,0.0,4.0,9.0,1.4960264830861913,0,moderate
S05,P137,12.806451612903226,11.0,7.180619076554656,0.5607032528292049,0.0,31.0,31.0,9.89468351716021,0,moderate
S05,P138,6.892857142857143,6.5,4.416629230149816,0.6407544997108541,0.0,20.0,28.0,3.670993118515816,0,moderate
S05,P139,3.388888888888889,3.0,2.5699368014405906,0.7583420069824693,0.0,10.0,18.0,3.8668308667927223,0,moderate
S05,P140,3.9285714285714284,3.5,2.5809640953286546,0.6569726788109302,0.0,9.0,28.0,1.496026483086191,0,moderate
S05,P141,3.5714285714285716,3.0,1.6300744943538186,0.45642085841906915,0.0,6.0,21.0,1.5118578920369088,0,stable
S05,P142,3.0,2.0,2.0275875100994063,0.6758625033664688,0.0,8.0,19.0,2.7945525240230875,0,moderate
S05,P143,8.1,8.0,4.05437184215789,0.5005397335997395,0.0,17.0,30.0,2.572750982712397,0,moderate
S05,P144,6.428571428571429,6.0,4.140393356054125,0.6440611887195306,0.0,16.0,28.0,3.2586880211286893,0,moderate
S05,P145,5.076923076923077,5.0,3.1231148159883837,0.6151589789068029,0.0,14.0,26.0,2.4102953780654808,0,moderate
S05,P146,8.483870967741936,8.0,4.703693355523476,0.5544277339210181,0.0,19.0,31.0,3.728908942943219,0,moderate
S05,P147,5.129032258064516,4.0,2.667607360961891,0.5200995483636391,0.0,10.0,31.0,2.2146697055682814,0,moderate
S05,P148,2.3333333333333335,2.0,1.5339299776947408,0.6573985618691746,0.0,6.0,18.0,0.7867957924694445,0,moderate
S05,P149,4.620689655172414,4.0,3.3744183954259674,0.730284578114575,0.0,11.0,29.0,3.214550253664319,0,moderate
S05,P150,2.814814814814815,2.0,1.6878989451394444,0.5996483094574342,0.0,5.0,27.0,1.272418020560704,0,moderate
S05,P151,2.347826086956522,2.0,1.8242980132387143,0.7770158204535264,0.0,6.0,23.0,0.786795792469443,0,moderate
S05,P152,10.833333333333334,9.5,6.248218136801681,0.5767585972432321,0.0,23.0,30.0,4.0766466144427635,0,moderate
S05,P153,8.096774193548388,7.0,5.055392096297955,0.624371135399349,0.0,18.0,31.0,5.126959555693244,0,moderate
S05,P154,3.6666666666666665,3.0,2.336993466302048,0.6373618544460131,0.0,9.0,27.0,2.5448360411214077,0,moderate
S05,P155,4.3,3.5,2.949576240750525,0.6859479629652384,0.0,12.0,30.0,2.115700942049816,0,moderate
S05,P156,16.161290322580644,16.0,6.638758790585022,0.410781482052167,0.0,32.0,31.0,8.440266301373157,0,stable
S05,P157,7.0344827586206895,6.0,4.435914776173888,0.6305957279855037,0.0,18.0,29.0,4.017817460121496,0,moderate
S05,P158,25.129032258064516,26.0,8.890976457374713,0.3538129270585572,0.0,35.0,31.0,10.214368964029704,0,stable
S05,P159,27.64516129032258,27.0,9.833779833128848,0.3557143230186631,0.0,37.0,31.0,9.0527554342521,0,stable
S05,P160,3.0,2.0,3.0,1.0,0.0,9.0,9.0,1.6035674514745462,0,moderate
S05,P161,16.612903225806452,16.0,7.102475715574294,0.4275276644326274,0.0,26.0,31.0,5.31843156256752,0,stable
S05,P162,1.6666666666666667,2.0,0.5773502691896257,0.3464101615137754,0.0,1.0,3.0,0.5773502691896257,0,stable
S05,P163,17.774193548387096,18.0,7.2420516311302965,0.4074475509347354,0.0,27.0,31.0,8.864052604279188,0,stable
S05,P164,4.3076923076923075,3.5,3.586298713372669,0.832533629890084,0.0,14.0,26.0,5.765248931147314,0,moderate
S05,P165,3.5,3.5,2.1213203435596424,0.6060915267313264,0.0,6.0,10.0,2.225394561056747,0,moderate
S05,P166,5.821428571428571,4.5,3.810838066946269,0.65462249002758,0.0,14.0,28.0,3.265986323710906,0,moderate
S05,P167,3.0,2.0,2.273030282830976,0.7576767609436587,0.0,8.0,13.0,1.3801311186847083,0,moderate
S05,P168,2.736842105263158,2.0,2.4909191802571797,0.910143546632431,0.0,8.0,19.0,2.853569193634026,0,moderate
S05,P169,6.838709677419355,7.0,4.1480660087447045,0.6065568220334238,0.0,14.0,31.0,4.540820148282425,0,moderate
S05,P170,1.9285714285714286,1.0,1.3280573269766118,0.6886223176915764,0.0,4.0,14.0,0.8997354108424375,0,moderate
S05,P171,5.535714285714286,5.0,2.7009208698096923,0.4879082861591702,0.0,9.0,28.0,1.3801311186847083,0,stable
S05,P172,4.766666666666667,4.0,3.147887450703861,0.6603959686791316,0.0,11.0,30.0,2.853569193634027,0,moderate
S05,P173,3.3125,2.5,2.6259918760981216,0.7927522644824518,0.0,9.0,16.0,3.1847852585154217,0,moderate
S05,P174,2.090909090909091,1.0,1.6403990645294486,0.7845386830358233,0.0,5.0,11.0,1.9148542155126762,0,moderate
S05,P175,3.5833333333333335,3.0,2.3759056244371077,0.663043430075472,0.0,8.0,24.0,2.2677868380553634,0,moderate
S05,P176,26.258064516129032,25.0,7.298254320659992,0.27794334636420115,0.0,26.0,31.0,5.437961803049789,0,stable
S05,P177,4.8076923076923075,4.0,3.544226073706143,0.7371990233308778,0.0,14.0,26.0,3.505098327538655,0,moderate
S05,P178,4.461538461538462,4.0,3.2891429793278277,0.7372217022631338,0.0,14.0,26.0,1.8257418583505496,0,moderate
S05,P179,2.7142857142857144,2.5,1.8575654633281304,0.6843662233314165,0.0,7.0,14.0,1.1338934190276813,0,moderate
S05,P180,13.225806451612904,15.0,6.960410320373145,0.5262749266623598,0.0,29.0,31.0,5.429197958832452,0,moderate
S05,P181,4.933333333333334,3.0,3.4733798836424374,0.7040634899275211,0.0,13.0,30.0,1.6329931618554507,0,moderate
S05,P182,3.0,2.0,2.449489742783178,0.8164965809277259,0.0,9.0,20.0,2.1930626551751353,0,moderate
S05,P183,51.67741935483871,48.0,14.464639865949408,0.27990251925370263,0.0,59.0,31.0,7.631388814501285,0,stable
S05,P184,3.0,2.0,1.7822655773580136,0.5940885257860046,0.0,5.0,18.0,2.370453040886408,0,moderate
S05,P185,5.137931034482759,4.0,3.5124689925528623,0.6836349045908255,0.0,12.0,29.0,3.154739442867025,0,moderate
S05,P186,8.838709677419354,9.0,5.060281772085744,0.572513631148387,0.0,22.0,31.0,5.3851648071345055,0,moderate
S05,P187,6.9,6.0,4.155179567886243,0.6021999373748178,0.0,15.0,30.0,2.6726124191242446,0,moderate
S05,P188,11.580645161290322,11.0,5.914807371044229,0.5107493830149613,0.0,21.0,31.0,5.736267244886859,0,moderate
S05,P189,3.25,2.5,2.0054274183910974,0.6170545902741839,0.0,8.0,24.0,1.7728105208558373,0,moderate
S05,P190,4.0,2.0,3.2752515517548764,0.8188128879387191,0.0,11.0,23.0,2.5071326821120348,0,moderate
S05,P191,6.172413793103448,5.0,4.935794664035088,0.7996538841174164,0.0,22.0,29.0,4.995235825502231,0,moderate
S05,P192,4.833333333333333,3.5,4.03504760757569,0.8348374360501428,0.0,15.0,30.0,6.241184258807053,0,moderate
S05,P193,7.645161290322581,7.0,4.191645556713769,0.5482743133254296,0.0,17.0,31.0,5.380741673076395,0,moderate
S05,P194,5.535714285714286,4.0,4.3331807054927935,0.7827681274438595,0.0,15.0,28.0,5.843188953205018,0,moderate
S05,P195,9.35483870967742,9.0,4.0951059172038855,0.4377527014942084,0.0,18.0,31.0,3.8047589248453666,0,stable
S05,P196,5.966666666666667,5.0,4.156285919385018,0.6965842322991651,0.0,14.0,30.0,4.231401884099631,0,moderate
S05,P197,4.1923076923076925,3.0,2.926010673517522,0.697947500105097,0.0,9.0,26.0,0.9759000729485323,0,moderate
S05,P198,5.258064516129032,4.0,4.074045834593125,0.7748185329594287,0.0,20.0,31.0,3.3594217189442417,0,moderate
S05,P199,22.161290322580644,22.0,9.55020688848693,0.43094092218791097,0.0,48.0,31.0,5.45980986935661,0,stable
S05,P200,13.290322580645162,13.0,6.588846881344751,0.49576275078079435,0.0,33.0,31.0,6.137317546507325,0,stable
S05,P201,20.806451612903224,21.0,8.749930875302995,0.4205393133866556,0.0,35.0,31.0,6.317021600783227,0,stable
S05,P202,1.5555555555555556,1.0,0.8819171036881968,0.5669467095138407,0.0,2.0,9.0,0.7867957924694432,0,moderate
S05,P203,1.7272727272727273,1.0,1.1908743922772955,0.6894535955289606,0.0,3.0,11.0,0.48795003647426655,0,moderate
S05,P204,2.6875,2.0,1.6214705259938174,0.6033378701372344,0.0,6.0,16.0,1.069044967649697,0,moderate
S05,P205,3.1666666666666665,2.5,2.2816402768493496,0.7205179821629525,0.0,8.0,18.0,2.7080128015453204,0,moderate
S05,P206,1.8571428571428572,1.0,1.2149857925879117,0.6542231190857986,0.0,3.0,7.0,1.2149857925879117,0,moderate
S05,P207,1.25,1.0,0.5,0.4,0.0,1.0,4.0,0.5,0,stable
S05,P208,3.210526315789474,3.0,1.7819760370137496,0.5550417164469056,0.0,6.0,19.0,2.14919697074224,0,moderate
S05,P209,2.5454545454545454,2.0,1.765469659009499,0.693577366039446,0.0,6.0,22.0,0.9511897312113411,0,moderate
S05,P210,2.272727272727273,1.0,2.101947149236112,0.9248567456638892,0.0,7.0,11.0,2.4976179127511156,0,moderate
S05,P211,9.516129032258064,7.0,6.541513421943149,0.6874132748482632,0.0,29.0,31.0,9.227288721117224,0,moderate
S05,P212,11.935483870967742,11.0,6.806543341378538,0.5702779556290126,0.0,30.0,31.0,5.477225575051663,0,moderate
S05,P213,8.806451612903226,9.0,3.655309880513641,0.4150718179337834,0.0,13.0,31.0,4.613644360558611,0,stable
S05,P214,3.3333333333333335,3.0,1.7416467303484173,0.5224940191045252,0.0,6.0,21.0,1.5118578920369081,0,moderate
S05,P215,7.645161290322581,6.0,4.708491528411013,0.6158786387373055,0.0,20.0,31.0,2.572750982712403,0,moderate
S05,P216,3.36,3.0,1.9553345834749953,0.5819448165104153,0.0,8.0,25.0,1.154700538379251,0,moderate
S05,P217,4.0476190476190474,3.0,3.2630689615175235,0.8061699787278588,0.0,9.0,21.0,3.147183169877772,0,moderate
S05,P218,5.535714285714286,4.0,4.5985677549455986,0.8307090137966243,0.0,17.0,28.0,3.1320159337914952,0,moderate
S05,P219,2.5625,2.0,1.9653244007033546,0.766955863689114,0.0,7.0,16.0,1.345185418269098,0,moderate
S05,P220,2.5,2.0,1.6984155512168937,0.6793662204867574,0.0,6.0,14.0,2.340126166724879,0,moderate
S06,P101,11.0,11.0,4.83045891539648,0.43913262867240727,0.0,23.0,31.0,4.472135954999584,0,stable
S06,P102,1.8,1.0,1.788854381999832,0.9938079899999066,0.0,4.0,5.0,1.7888543819998317,0,moderate
S06,P103,24.967741935483872,25.0,8.276407719003627,0.33148403008929256,0.0,41.0,31.0,11.982129550769706,0,stable
S06,P104,4.142857142857143,3.5,3.027213432188283,0.7307066905282062,0.0,14.0,28.0,2.6095064302514763,0,moderate
S06,P105,2.4782608695652173,2.0,1.5036188231122247,0.6067233847645819,0.0,6.0,23.0,1.2535663410560172,0,moderate
S06,P106,2.8461538461538463,2.0,1.9513309067639728,0.6856027510251796,0.0,6.0,13.0,2.115700942049815,0,moderate
S06,P107,1.0,1.0,0.0,0.0,0.0,0.0,5.0,0.0,0,stable
S06,P108,2.2222222222222223,1.0,1.9860625479688307,0.8937281465859738,0.0,5.0,9.0,2.1491969707422394,0,moderate
S06,P109,5.518518518518518,6.0,3.1909773083392774,0.5782307874171845,0.0,11.0,27.0,3.3523268393901042,0,moderate
S06,P110,116.12903225806451,113.0,20.369490151504973,0.17540394297129283,0.0,82.0,31.0,23.884643402742917,0,stable
S06,P111,7.344827586206897,6.0,4.450327933895639,0.60591319287781,0.0,17.0,29.0,2.699206232527306,0,moderate
S06,P112,2.611111111111111,2.0,1.6138696240399015,0.618077728355707,0.0,6.0,18.0,1.3451854182690985,0,moderate
S06,P113,3.8333333333333335,3.0,3.4849573220101107,0.9091193013939419,0.0,15.0,24.0,3.387652649872839,0,moderate
S06,P114,4.607142857142857,4.0,3.3812038806525235,0.733904718281168,0.0,15.0,28.0,1.7994708216848723,0,moderate
S06,P115,1.4166666666666667,1.0,0.7929614610987591,0.5597375019520652,0.0,2.0,12.0,0.37796447300922725,0,moderate
S06,P116,4.892857142857143,4.0,3.1191082024892918,0.637481968391972,0.0,12.0,28.0,3.7733400639347665,0,moderate
S06,P117,4.2592592592592595,4.0,2.7678454908048353,0.649841984797657,0.0,10.0,27.0,2.751622897751175,0,moderate
S06,P118,3.730769230769231,3.0,2.7211422940771373,0.7293783468660368,0.0,9.0,26.0,1.9023794624226835,0,moderate
S06,P119,4.0,2.0,4.158619680502032,1.039654920125508,0.0,15.0,18.0,3.6384193323605842,0,high
S06,P120,3.423076923076923,3.0,2.1572774865200244,0.6302158949384341,0.0,9.0,26.0,1.7994708216848738,0,moderate
S06,P121,2.6875,1.5,2.7010800309012195,1.0050530347539421,0.0,9.0,16.0,3.309438162646486,0,high
S06,P122,4.173913043478261,2.0,3.96177386708442,0.9491749889889756,0.0,13.0,23.0,2.544836041121405,0,moderate
S06,P123,16.93548387096774,16.0,6.303097037017955,0.3721828726620126,0.0,31.0,31.0,9.433981132056605,0,stable
S06,P124,10.225806451612904,8.0,5.529976958477343,0.5407863902611912,0.0,23.0,31.0,1.6035674514745524,0,moderate
S06,P125,2.6666666666666665,2.0,2.456284456925405,0.921106671347027,0.0,8.0,21.0,1.8644544714716091,0,moderate
S06,P126,8.516129032258064,8.0,4.146251059627524,0.4868703895774744,0.0,18.0,31.0,2.225394561056741,0,stable
S06,P127,25.838709677419356,24.0,6.938284005879015,0.26852285166323275,0.0,26.0,31.0,5.968169536721256,0,stable
S06,P128,4.04,4.0,2.071231517720798,0.5126810687427718,0.0,7.0,25.0,1.9148542155126753,0,moderate
S06,P129,15.548387096774194,15.0,8.357985042969066,0.5375467558756039,0.0,35.0,31.0,4.54082014828243,0,moderate
S06,P130,27.0,27.0,9.062744249582096,0.3356571944289665,0.0,41.0,31.0,10.73933579572468,0,stable
S06,P131,15.580645161290322,14.0,6.004299534768881,0.3853691212791622,0.0,27.0,31.0,3.7606990231680504,0,stable
S06,P132,5.935483870967742,4.0,4.739447815030549,0.7984939253584077,0.0,21.0,31.0,7.5813053279887415,0,moderate
S06,P133,40.45161290322581,40.0,9.646549330122902,0.23847131517847683,0.0,34.0,31.0,7.587583842794009,0,stable
S06,P134,15.193548387096774,15.0,5.4186059390382555,0.35663860745262405,0.0,22.0,31.0,7.5498344352707525,0,stable
S06,P135,7.225806451612903,7.0,3.6851926898454472,0.5100043454696824,0.0,14.0,31.0,2.9680841985233157,0,moderate
S06,P136,2.6666666666666665,2.0,1.497472618255253,0.5615522318457199,0.0,4.0,12.0,1.6035674514745464,0,moderate
S06,P137,13.387096774193548,12.0,7.11654138541487,0.5315970673442433,0.0,29.0,31.0,9.947481136065598,0,moderate
S06,P138,8.064516129032258,8.0,3.3059086887064075,0.40993267739959455,0.0,13.0,31.0,2.7080128015453186,0,stable
S06,P139,3.6,4.0,1.9198214202665531,0.5332837278518203,0.0,6.0,15.0,2.309401076758503,0,moderate
S06,P140,3.04,2.0,2.244994432064365,0.7384850105474885,0.0,8.0,25.0,1.8898223650461354,0,moderate
S06,P141,4.48,4.0,2.7706798203088474,0.6184553170332248,0.0,11.0,25.0,2.5727509827123995,0,moderate
S06,P142,2.75,2.0,2.265686062395524,0.8238858408710996,0.0,7.0,16.0,2.544836041121407,0,moderate
S06,P143,7.533333333333333,7.0,3.892816844973026,0.5167455988902248,0.0,15.0,30.0,4.7759317216145165,0,moderate
S06,P144,5.0,4.0,3.559026084010437,0.7118052168020874,0.0,14.0,28.0,4.111540089159037,0,moderate
S06,P145,3.3076923076923075,3.0,1.849740106484817,0.5592237531233167,0.0,7.0,26.0,1.2909944487358056,0,moderate
S06,P146,9.741935483870968,9.0,3.957842357779332,0.40626858639456714,0.0,16.0,31.0,2.0354009783964275,0,stable
S06,P147,6.037037037037037,5.0,4.493426664682889,0.7443099383217054,0.0,19.0,27.0,6.373307431706682,0,moderate
S06,P148,3.3125,3.0,2.2721135535003527,0.6859210727548235,0.0,7.0,16.0,2.058663459163552,0,moderate
S06,P149,4.241379310344827,3.0,3.345094194849197,0.7886807451270464,0.0,14.0,29.0,2.138089935299398,0,moderate
S06,P150,3.6315789473684212,2.0,3.5309823360234955,0.9722994838325567,0.0,14.0,19.0,5.273473599964619,0,moderate
S06,P151,2.7142857142857144,2.0,2.5718253662108777,0.9475146086040075,0.0,8.0,21.0,1.380131118684708,0,moderate
S06,P152,11.129032258064516,10.0,6.163018391902196,0.5537784641999075,0.0,23.0,31.0,5.45980986935661,0,moderate
S06,P153,8.451612903225806,9.0,4.95202793259098,0.5859269691233602,0.0,22.0,31.0,6.852180744287249,0,moderate
S06,P154,3.88,3.0,3.2827833718761683,0.8460781886278784,0.0,11.0,25.0,3.6384193323605842,0,moderate
S06,P155,5.379310344827586,4.0,4.056861851088565,0.7541602159074896,0.0,12.0,29.0,3.6514837167011076,0,moderate
S06,P156,11.774193548387096,12.0,4.602243492177519,0.39087547467809064,0.0,22.0,31.0,2.6903708365381944,0,stable
S06,P157,5.4,4.5,3.856029760938235,0.7140795853589323,0.0,16.0,30.0,4.466808810815721,0,moderate
S06,P158,22.806451612903224,21.0,10.146984296951516,0.444917274689529,0.0,40.0,31.0,11.743285822322557,0,stable
S06,P159,24.516129032258064,23.0,7.771190246639337,0.31698276006028875,0.0,33.0,31.0,10.41976144503455,0,stable
S06,P160,1.8888888888888888,1.0,1.2692955176439846,0.6719799799291684,0.0,3.0,9.0,1.1338934190276815,0,moderate
S06,P161,15.35483870967742,14.0,7.998118058213337,0.5208858399256585,0.0,28.0,31.0,6.841748592978537,0,moderate
S06,P162,5.0,5.0,,,0.0,0.0,1.0,,0,
S06,P163,17.612903225806452,18.0,7.67974573951872,0.43602952000930456,0.0,33.0,31.0,6.654751256486925,0,stable
S06,P164,4.961538461538462,4.0,3.7146280484675094,0.7486847229469399,0.0,15.0,26.0,3.302235894778248,0,moderate
S06,P165,2.1,2.0,1.1972189997378648,0.5701042855894595,0.0,3.0,10.0,1.2724180205607034,0,moderate
S06,P166,7.333333333333333,7.0,3.7813820984810094,0.5156430134292286,0.0,15.0,30.0,3.644957377763735,0,moderate
S06,P167,2.0,1.5,1.2792042981336627,0.6396021490668313,0.0,4.0,12.0,1.5275252316519468,0,moderate
S06,P168,2.6875,2.0,2.212653007891959,0.8233127471225894,0.0,8.0,16.0,1.2149857925879122,0,moderate
S06,P169,7.666666666666667,6.5,3.1767835971291003,0.41436307788640436,0.0,11.0,30.0,2.6903708365381975,0,stable
S06,P170,2.6666666666666665,1.0,2.598076211353316,0.9742785792574935,0.0,7.0,9.0,2.886751345948129,0,moderate
S06,P171,5.444444444444445,5.0,3.273827838776608,0.6013153173263157,0.0,14.0,27.0,2.8284271247461903,0,moderate
S06,P172,5.230769230769231,4.0,4.36630454556429,0.8347346925343496,0.0,20.0,26.0,2.4397501823713323,0,moderate
S06,P173,2.5,2.5,1.2485285456935955,0.4994114182774382,0.0,4.0,18.0,1.214985792587912,0,stable
S06,P174,1.7692307692307692,2.0,0.8320502943378437,0.4702892967996508,0.0,2.0,13.0,0.7867957924694432,0,stable
S06,P175,2.263157894736842,2.0,1.6945043609385502,0.748734485065871,0.0,7.0,19.0,2.6276913640612185,0,moderate
S06,P176,26.29032258064516,27.0,9.09283068645145,0.34586227150919624,0.0,40.0,31.0,6.451282633635547,0,stable
S06,P177,5.678571428571429,4.5,3.7023873322049865,0.65199273774679,0.0,13.0,28.0,5.956189257922424,0,moderate
S06,P178,4.956521739130435,4.0,4.005431095508891,0.8081132911991623,0.0,15.0,23.0,1.2535663410560198,0,moderate
S06,P179,3.1875,2.5,2.713392710243027,0.8512604581154594,0.0,10.0,16.0,2.1380899352993943,0,moderate
S06,P180,11.451612903225806,12.0,5.3406535784640905,0.4663669322039065,0.0,22.0,31.0,5.59761854124889,0,stable
S06,P181,6.5,5.0,4.904255717020783,0.754500879541659,0.0,18.0,30.0,2.690370836538199,0,moderate
S06,P182,4.1875,4.0,2.5091499224504967,0.5991999814807156,0.0,9.0,16.0,2.4494897427831783,0,moderate
S06,P183,51.58064516129032,48.0,12.74826574753964,0.2471521189329136,0.0,62.0,31.0,17.208801734660593,0,stable
S06,P184,3.6,2.0,3.680062111277083,1.0222394753547452,0.0,14.0,15.0,5.047394424471945,0,high
S06,P185,4.67741935483871,5.0,3.015372799220615,0.6446659087988901,0.0,10.0,31.0,2.3603873774083297,0,moderate
S06,P186,8.67741935483871,9.0,5.331585735183567,0.6144206609319351,0.0,19.0,31.0,5.468524655221178,0,moderate
S06,P187,6.75,6.0,4.359960924051872,0.6459201368965737,0.0,20.0,28.0,4.613644360558611,0,moderate
S06,P188,11.64516129032258,11.0,6.416376896124344,0.5509908137946113,0.0,23.0,31.0,5.656854249492377,0,moderate
S06,P189,4.48,4.0,2.7706798203088474,0.6184553170332248,0.0,9.0,25.0,2.516611478423584,0,moderate
S06,P190,4.428571428571429,3.0,3.4142558277233497,0.7709609933568854,0.0,11.0,21.0,4.466808810815721,0,moderate
S06,P191,6.666666666666667,6.0,4.002872531788531,0.6004308797682797,0.0,14.0,30.0,4.488079449258573,0,moderate
S06,P192,6.0,4.5,3.981438414926426,0.6635730691544043,0.0,15.0,28.0,2.4299715851758252,0,moderate
S06,P193,8.8,7.0,5.248316643096803,0.5963996185337276,0.0,20.0,30.0,7.653197277702215,0,moderate
S06,P194,5.230769230769231,4.0,4.062587277168994,0.7766710971058371,0.0,14.0,26.0,3.505098327538656,0,moderate
S06,P195,10.225806451612904,11.0,4.730818656563611,0.46263526294470636,0.0,16.0,31.0,4.488079449258574,0,stable
S06,P196,4.833333333333333,4.5,3.705385952565706,0.7666315763929047,0.0,17.0,30.0,2.672612419124245,0,moderate
S06,P197,4.3478260869565215,4.0,2.690195931562909,0.6187450642594692,0.0,10.0,23.0,3.38765264987284,0,moderate
S06,P198,5.1,5.0,3.0552385763833056,0.5990663875261384,0.0,10.0,30.0,3.4982989063393712,0,moderate
S06,P199,20.193548387096776,19.0,8.34833059095733,0.41341573214005944,0.0,33.0,31.0,10.503967504392486,0,stable
S06,P200,9.096774193548388,8.0,3.986266747301937,0.4382066282495037,0.0,16.0,31.0,5.163977794943222,0,stable
S06,P201,20.64516129032258,21.0,6.8777340604629105,0.3331402435536722,0.0,35.0,31.0,4.894116973712507,0,stable
S06,P202,1.6,1.0,0.8944271909999159,0.5590169943749473,0.0,2.0,5.0,0.8944271909999159,0,moderate
S06,P203,2.5454545454545454,3.0,1.572490786213793,0.617764237441133,0.0,5.0,11.0,1.7320508075688774,0,moderate
S06,P204,3.1875,3.0,2.0402205763103165,0.6400692004110797,0.0,6.0,16.0,1.5275252316519459,0,moderate
S06,P205,3.4210526315789473,3.0,2.268523491262402,0.6631068666767022,0.0,9.0,19.0,1.5118578920369092,0,moderate
S06,P206,3.6666666666666665,2.5,2.6053557891157184,0.7105515788497414,0.0,8.0,12.0,2.751622897751174,0,moderate
S06,P207,1.5,1.0,0.7559289460184544,0.5039526306789696,0.0,2.0,8.0,0.7867957924694432,0,moderate
S06,P208,2.8461538461538463,1.0,2.7942248133771033,0.9817546641595227,0.0,9.0,13.0,3.4572215654165053,0,moderate
S06,P209,2.8181818181818183,2.0,2.383202400060406,0.8456524645375634,0.0,8.0,22.0,2.9358214555806383,0,moderate
S06,P210,3.111111111111111,4.0,1.90029237516523,0.6108082634459668,0.0,5.0,9.0,1.9760470401187076,0,moderate
S06,P211,8.620689655172415,8.0,5.473401874412086,0.6349146174318019,0.0,22.0,29.0,8.121107126025425,0,moderate
S06,P212,10.516129032258064,9.0,6.14747084982616,0.5845754489098496,0.0,32.0,31.0,10.014275524755362,0,moderate
S06,P213,11.5,9.5,7.541837332164331,0.6558119419273332,0.0,34.0,30.0,11.309498746839395,0,moderate
S06,P214,3.0,2.0,2.258317958127243,0.7527726527090809,0.0,8.0,21.0,1.7994708216848745,0,moderate
S06,P215,6.387096774193548,5.0,4.716477635940043,0.7384384177481886,0.0,23.0,31.0,7.345228447936862,0,moderate
S06,P216,2.7916666666666665,2.0,1.7932037558919307,0.6423416439015871,0.0,8.0,24.0,0.9511897312113415,0,moderate
S06,P217,3.7083333333333335,3.0,2.8662832571371806,0.7729303165313745,0.0,12.0,24.0,4.64962876142253,0,moderate
S06,P218,4.758620689655173,4.0,2.995892097210459,0.6295715276746616,0.0,12.0,29.0,1.8644544714716074,0,moderate
S06,P219,2.3333333333333335,1.5,2.1420166418862494,0.918007132236964,0.0,8.0,18.0,2.9999999999999996,0,moderate
S06,P220,3.0,3.0,1.558387444947959,0.5194624816493197,0.0,6.0,15.0,1.4960264830861911,0,moderate
S07,P101,12.03225806451613,12.0,5.528615685490307,0.45948280496032035,0.0,24.0,31.0,5.145501965424802,0,stable
S07,P102,1.3333333333333333,1.0,0.5773502691896257,0.4330127018922193,0.0,1.0,3.0,0.5773502691896258,0,stable
S07,P103,24.580645161290324,25.0,7.48676251147489,0.3045795772384797,0.0,40.0,31.0,5.490251100164465,0,stable
S07,P104,4.153846153846154,2.0,4.026833075182608,0.9694227773587758,0.0,15.0,26.0,5.5506327395643655,0,moderate
S07,P105,2.75,2.0,2.1879298519461354,0.7956108552531401,0.0,8.0,28.0,2.5727509827123995,0,moderate
S07,P106,2.1818181818181817,2.0,1.5374122295716146,0.7046472718869901,0.0,5.0,11.0,1.8126539343499315,0,moderate
S07,P107,1.6666666666666667,1.0,1.2110601416389966,0.7266360849833979,0.0,3.0,6.0,1.2110601416389966,0,moderate
S07,P108,1.9411764705882353,2.0,1.1974237050483694,0.6168546359340085,0.0,4.0,17.0,1.5118578920369088,0,moderate
S07,P109,4.0,3.0,2.6392266369865456,0.6598066592466364,0.0,9.0,30.0,2.2146697055682822,0,moderate
S07,P110,116.0,115.0,20.51178523028489,0.17682573474383526,0.0,71.0,31.0,15.599145275730125,0,stable
S07,P111,6.9,7.0,4.5588110972807,0.6606972604754637,0.0,22.0,30.0,2.7602622373694126,0,moderate
S07,P112,2.0588235294117645,2.0,1.0880365478290537,0.5284748946598261,0.0,3.0,17.0,0.7559289460184551,0,moderate
S07,P113,3.739130434782609,3.0,2.0274792074788075,0.5422328113024717,0.0,8.0,23.0,2.429971585175824,0,moderate
S07,P114,4.266666666666667,4.0,2.911728167178425,0.6824362891824434,0.0,11.0,30.0,2.4397501823713337,0,moderate
S07,P115,2.9444444444444446,2.5,2.0714366206096226,0.7035067768108152,0.0,7.0,18.0,1.6761634196950521,0,moderate
S07,P116,4.222222222222222,4.0,2.7221786146864813,0.6447265140046929,0.0,10.0,27.0,1.5118578920369075,0,moderate
S07,P117,3.1904761904761907,2.0,2.4620935729384374,0.7717009706224953,0.0,7.0,21.0,1.7728105208558365,0,moderate
S07,P118,4.043478260869565,3.0,2.738251945204279,0.6772020939752518,0.0,9.0,23.0,2.4784787961282104,0,moderate
S07,P119,3.4615384615384617,3.0,1.9231384605538777,0.555573333048898,0.0,6.0,26.0,1.511857892036908,0,moderate
S07,P120,4.136363636363637,3.0,3.845782532858988,0.9297496233285465,0.0,18.0,22.0,2.563479777846624,0,moderate
S07,P121,3.2777777777777777,2.0,3.2684868878347535,0.9971654912038231,0.0,9.0,18.0,4.163331998932266,0,moderate
S07,P122,4.1,3.0,2.758685344069926,0.6728500839194942,0.0,10.0,30.0,2.4976179127511164,0,moderate
S07,P123,17.129032258064516,17.0,7.191392704633649,0.4198364855812488,0.0,33.0,31.0,7.480132415430956,0,stable
S07,P124,9.741935483870968,9.0,4.68307407540164,0.48071290177963855,0.0,17.0,31.0,3.9581140290126378,0,stable
S07,P125,3.88,3.0,3.244482495971687,0.8362068288586822,0.0,12.0,25.0,1.7182493859684496,0,moderate
S07,P126,10.793103448275861,9.0,5.094670256712455,0.4720301515803872,0.0,23.0,29.0,4.680252333449754,0,stable
S07,P127,23.29032258064516,22.0,8.379314006874695,0.3597766401843706,0.0,32.0,31.0,5.843188953205018,0,stable
S07,P128,4.130434782608695,2.0,4.403555875406385,1.0661240540457564,0.0,19.0,23.0,6.669047194029329,0,high
S07,P129,14.129032258064516,13.0,7.074564464727945,0.5007111835766354,0.0,25.0,31.0,7.432233529572067,0,moderate
S07,P130,26.161290322580644,25.0,8.790512970217943,0.3360122097123998,0.0,43.0,31.0,7.164728420068222,0,stable
S07,P131,13.709677419354838,15.0,5.336625328095755,0.38925972981404333,0.0,25.0,31.0,4.02965199962667,0,stable
S07,P132,7.032258064516129,6.0,3.816489407537962,0.5427117964847561,0.0,12.0,31.0,3.559026084010443,0,moderate
S07,P133,39.25806451612903,37.0,10.168473310304039,0.25901616484751455,0.0,44.0,31.0,13.056653111582252,0,stable
S07,P134,14.838709677419354,13.0,8.004568587973365,0.5394383178851616,0.0,40.0,31.0,6.414269805898185,0,moderate
S07,P135,6.724137931034483,6.0,3.759716476051826,0.5591373220795023,0.0,15.0,29.0,4.375255094603871,0,moderate
S07,P136,2.111111111111111,1.0,1.5365907428821481,0.7278587729441754,0.0,4.0,9.0,1.6761634196950517,0,moderate
S07,P137,12.733333333333333,12.0,6.34052827850919,0.49794724700333953,0.0,29.0,30.0,2.563479777846633,0,stable
S07,P138,5.9655172413793105,5.0,4.427856290582302,0.7422418059357615,0.0,16.0,29.0,5.3496773378445575,0,moderate
S07,P139,3.2857142857142856,3.0,2.02837021134844,0.6173300643234383,0.0,6.0,21.0,2.1157009420498154,0,moderate
S07,P140,3.7916666666666665,3.0,3.2029764237369114,0.8447410348317129,0.0,14.0,24.0,2.429971585175822,0,moderate
S07,P141,3.8,3.0,2.6140645235596867,0.6879117167262334,0.0,8.0,25.0,2.70801280154532,0,moderate
S07,P142,1.75,1.0,1.3416407864998738,0.766651877999928,0.0,5.0,16.0,1.864454471471609,0,moderate
S07,P143,7.516129032258065,5.0,6.142046172310634,0.817182108762359,0.0,28.0,31.0,5.380741673076394,0,moderate
S07,P144,5.066666666666666,4.0,3.6001277116555026,0.7105515220372702,0.0,13.0,30.0,1.4638501094227951,0,moderate
S07,P145,3.892857142857143,3.5,2.7933689432135624,0.7175626643117409,0.0,8.0,28.0,1.2149857925879093,0,moderate
S07,P146,8.366666666666667,7.0,5.517891484687029,0.6595089423928719,0.0,27.0,30.0,2.8199966227605566,0,moderate
S07,P147,4.620689655172414,4.0,3.5698518687099643,0.772579882034246,0.0,15.0,29.0,5.429197958832454,0,moderate
S07,P148,2.6666666666666665,2.0,1.7182493859684491,0.6443435197381685,0.0,5.0,15.0,1.6035674514745462,0,moderate
S07,P149,4.178571428571429,3.0,2.994483464127197,0.7166285213295855,0.0,10.0,28.0,3.3022358947782484,0,moderate
S07,P150,3.75,4.0,1.8073922282301278,0.48197126086136743,0.0,5.0,16.0,1.5118578920369081,0,stable
S07,P151,3.1,2.0,2.314712668311578,0.7466815059069607,0.0,7.0,20.0,2.4299715851758235,0,moderate
S07,P152,9.258064516129032,9.0,4.823330398078931,0.520986907109571,0.0,18.0,31.0,2.8199966227605513,0,moderate
S07,P153,7.903225806451613,7.0,4.399657855710127,0.5566914021510773,0.0,17.0,31.0,4.3369947901195145,0,moderate
S07,P154,4.0,2.0,3.227486121839514,0.8068715304598785,0.0,13.0,25.0,2.6457513110645907,0,moderate
S07,P155,5.25,4.0,3.513202611947195,0.6691814498947037,0.0,14.0,28.0,4.947341758580103,0,moderate
S07,P156,12.580645161290322,12.0,6.0924772933423785,0.48427383613747116,0.0,22.0,31.0,6.757711644237764,0,stable
S07,P157,6.0,4.5,4.193591169457476,0.698931861576246,0.0,15.0,30.0,3.8483144114694956,0,moderate
S07,P158,22.258064516129032,20.0,10.535551692358856,0.4733363803813399,0.0,40.0,31.0,12.45945806357946,0,stable
S07,P159,26.838709677419356,28.0,9.515239615807713,0.35453416837745083,0.0,46.0,31.0,8.518886580500341,0,stable
S07,P160,2.111111111111111,1.0,1.763834207376394,0.8355004140203971,0.0,4.0,9.0,1.5735915849388864,0,moderate
S07,P161,14.64516129032258,14.0,5.394740568966372,0.3683633428148845,0.0,22.0,31.0,2.7516228977511767,0,stable
S07,P162,1.0,1.0,,,0.0,0.0,1.0,,0,
S07,P163,17.129032258064516,17.0,7.079274612010617,0.41329098488197574,0.0,36.0,31.0,3.6253078686998497,0,stable
S07,P164,5.04,4.0,3.73586223871634,0.7412425076818135,0.0,12.0,25.0,3.8913824205360665,0,moderate
S07,P165,2.2857142857142856,2.0,1.0690449676496976,0.4677071733467427,0.0,3.0,14.0,1.1126972805283737,0,stable
S07,P166,5.551724137931035,4.0,4.322583609837918,0.7786020166788795,0.0,19.0,29.0,2.9920529661723787,0,moderate
S07,P167,2.909090909090909,3.0,1.300349603340998,0.44699517614846807,0.0,4.0,11.0,1.3801311186847083,0,stable
S07,P168,2.7777777777777777,3.0,1.699673171197595,0.6118823416311342,0.0,6.0,18.0,2.1602468994692865,0,moderate
S07,P169,7.1,6.0,4.188242986067645,0.5898933783193867,0.0,16.0,30.0,4.932882862316246,0,moderate
S07,P170,2.7333333333333334,2.0,2.2509257354845507,0.8235094154211771,0.0,7.0,15.0,2.439750182371333,0,moderate
S07,P171,5.166666666666667,4.0,3.2914029430219163,0.6370457309074676,0.0,12.0,30.0,3.9096949095440023,0,moderate
S07,P172,4.269230769230769,3.5,2.9196943991821107,0.6838923817904043,0.0,11.0,26.0,3.741657386773942,0,moderate
S07,P173,2.8461538461538463,2.0,1.7246329970051526,0.6059521340828914,0.0,5.0,13.0,2.1157009420498154,0,moderate
S07,P174,2.076923076923077,1.0,1.6563785025137652,0.7975155752844054,0.0,5.0,13.0,1.3801311186847085,0,moderate
S07,P175,2.357142857142857,2.0,1.499083969380217,0.6359750173128192,0.0,4.0,14.0,1.6035674514745464,0,moderate
S07,P176,23.193548387096776,20.0,10.077762168387416,0.43450713104312916,0.0,49.0,31.0,14.384184436552596,0,stable
S07,P177,3.9310344827586206,3.0,3.1840117830313943,0.8099679097185126,0.0,13.0,29.0,3.047247001100221,0,moderate
S07,P178,4.458333333333333,4.0,3.309790045445109,0.7423828139316133,0.0,12.0,24.0,4.391550328268399,0,moderate
S07,P179,2.9166666666666665,3.0,1.5642792899510296,0.5363243279832102,0.0,4.0,12.0,1.5735915849388862,0,moderate
S07,P180,12.0,12.0,4.676180777800049,0.3896817314833374,0.0,20.0,31.0,5.8145957563293935,0,stable
S07,P181,5.233333333333333,6.0,3.158822711001716,0.6035966963697547,0.0,12.0,30.0,2.794552524023087,0,moderate
S07,P182,3.0,2.0,2.1105794120443453,0.7035264706814485,0.0,9.0,23.0,3.2071349029490928,0,moderate
S07,P183,47.45161290322581,45.0,10.54146956762487,0.22215197593227123,0.0,48.0,31.0,12.06727175541546,0,stable
S07,P184,3.3684210526315788,3.0,2.7123283625326104,0.8052224826268688,0.0,10.0,19.0,3.552329886011098,0,moderate
S07,P185,5.064516129032258,4.0,3.4538431142807453,0.6819690225649879,0.0,14.0,31.0,4.59813626840888,0,moderate
S07,P186,8.548387096774194,8.0,5.252546745325353,0.6144488645474941,0.0,20.0,31.0,8.32094316998351,0,moderate
S07,P187,5.166666666666667,4.0,3.8244524812852876,0.7402166092810234,0.0,14.0,30.0,2.794552524023089,0,moderate
S07,P188,12.096774193548388,12.0,6.784073696089872,0.5608167588767627,0.0,32.0,31.0,4.27617987059878,0,moderate
S07,P189,3.5294117647058822,4.0,1.9722337291388516,0.5587995565893413,0.0,7.0,17.0,2.507132682112035,0,moderate
S07,P190,3.413793103448276,3.0,2.934003132962958,0.8594554631911696,0.0,11.0,29.0,2.5727509827124,0,moderate
S07,P191,4.633333333333334,3.0,3.285110960529112,0.7090167540710313,0.0,11.0,30.0,2.4784787961282095,0,moderate
S07,P192,4.533333333333333,4.0,3.0255615988615645,0.6674032938665216,0.0,11.0,30.0,3.625307868699863,0,moderate
S07,P193,10.67741935483871,9.0,5.746808370879693,0.5382207235567084,0.0,22.0,31.0,6.1566843271977065,0,moderate
S07,P194,5.285714285714286,5.0,3.1955657107373354,0.6045664858151716,0.0,12.0,28.0,2.2253945610567456,0,moderate
S07,P195,11.290322580645162,10.0,5.532892844236771,0.49005622334668536,0.0,23.0,31.0,3.6709931185158196,0,stable
S07,P196,5.633333333333334,5.0,3.378260451498806,0.599691204408072,0.0,14.0,30.0,4.3915503282684,0,moderate
S07,P197,4.6,4.0,2.972092416687835,0.6461070471060512,0.0,10.0,25.0,3.4156502553198655,0,moderate
S07,P198,5.607142857142857,5.0,3.3921399966118377,0.6049676427078438,0.0,11.0,28.0,4.220133150686576,0,moderate
S07,P199,19.548387096774192,20.0,7.886015934033353,0.40341005603140917,0.0,27.0,31.0,9.324826054805579,0,stable
S07,P200,12.806451612903226,11.0,7.006755572725081,0.5471270094571221,0.0,30.0,31.0,7.476948702830714,0,moderate
S07,P201,19.483870967741936,19.0,6.169121859400173,0.31662711530034,0.0,23.0,31.0,4.785891965429424,0,stable
S07,P202,3.25,3.5,1.707825127659933,0.5254846546645948,0.0,4.0,4.0,1.707825127659933,0,moderate
S07,P203,1.7692307692307692,1.0,1.535895295576609,0.8681147322824312,0.0,5.0,13.0,1.1338934190276815,0,moderate
S07,P204,2.0,2.0,1.1547005383792515,0.5773502691896257,0.0,3.0,13.0,1.2149857925879115,0,moderate
S07,P205,2.4210526315789473,1.0,2.3878346647045965,0.9862795354214637,0.0,9.0,19.0,2.29906813420444,0,moderate
S07,P206,3.0833333333333335,2.0,2.4664414311581235,0.7999269506458778,0.0,7.0,12.0,2.410295378065479,0,moderate
S07,P207,2.75,2.5,1.4880476182856899,0.54110822483116,0.0,4.0,8.0,1.5118578920369092,0,moderate
S07,P208,2.8,2.0,2.833473385894321,1.0119547806765432,0.0,9.0,15.0,2.193062655175135,0,high
S07,P209,2.7,2.0,1.5927467172350909,0.5899061915685522,0.0,5.0,20.0,1.9518001458970666,0,moderate
S07,P210,2.5,1.5,2.0670576365276494,0.8268230546110598,0.0,6.0,12.0,1.8898223650461365,0,moderate
S07,P211,6.586206896551724,6.0,4.110241923530869,0.6240681454575665,0.0,17.0,29.0,5.9841059323447645,0,moderate
S07,P212,9.9,9.0,4.780347700526713,0.48286340409360734,0.0,22.0,30.0,3.101458950082621,0,stable
S07,P213,10.129032258064516,8.0,6.307360438323208,0.6227011897707626,0.0,25.0,31.0,7.761320457119087,0,moderate
S07,P214,2.8333333333333335,2.0,2.140025734641417,0.7553032004616765,0.0,8.0,24.0,1.496026483086191,0,moderate
S07,P215,7.419354838709677,6.0,4.759371061729249,0.6414804474504641,0.0,23.0,31.0,3.6253078686998643,0,moderate
S07,P216,4.357142857142857,4.0,3.581994951237066,0.8220972019232611,0.0,16.0,28.0,3.1091263510296065,0,moderate
S07,P217,3.625,3.0,2.8255434259932923,0.7794602554464255,0.0,11.0,24.0,4.461475305855889,0,moderate
S07,P218,5.5,5.0,4.50111097397076,0.8183838134492291,0.0,15.0,26.0,4.961758520831867,0,moderate
S07,P219,3.736842105263158,2.0,4.107474288323637,1.099183260255621,0.0,17.0,19.0,1.4638501094228002,0,high
S07,P220,3.1818181818181817,3.0,2.522624895547565,0.7928249671720919,0.0,8.0,11.0,3.1997023671109224,0,moderate
S08,P101,13.548387096774194,13.0,4.836243098917584,0.35696080015820264,0.0,21.0,31.0,4.151878519188057,0,stable
S08,P102,1.6666666666666667,1.5,0.8876253645985944,0.5325752187591566,0.0,3.0,12.0,0.5345224838248487,0,moderate
S08,P103,26.870967741935484,26.0,8.651558377864152,0.3219667583598904,0.0,37.0,31.0,11.150485789118484,0,stable
S08,P104,3.68,3.0,2.3043437243605824,0.6261803598805931,0.0,8.0,25.0,1.8126539343499313,0,moderate
S08,P105,2.8421052631578947,2.0,1.7721035176289737,0.6235179043509352,0.0,5.0,19.0,1.5735915849388868,0,moderate
S08,P106,1.8571428571428572,1.0,1.4600918230947435,0.786203289358708,0.0,5.0,14.0,0.7559289460184543,0,moderate
S08,P107,2.6,1.0,3.0495901363953815,1.1729192832289927,0.0,7.0,5.0,3.0495901363953815,0,high
S08,P108,3.2142857142857144,3.0,2.1187286256174924,0.6591600168587753,0.0,8.0,14.0,1.4638501094227985,0,moderate
S08,P109,5.576923076923077,4.5,3.646072702764737,0.6537785535991942,0.0,13.0,26.0,3.728908942943218,0,moderate
S08,P110,124.48387096774194,123.0,18.65631433365468,0.1498693299671664,0.0,102.0,31.0,17.262676501632072,0,stable
S08,P111,7.516129032258065,7.0,4.032129030193483,0.5364635190386179,0.0,16.0,31.0,4.845223470201398,0,moderate
S08,P112,2.4,2.0,1.729009451741235,0.7204206048921813,0.0,6.0,20.0,2.627691364061218,0,moderate
S08,P113,3.25,3.0,2.151844507070317,0.6621060021754821,0.0,6.0,24.0,2.288688541085317,0,moderate
S08,P114,3.9,3.0,2.771156860379359,0.7105530411229125,0.0,11.0,30.0,3.8234863173611098,0,moderate
S08,P115,2.1538461538461537,1.0,1.4632243987255136,0.67935418512256,0.0,4.0,13.0,1.414213562373095,0,moderate
S08,P116,5.041666666666667,4.0,3.8047929346236855,0.7546696729832103,0.0,13.0,24.0,2.3603873774083306,0,moderate
S08,P117,4.043478260869565,4.0,3.183455253616526,0.7873061379911838,0.0,10.0,23.0,3.2145502536643185,0,moderate
S08,P118,3.6666666666666665,3.0,2.3204774044612857,0.6328574739439871,0.0,8.0,27.0,2.5071326821120357,0,moderate
S08,P119,4.318181818181818,3.0,3.3435989113010667,0.7743071163012997,0.0,11.0,22.0,3.4846602621858493,0,moderate
S08,P120,3.3684210526315788,2.0,2.2412924425129126,0.6653836938710209,0.0,8.0,19.0,2.5448360411214073,0,moderate
S08,P121,2.611111111111111,2.0,2.523743458783328,0.9665400480446787,0.0,8.0,18.0,2.878491668515698,0,moderate
S08,P122,6.25,5.0,5.406614604489715,0.8650583367183544,0.0,26.0,28.0,7.967194642795573,0,moderate
S08,P123,14.774193548387096,14.0,7.432853545439799,0.5030970740363183,0.0,31.0,31.0,5.879747322073339,0,moderate
S08,P124,9.258064516129032,8.0,5.259706848202878,0.5681216456247011,0.0,20.0,31.0,5.686240703077323,0,moderate
S08,P125,3.7142857142857144,3.0,2.1712405933672376,0.5845647751373332,0.0,7.0,21.0,1.8898223650461359,0,moderate
S08,P126,8.96774193548387,8.0,6.063463646947136,0.676141629695544,0.0,23.0,31.0,5.385164807134502,0,moderate
S08,P127,23.774193548387096,21.0,10.445763662587032,0.4393740482227924,0.0,34.0,31.0,11.596386957849868,0,stable
S08,P128,4.814814814814815,4.0,3.397250438414946,0.7055827833631041,0.0,12.0,27.0,4.237025012007948,0,moderate
S08,P129,16.677419354838708,14.0,6.310769085587976,0.37840201480314756,0.0,25.0,31.0,8.649249898663108,0,stable
S08,P130,28.0,26.0,10.152175464730043,0.36257769516893007,0.0,38.0,31.0,10.785793124908958,0,stable
S08,P131,17.516129032258064,16.0,8.107079078360819,0.46283508550494545,0.0,36.0,31.0,9.299257522845062,0,stable
S08,P132,6.866666666666666,6.0,4.681094282126874,0.6817127595330399,0.0,17.0,30.0,4.347960660443228,0,moderate
S08,P133,39.483870967741936,35.0,12.761585501658054,0.323210090319771,0.0,44.0,31.0,10.056980518170322,0,stable
S08,P134,13.806451612903226,14.0,6.161273433518484,0.4462604589697967,0.0,25.0,31.0,5.223572942509207,0,stable
S08,P135,7.655172413793103,6.0,5.677498581927013,0.7416552201616369,0.0,21.0,29.0,3.9880774697543067,0,moderate
S08,P136,2.75,2.0,2.217355782608345,0.8063111936757619,0.0,5.0,4.0,2.217355782608345,0,moderate
S08,P137,12.741935483870968,11.0,5.63304383044362,0.442086984161398,0.0,23.0,31.0,6.848705126136025,0,stable
S08,P138,7.580645161290323,7.0,4.863292393351011,0.6415406986973674,0.0,21.0,31.0,1.988059594776008,0,moderate
S08,P139,3.8823529411764706,2.0,3.1992646213852107,0.8240530085386149,0.0,12.0,17.0,1.3972762620115433,0,moderate
S08,P140,4.0,4.0,2.6311740579210876,0.6577935144802719,0.0,11.0,27.0,3.8172540616821102,0,moderate
S08,P141,4.357142857142857,4.0,2.6972453123756237,0.61903990775834,0.0,9.0,28.0,2.7945525240230884,0,moderate
S08,P142,2.55,2.0,2.0384462607326044,0.7993906904833743,0.0,8.0,20.0,0.5345224838248511,0,moderate
S08,P143,7.4,7.5,4.239388374884217,0.5728903209302996,0.0,16.0,30.0,4.525062483125562,0,moderate
S08,P144,5.5,5.0,4.050605807457375,0.7364737831740681,0.0,18.0,28.0,5.972157622389639,0,moderate
S08,P145,3.68,3.0,2.593581821856921,0.704777668982859,0.0,8.0,25.0,3.132015933791495,0,moderate
S08,P146,9.806451612903226,10.0,5.665211704421466,0.5777025093324522,0.0,18.0,31.0,5.652643713553946,0,moderate
S08,P147,6.0,6.0,3.118355004010044,0.519725834001674,0.0,12.0,30.0,2.7945525240230857,0,moderate
S08,P148,2.235294117647059,2.0,1.56242646885805,0.6989802623838645,0.0,5.0,17.0,1.4638501094228,0,moderate
S08,P149,3.2413793103448274,2.0,2.8866091379455816,0.8905496276640624,0.0,11.0,29.0,4.1518785191880605,0,moderate
S08,P150,3.5,3.0,2.637521893583148,0.7535776838808994,0.0,10.0,24.0,3.457221565416506,0,moderate
S08,P151,3.347826086956522,2.0,2.6043441968472933,0.7779209938634772,0.0,9.0,23.0,3.154739442867025,0,moderate
S08,P152,11.0,11.0,6.0332412515993425,0.548476477418122,0.0,24.0,31.0,9.829498848824779,0,moderate
S08,P153,8.225806451612904,8.0,4.814628247465252,0.5853077477310697,0.0,20.0,31.0,4.680252333449759,0,moderate
S08,P154,3.5357142857142856,2.5,2.6314640743516096,0.7442524654731826,0.0,9.0,28.0,1.2535663410560178,0,moderate
S08,P155,4.928571428571429,4.0,3.4418833284352988,0.6983531391028142,0.0,14.0,28.0,3.154739442867026,0,moderate
S08,P156,13.161290322580646,11.0,6.250849404646531,0.4749419890785354,0.0,20.0,31.0,6.948792289723033,0,stable
S08,P157,7.129032258064516,6.0,4.410154460513985,0.6186189514748124,0.0,16.0,31.0,4.29839394148448,0,moderate
S08,P158,22.774193548387096,23.0,7.2236171798684286,0.3171843237619282,0.0,37.0,31.0,5.429197958832454,0,stable
S08,P159,26.451612903225808,28.0,8.717181156304369,0.32955197054321395,0.0,31.0,31.0,10.908712114635714,0,stable
S08,P160,1.5714285714285714,1.0,0.7867957924694431,0.5006882315714638,0.0,2.0,7.0,0.7867957924694431,0,moderate
S08,P161,14.03225806451613,13.0,7.7049069687991345,0.5490853242132716,0.0,30.0,31.0,10.36707241588436,0,moderate
S08,P162,1.5,1.5,0.5773502691896257,0.38490017945975047,0.0,1.0,4.0,0.5773502691896257,0,stable
S08,P163,17.64516129032258,18.0,7.799779428918804,0.4420350316206269,0.0,33.0,31.0,4.076646614442768,0,stable
S08,P164,4.5,4.0,3.2032592098076282,0.7118353799572508,0.0,13.0,24.0,3.8668308667927223,0,moderate
S08,P165,1.6,1.0,1.2649110640673515,0.7905694150420947,0.0,4.0,10.0,1.4960264830861913,0,moderate
S08,P166,6.827586206896552,6.0,3.761353911988545,0.5509053709478172,0.0,13.0,29.0,3.5590260840104375,0,moderate
S08,P167,2.466666666666667,2.0,1.7674302033770737,0.7165257581258406,0.0,6.0,15.0,1.4638501094227998,0,moderate
S08,P168,2.35,1.0,2.1095023109728985,0.8976605578608079,0.0,8.0,20.0,0.9759000729485338,0,moderate
S08,P169,6.967741935483871,6.0,3.9873455745875344,0.572257929686174,0.0,17.0,31.0,2.819996622760556,0,moderate
S08,P170,2.1538461538461537,2.0,1.4632243987255136,0.67935418512256,0.0,5.0,13.0,1.8126539343499317,0,moderate
S08,P171,4.178571428571429,4.0,2.5827572322297194,0.6180957478840354,0.0,10.0,28.0,2.0701966780270618,0,moderate
S08,P172,6.222222222222222,6.0,3.6091052943411093,0.5800347794476782,0.0,11.0,27.0,4.27617987059879,0,moderate
S08,P173,2.2222222222222223,2.0,1.3527990831890462,0.6087595874350707,0.0,5.0,18.0,1.4638501094227998,0,moderate
S08,P174,3.0454545454545454,1.0,2.902827402104184,0.9531672066610754,0.0,9.0,22.0,3.9339789623472163,0,moderate
S08,P175,3.15,2.5,2.3004576203785834,0.7303040064693915,0.0,7.0,20.0,2.7945525240230875,0,moderate
S08,P176,24.806451612903224,26.0,7.016263748552167,0.2828402811509977,0.0,26.0,31.0,6.85565460040104,0,stable
S08,P177,3.7857142857142856,2.0,3.4998110304239645,0.9244783853950095,0.0,15.0,28.0,1.7182493859684476,0,moderate
S08,P178,3.25,3.0,2.1709359647311026,0.6679802968403392,0.0,7.0,28.0,2.8284271247461907,0,moderate
S08,P179,1.9285714285714286,1.0,1.6854255666327542,0.8739243678836504,0.0,6.0,14.0,2.2253945610567474,0,moderate
S08,P180,10.935483870967742,10.0,6.292511336877446,0.5754213906879081,0.0,21.0,31.0,8.706866474772871,0,moderate
S08,P181,5.4,4.0,3.54867629522275,0.6571622768931018,0.0,13.0,30.0,3.605551275463989,0,moderate
S08,P182,2.8947368421052633,3.0,1.8225359878204284,0.6296033412470571,0.0,6.0,19.0,1.864454471471609,0,moderate
S08,P183,47.903225806451616,46.0,11.748346943888683,0.24525168704414083,0.0,42.0,31.0,14.395766573479001,0,stable
S08,P184,3.0,2.0,2.903200204700225,0.9677334015667417,0.0,11.0,15.0,3.9761191895520196,0,moderate
S08,P185,4.5,4.0,2.4720661623652207,0.5493480360811601,0.0,8.0,28.0,2.380476142847616,0,moderate
S08,P186,10.064516129032258,9.0,5.921348291681366,0.5883390930837255,0.0,22.0,31.0,4.680252333449757,0,moderate
S08,P187,6.866666666666666,5.5,3.9193008994245244,0.5707719756443482,0.0,14.0,30.0,3.7606990231680535,0,moderate
S08,P188,11.612903225806452,12.0,5.6843493873080355,0.4894856416848586,0.0,24.0,31.0,5.349677337844555,0,stable
S08,P189,3.0,3.0,2.5385910352879693,0.8461970117626564,0.0,9.0,19.0,3.1847852585154217,0,moderate
S08,P190,4.28,3.0,3.3231511150312336,0.7764371764091667,0.0,12.0,25.0,2.8535691936340264,0,moderate
S08,P191,5.964285714285714,5.0,5.131472554931048,0.8603666559165829,0.0,21.0,28.0,8.038597366397177,0,moderate
S08,P192,5.241379310344827,4.0,3.7858304657328405,0.7222966020148183,0.0,20.0,29.0,2.115700942049817,0,moderate
S08,P193,9.580645161290322,8.0,5.220307740279859,0.5448806058877967,0.0,20.0,31.0,4.353433237386435,0,moderate
S08,P194,4.366666666666666,4.0,2.5526636977915813,0.5845794727766981,0.0,8.0,30.0,3.0394235042348465,0,moderate
S08,P195,10.64516129032258,10.0,6.348482165561435,0.5963725670678924,0.0,32.0,31.0,6.914443130833016,0,moderate
S08,P196,5.774193548387097,4.0,4.232490814475994,0.7330012025070156,0.0,14.0,31.0,3.5523298860110963,0,moderate
S08,P197,4.653846153846154,4.0,3.2611937408538942,0.7007523740677789,0.0,11.0,26.0,2.081665999466132,0,moderate
S08,P198,5.0,5.0,2.449489742783178,0.4898979485566356,0.0,9.0,30.0,2.070196678027063,0,stable
S08,P199,23.0,23.0,9.979979959899719,0.433912172169553,0.0,50.0,31.0,6.473388749701494,0,stable
S08,P200,12.387096774193548,11.0,6.91701968266121,0.5584052347981706,0.0,29.0,31.0,5.563486402641865,0,moderate
S08,P201,21.29032258064516,20.0,10.123219344283374,0.4754845449587646,0.0,48.0,31.0,4.117326918327077,0,stable
S08,P202,2.3,1.5,2.0027758514399734,0.8707721093217277,0.0,5.0,10.0,0.48795003647426816,0,moderate
S08,P203,1.7272727272727273,1.0,1.4206272622267313,0.8224684149733708,0.0,4.0,11.0,1.4960264830861911,0,moderate
S08,P204,2.9,2.5,1.8529256146249728,0.6389398671120596,0.0,5.0,10.0,1.8126539343499313,0,moderate
S08,P205,2.2083333333333335,2.0,1.2846642825425558,0.5817347694532328,0.0,4.0,24.0,1.2724180205607036,0,moderate
S08,P206,3.6,3.0,2.1705094128132942,0.6029192813370262,0.0,6.0,10.0,2.4976179127511156,0,moderate
S08,P207,1.5714285714285714,1.0,1.5118578920369092,0.9620913858416695,0.0,4.0,7.0,1.5118578920369088,0,moderate
S08,P208,3.5238095238095237,3.0,2.5222816579249754,0.7157826326543849,0.0,9.0,21.0,2.627691364061218,0,moderate
S08,P209,3.75,2.0,3.7859388972001824,1.0095837059200485,0.0,10.0,16.0,3.457221565416505,0,high
S08,P210,2.4166666666666665,1.5,2.1933093855190746,0.9075762974561689,0.0,7.0,12.0,2.6726124191242437,0,moderate
S08,P211,8.161290322580646,8.0,4.576000977517003,0.5606957719487237,0.0,21.0,31.0,3.236694374850754,0,moderate
S08,P212,10.064516129032258,10.0,5.662363957871116,0.5626066753012967,0.0,30.0,31.0,5.19156825558337,0,moderate
S08,P213,9.483870967741936,8.0,5.359545800046464,0.5651221761953755,0.0,19.0,31.0,2.992052966172382,0,moderate
S08,P214,2.764705882352941,2.0,1.8210371963768985,0.6586730284767506,0.0,5.0,17.0,2.070196678027063,0,moderate
S08,P215,5.896551724137931,5.0,3.696956543527265,0.626969238375969,0.0,14.0,29.0,4.000000000000001,0,moderate
S08,P216,3.8518518518518516,3.0,3.059709685872724,0.7943477069092649,0.0,15.0,27.0,1.1338934190276817,0,moderate
S08,P217,3.0434782608695654,2.0,2.1842048869422235,0.717667319995302,0.0,7.0,23.0,2.115700942049815,0,moderate
S08,P218,5.266666666666667,5.0,3.2263284709246283,0.6125940134667016,0.0,11.0,30.0,3.1547394428670255,0,moderate
S08,P219,2.7222222222222223,2.5,1.6379885640466825,0.6017100847518425,0.0,6.0,18.0,1.511857892036909,0,moderate
S08,P220,1.7272727272727273,2.0,0.7862453931068966,0.4551947012724138,0.0,2.0,11.0,0.7867957924694432,0,stable
S09,P101,14.580645161290322,12.0,8.864815070635098,0.6079851044019647,0.0,45.0,31.0,4.750939756661656,0,moderate
S09,P102,2.6,2.0,2.3664319132398464,0.910166120476864,0.0,6.0,10.0,2.193062655175134,0,moderate
S09,P103,24.838709677419356,26.0,9.49068586981836,0.3820925480056742,0.0,33.0,31.0,11.338934190276817,0,stable
S09,P104,3.962962962962963,4.0,2.5940980570026126,0.6545854910193509,0.0,10.0,27.0,1.704336206492693,0,moderate
S09,P105,2.391304347826087,2.0,1.37308976184048,0.5742011731332917,0.0,4.0,23.0,0.9511897312113423,0,moderate
S09,P106,2.6,2.0,2.4129281427805145,0.9280492856848133,0.0,8.0,10.0,2.853569193634026,0,moderate
S09,P107,1.4285714285714286,1.0,0.5345224838248488,0.37416573867739417,0.0,1.0,7.0,0.5345224838248488,0,stable
S09,P108,2.3076923076923075,1.0,2.3939025107069907,1.0373577546396962,0.0,7.0,13.0,2.1491969707422394,0,high
S09,P109,5.0,4.0,3.4226138716316967,0.6845227743263393,0.0,13.0,29.0,3.401680257083044,0,moderate
S09,P110,118.25806451612904,120.0,23.386559875186833,0.19775868961560059,0.0,110.0,31.0,35.36341935632679,0,stable
S09,P111,6.8,5.0,5.659292023468709,0.8322488269806926,0.0,27.0,30.0,3.8483144114694907,0,moderate
S09,P112,3.1666666666666665,3.0,2.20293921306753,0.6956650146529043,0.0,6.0,18.0,2.160246899469287,0,moderate
S09,P113,4.6,3.0,3.391164991562634,0.7372097807744857,0.0,12.0,25.0,2.94392028877595,0,moderate
S09,P114,5.0,3.0,4.378631497751718,0.8757262995503435,0.0,16.0,30.0,2.5727509827123995,0,moderate
S09,P115,2.642857142857143,1.5,2.205138853368958,0.8343768634369031,0.0,7.0,14.0,2.5448360411214073,0,moderate
S09,P116,4.074074074074074,3.0,3.3846477594929216,0.8307771773300807,0.0,13.0,27.0,2.288688541085317,0,moderate
S09,P117,3.25,2.0,2.847577154735919,0.8761775860725904,0.0,9.0,24.0,2.340126166724878,0,moderate
S09,P118,3.0588235294117645,3.0,1.784327192364608,0.5833377359653527,0.0,5.0,17.0,1.8898223650461357,0,moderate
S09,P119,3.1739130434782608,3.0,1.9691293395130816,0.62041061381919,0.0,6.0,23.0,1.9760470401187071,0,moderate
S09,P120,3.5185185185185186,3.0,2.8738927014172355,0.8167905572448985,0.0,13.0,27.0,1.9760470401187076,0,moderate
S09,P121,2.619047619047619,2.0,2.1325147238926743,0.8142328945772029,0.0,7.0,21.0,1.573591584938887,0,moderate
S09,P122,3.5,2.0,2.821872244266732,0.8062492126476377,0.0,10.0,28.0,2.5727509827123995,0,moderate
S09,P123,17.322580645161292,17.0,6.013247025106006,0.3471334409279072,0.0,24.0,31.0,5.756983337031397,0,stable
S09,P124,9.064516129032258,9.0,4.632749247628005,0.5110862159304916,0.0,20.0,31.0,3.9096949095440006,0,moderate
S09,P125,3.4,2.5,2.643761275949575,0.7775768458675222,0.0,9.0,20.0,1.214985792587915,0,moderate
S09,P126,10.419354838709678,10.0,4.031328925208883,0.38690772966401044,0.0,18.0,31.0,4.613644360558613,0,stable
S09,P127,22.580645161290324,23.0,6.40194862807873,0.2835148678149152,0.0,23.0,31.0,6.733003292241386,0,stable
S09,P128,5.217391304347826,5.0,4.3999640674062785,0.84332644625287,0.0,21.0,23.0,1.632993161855451,0,moderate
S09,P129,18.0,16.0,6.899275324264136,0.3832930735702298,0.0,33.0,31.0,6.778818551368737,0,stable
S09,P130,27.838709677419356,28.0,8.820796540727104,0.3168536416715414,0.0,42.0,31.0,8.44308677473554,0,stable
S09,P131,15.903225806451612,16.0,6.695047118129827,0.420986735622768,0.0,24.0,31.0,5.984105932344764,0,stable
S09,P132,7.67741935483871,8.0,4.361858142078087,0.5681411865731961,0.0,17.0,31.0,3.214550253664316,0,moderate
S09,P133,33.58064516129032,32.0,10.461912487840156,0.31154590501733415,0.0,51.0,31.0,7.5938571665963535,0,stable
S09,P134,13.0,13.0,5.932958789676531,0.45638144535973313,0.0,24.0,31.0,5.940177967511941,0,stable
S09,P135,6.806451612903226,6.0,4.134564506198202,0.6074478658395462,0.0,15.0,31.0,3.3594217189442417,0,moderate
S09,P136,1.8461538461538463,1.0,1.4632243987255134,0.7925798826429864,0.0,5.0,13.0,1.864454471471609,0,moderate
S09,P137,12.903225806451612,13.0,4.908189338304419,0.3803846737185925,0.0,20.0,31.0,3.450327796711771,0,stable
S09,P138,6.933333333333334,6.0,4.440668894421769,0.6404810905416013,0.0,18.0,30.0,3.023715784073819,0,moderate
S09,P139,3.0,2.0,2.9059326290271157,0.9686442096757052,0.0,10.0,19.0,3.207134902949093,0,moderate
S09,P140,4.833333333333333,4.0,3.4346908811820844,0.7106256995549141,0.0,12.0,24.0,2.94392028877595,0,moderate
S09,P141,3.4074074074074074,3.0,2.4691832853933904,0.7246516163654515,0.0,10.0,27.0,4.029651999626672,0,moderate
S09,P142,2.3529411764705883,1.0,1.902011319320558,0.808354810711237,0.0,6.0,17.0,1.889822365046136,0,moderate
S09,P143,7.0,6.0,4.578811771778712,0.6541159673969589,0.0,22.0,30.0,6.343350474165464,0,moderate
S09,P144,6.137931034482759,4.0,5.329996903852186,0.8683702820882775,0.0,20.0,29.0,4.785891965429426,0,moderate
S09,P145,4.074074074074074,4.0,2.8813181535530403,0.7072326376902917,0.0,12.0,27.0,2.627691364061218,0,moderate
S09,P146,9.516129032258064,8.0,5.584925948431399,0.5868905233944861,0.0,22.0,31.0,6.8556546004010475,0,moderate
S09,P147,6.066666666666666,5.5,3.6759547981661744,0.6059266150823365,0.0,15.0,30.0,2.5448360411214077,0,moderate
S09,P148,3.4285714285714284,1.5,3.3446693688335154,0.9755285659097753,0.0,10.0,14.0,2.8784916685156974,0,moderate
S09,P149,3.6153846153846154,3.0,2.6241482134501943,0.7258282292521814,0.0,11.0,26.0,2.3603873774083293,0,moderate
S09,P150,3.3636363636363638,2.5,2.6103357664968723,0.776045768417989,0.0,9.0,22.0,1.0690449676496971,0,moderate
S09,P151,3.3157894736842106,2.0,3.037773884843735,0.9161540287623962,0.0,12.0,19.0,2.699206232527311,0,moderate
S09,P152,10.935483870967742,11.0,5.328761481313569,0.48729087292247975,0.0,26.0,31.0,3.545621041711674,0,stable
S09,P153,8.258064516129032,7.0,5.6330438304436194,0.682126401342782,0.0,20.0,31.0,6.531972647421805,0,moderate
S09,P154,3.5555555555555554,3.0,2.1363760352762253,0.6008557599214384,0.0,7.0,27.0,1.5735915849388848,0,moderate
S09,P155,4.576923076923077,5.0,3.3247324935769127,0.7264121414537793,0.0,13.0,26.0,4.760952285695233,0,moderate
S09,P156,13.064516129032258,12.0,6.217906849688073,0.47593854898846977,0.0,24.0,31.0,6.553806600166119,0,stable
S09,P157,6.133333333333334,6.0,3.549971668981981,0.5787997286383665,0.0,13.0,30.0,4.1518785191880605,0,moderate
S09,P158,25.161290322580644,23.0,8.598824625856523,0.34174815820711824,0.0,36.0,31.0,10.816653826391965,0,stable
S09,P159,26.387096774193548,24.0,8.040221470228452,0.3047027696541345,0.0,32.0,31.0,8.807464366741915,0,stable
S09,P160,2.75,2.0,2.712405363721075,0.9863292231713,0.0,8.0,8.0,2.82842712474619,0,moderate
S09,P161,16.548387096774192,15.0,8.361972293972356,0.5053043686416043,0.0,40.0,31.0,9.690446940402795,0,moderate
S09,P162,2.3333333333333335,2.0,0.5773502691896258,0.24743582965269678,0.0,1.0,3.0,0.5773502691896257,0,stable
S09,P163,17.032258064516128,17.0,7.631006359879156,0.4480325703716929,0.0,30.0,31.0,6.290582530372573,0,stable
S09,P164,4.466666666666667,4.0,2.4173700918393815,0.5412022593670257,0.0,9.0,30.0,3.0472470011002204,0,moderate
S09,P165,1.8888888888888888,2.0,1.0540925533894598,0.5580489988532434,0.0,3.0,9.0,1.1547005383792515,0,moderate
S09,P166,7.0344827586206895,7.0,4.7395204596237495,0.6737553594563174,0.0,19.0,29.0,3.7733400639347647,0,moderate
S09,P167,3.8,3.5,2.440400695696417,0.6422107093937939,0.0,7.0,10.0,2.29906813420444,0,moderate
S09,P168,2.727272727272727,1.5,2.7633971188310302,1.0132456102380445,0.0,9.0,22.0,3.3523268393901033,0,high
S09,P169,6.758620689655173,5.0,5.422540077002614,0.8023146032299785,0.0,20.0,29.0,6.3733074317066825,0,moderate
S09,P170,1.6363636363636365,1.0,1.2862913567871994,0.786066940258844,0.0,4.0,11.0,1.511857892036909,0,moderate
S09,P171,5.275862068965517,4.0,4.382567347083686,0.8306826997740321,0.0,16.0,29.0,3.109126351029605,0,moderate
S09,P172,4.0,3.0,3.5456210417116734,0.8864052604279183,0.0,15.0,29.0,4.386125310350268,0,moderate
S09,P173,2.25,2.0,1.6181535936466533,0.7191793749540681,0.0,6.0,20.0,0.5345224838248472,0,moderate
S09,P174,1.9333333333333333,1.0,1.2798809468443688,0.6620073862988115,0.0,4.0,15.0,0.7867957924694434,0,moderate
S09,P175,2.736842105263158,2.0,2.077447826946374,0.7590674752304059,0.0,6.0,19.0,1.772810520855837,0,moderate
S09,P176,24.64516129032258,26.0,9.63171285250543,0.39081557385820465,0.0,38.0,31.0,10.111285538352448,0,stable
S09,P177,4.321428571428571,3.0,3.8591264740685998,0.8930210022638083,0.0,15.0,28.0,3.644957377763736,0,moderate
S09,P178,3.142857142857143,3.0,1.9189944456771317,0.6105891418063601,0.0,6.0,28.0,1.6761634196950521,0,moderate
S09,P179,2.230769230769231,2.0,1.6908501882113505,0.7579673257499157,0.0,5.0,13.0,1.4638501094227996,0,moderate
S09,P180,13.387096774193548,13.0,6.819958061233899,0.509442650357231,0.0,30.0,31.0,4.503966505838415,0,moderate
S09,P181,6.241379310344827,5.0,4.8155638478182174,0.7715544286559575,0.0,16.0,29.0,6.67974906856894,0,moderate
S09,P182,4.0,2.5,3.5688712648767758,0.8922178162191939,0.0,13.0,20.0,3.450327796711771,0,moderate
S09,P183,46.29032258064516,45.0,12.42093273037388,0.2683267697850803,0.0,47.0,31.0,13.634689651941555,0,stable
S09,P184,2.5714285714285716,1.5,1.9100658753958324,0.7428033959872681,0.0,5.0,14.0,1.4638501094228005,0,moderate
S09,P185,4.321428571428571,4.0,2.7628966472884726,0.6393479844965061,0.0,12.0,28.0,3.683941988065035,0,moderate
S09,P186,10.96774193548387,11.0,4.679628695867097,0.4266720281525883,0.0,18.0,31.0,5.472876844254852,0,stable
S09,P187,5.758620689655173,5.0,4.1632333966847135,0.7229566976278844,0.0,16.0,29.0,2.672612419124246,0,moderate
S09,P188,12.96774193548387,12.0,5.918805459255788,0.4564252966092772,0.0,23.0,31.0,9.324826054805577,0,stable
S09,P189,2.6315789473684212,2.0,2.2903305514898324,0.8703256095661362,0.0,10.0,19.0,0.6900655593423567,0,moderate
S09,P190,3.44,3.0,2.2375581929117883,0.6504529630557524,0.0,8.0,25.0,2.160246899469286,0,moderate
S09,P191,4.866666666666666,4.0,3.1702641392545945,0.6514241382029989,0.0,13.0,30.0,4.3752550946038715,0,moderate
S09,P192,4.346153846153846,4.0,2.9657013698928982,0.6823737665240297,0.0,12.0,26.0,1.71824938596845,0,moderate
S09,P193,8.096774193548388,8.0,4.15816336627665,0.5135580253170364,0.0,17.0,31.0,5.8837953413632285,0,moderate
S09,P194,4.9,3.5,4.196468137325269,0.8564220688418915,0.0,22.0,30.0,2.6903708365382,0,moderate
S09,P195,10.419354838709678,9.0,5.018460544485643,0.4816479160342258,0.0,19.0,31.0,4.32049379893857,0,stable
S09,P196,6.517241379310345,4.0,5.760832588977621,0.8839372755574127,0.0,19.0,29.0,6.362090102803518,0,moderate
S09,P197,3.75,3.0,2.3033791601808753,0.6142344427149001,0.0,8.0,28.0,1.7728105208558373,0,moderate
S09,P198,6.666666666666667,5.0,4.4592664723320095,0.6688899708498014,0.0,16.0,30.0,5.6820519432432395,0,moderate
S09,P199,20.193548387096776,19.0,7.2545128705687265,0.35924903991634266,0.0,26.0,31.0,7.967194642795572,0,stable
S09,P200,12.387096774193548,12.0,5.245171871062877,0.42343835417434683,0.0,22.0,31.0,3.9880774697543075,0,stable
S09,P201,19.93548387096774,18.0,9.047782357649737,0.453853160335181,0.0,32.0,31.0,9.250482612892617,0,stable
S09,P202,3.857142857142857,2.0,3.132015933791495,0.8120041309829801,0.0,7.0,7.0,3.132015933791495,0,moderate
S09,P203,2.090909090909091,2.0,0.9438798074485389,0.4514207774753882,0.0,3.0,11.0,0.9511897312113418,0,stable
S09,P204,2.4615384615384617,3.0,1.39136531360295,0.5652421586511984,0.0,4.0,13.0,1.1338934190276815,0,moderate
S09,P205,4.521739130434782,3.0,3.703432869617437,0.8190284230884717,0.0,11.0,23.0,4.163331998932267,0,moderate
S09,P206,1.9285714285714286,1.0,1.4392458342578485,0.7462756177633288,0.0,5.0,14.0,0.9759000729485328,0,moderate
S09,P207,2.142857142857143,2.0,1.2149857925879117,0.5669933698743588,0.0,3.0,7.0,1.2149857925879117,0,moderate
S09,P208,2.4782608695652173,2.0,1.7804382815217998,0.7184224644737087,0.0,6.0,23.0,1.1338934190276808,0,moderate
S09,P209,3.0,2.0,2.0615528128088303,0.6871842709362768,0.0,8.0,17.0,1.3801311186847078,0,moderate
S09,P210,2.0,2.0,1.0540925533894598,0.5270462766947299,0.0,3.0,10.0,1.1126972805283737,0,moderate
S09,P211,7.8,6.0,5.320098521255228,0.6820639129814395,0.0,23.0,30.0,1.9760470401186874,0,moderate
S09,P212,11.483870967741936,11.0,5.555003556806155,0.48372221983424385,0.0,22.0,31.0,5.623081683476385,0,stable
S09,P213,10.580645161290322,11.0,5.70248012446273,0.5389539142022702,0.0,23.0,31.0,5.01426536422407,0,moderate
S09,P214,4.0,2.0,3.409545424246464,0.852386356061616,0.0,12.0,17.0,4.2370250120079485,0,moderate
S09,P215,6.068965517241379,6.0,3.3798883591321536,0.5569134228115481,0.0,11.0,29.0,3.0237157840738185,0,moderate
S09,P216,4.407407407407407,4.0,2.9122983160180347,0.6607735674998902,0.0,11.0,27.0,2.5727509827124004,0,moderate
S09,P217,2.727272727272727,2.0,2.1861429000000845,0.8015857300000311,0.0,7.0,22.0,1.2149857925879104,0,moderate
S09,P218,5.233333333333333,5.5,2.7628487713469467,0.5279328862446395,0.0,10.0,30.0,3.3094381626464857,0,moderate
S09,P219,1.9333333333333333,2.0,0.7988086367179803,0.4131768810610243,0.0,2.0,15.0,0.7559289460184545,0,stable
S09,P220,1.8333333333333333,2.0,1.114640858045426,0.6079859225702323,0.0,4.0,12.0,0.5345224838248493,0,moderate
S10,P101,14.387096774193548,13.0,5.953583903021993,0.4138141277885242,0.0,23.0,31.0,5.677860093212512,0,stable
S10,P102,3.125,2.5,2.997022331772464,0.9590471461671884,0.0,9.0,8.0,3.101458950082625,0,moderate
S10,P103,25.161290322580644,22.0,9.427254015861134,0.3746729160149938,0.0,35.0,31.0,8.885515232803389,0,stable
S10,P104,3.36,3.0,2.6907248094147422,0.8008109551829591,0.0,10.0,25.0,2.6367367999823097,0,moderate
S10,P105,2.9473684210526314,2.0,2.27238700270409,0.7709884473460306,0.0,8.0,19.0,0.9511897312113409,0,moderate
S10,P106,1.4,1.0,0.7367883976130074,0.5262774268664339,0.0,2.0,15.0,0.7867957924694431,0,moderate
S10,P107,2.5,2.0,1.9148542155126762,0.7659416862050705,0.0,4.0,4.0,1.9148542155126762,0,moderate
S10,P108,2.5,2.0,2.039091645032686,0.8156366580130744,0.0,8.0,20.0,1.7994708216848745,0,moderate
S10,P109,5.275862068965517,4.0,3.6439436223894446,0.6906821245051888,0.0,12.0,29.0,3.0394235042348474,0,moderate
S10,P110,113.61290322580645,113.0,20.53724652000983,0.18076508862018875,0.0,94.0,31.0,5.094347941825416,0,stable
S10,P111,6.709677419354839,6.0,3.7788318158490624,0.5631912802467353,0.0,13.0,31.0,4.995235825502231,0,moderate
S10,P112,3.5555555555555554,2.5,2.812204959107025,0.7909326447488508,0.0,9.0,18.0,3.147183169877773,0,moderate
S10,P113,4.117647058823529,4.0,2.497057091387191,0.6064281507654607,0.0,8.0,17.0,1.3451854182690988,0,moderate
S10,P114,4.344827586206897,4.0,3.415049278759339,0.7860034054287367,0.0,11.0,29.0,3.804758924845368,0,moderate
S10,P115,2.3846153846153846,2.0,2.9591232242693537,1.2409226424355355,0.0,11.0,13.0,4.041451884327381,0,high
S10,P116,4.48,4.0,3.7982452088650973,0.8478225912645305,0.0,17.0,25.0,5.956189257922424,0,moderate
S10,P117,3.72,3.0,2.3366642891095846,0.628135561588598,0.0,8.0,25.0,2.5071326821120348,0,moderate
S10,P118,3.4285714285714284,3.0,2.8908723349782943,0.8431710977020026,0.0,10.0,21.0,2.768874620972691,0,moderate
S10,P119,3.5357142857142856,3.0,2.5888957013330898,0.7322129256295608,0.0,10.0,28.0,1.8126539343499313,0,moderate
S10,P120,2.72,3.0,1.9689252567496478,0.7238695796873704,0.0,9.0,25.0,1.0690449676496978,0,moderate
S10,P121,2.6,2.0,2.663594721819606,1.0244595083921562,0.0,11.0,20.0,1.1547005383792495,0,high
S10,P122,4.586206896551724,3.0,3.9777707448421618,0.8673334706798699,0.0,18.0,29.0,3.4364987719368982,0,moderate
S10,P123,19.193548387096776,20.0,8.158510300451956,0.4250652425445557,0.0,34.0,31.0,9.48181216354563,0,stable
S10,P124,8.548387096774194,10.0,4.574120751047276,0.5350858237074171,0.0,16.0,31.0,4.6700667885506535,0,moderate
S10,P125,2.5652173913043477,2.0,1.9265156242794623,0.7510145653970786,0.0,6.0,23.0,1.6329931618554512,0,moderate
S10,P126,11.935483870967742,12.0,5.73257059192452,0.4802964549990814,0.0,20.0,31.0,7.164728420068227,0,stable
S10,P127,23.06451612903226,21.0,7.999731178279129,0.3468414916456685,0.0,29.0,31.0,8.306623862918075,0,stable
S10,P128,5.0,3.0,3.794733192202055,0.758946638440411,0.0,12.0,26.0,3.9581140290126386,0,moderate
S10,P129,14.0,15.0,5.921711464320654,0.42297939030861814,0.0,26.0,31.0,4.46680881081573,0,stable
S10,P130,28.258064516129032,27.0,8.053851012343863,0.2850107093409358,0.0,33.0,31.0,5.6188458397991745,0,stable
S10,P131,18.903225806451612,19.0,7.1570703443502985,0.3786163492745039,0.0,31.0,31.0,6.102302453836197,0,stable
S10,P132,7.0,7.0,4.242640687119285,0.6060915267313264,0.0,15.0,30.0,4.029651999626672,0,moderate
S10,P133,37.58064516129032,36.0,10.64823676655244,0.2833436392816529,0.0,50.0,31.0,14.842025275740303,0,stable
S10,P134,14.161290322580646,13.0,4.98060755459645,0.35170577264804087,0.0,20.0,31.0,4.466808810815718,0,stable
S10,P135,6.666666666666667,6.0,4.357580262843868,0.6536370394265801,0.0,18.0,30.0,5.686240703077326,0,moderate
S10,P136,2.2,1.5,1.5491933384829668,0.7041787902195303,0.0,4.0,10.0,1.6035674514745462,0,moderate
S10,P137,12.741935483870968,12.0,5.1959454830055325,0.407783063223219,0.0,19.0,31.0,3.309438162646482,0,stable
S10,P138,7.580645161290323,7.0,4.773357962332088,0.6296770077969988,0.0,22.0,31.0,7.1978832867395,0,moderate
S10,P139,3.1904761904761907,2.0,3.265257227525078,1.0234388325078603,0.0,14.0,21.0,1.1338934190276784,0,high
S10,P140,3.576923076923077,2.5,2.579505021093418,0.7211519413809555,0.0,10.0,26.0,1.1126972805283741,0,moderate
S10,P141,4.074074074074074,4.0,2.2689530951846817,0.55692485063624,0.0,8.0,27.0,1.3451854182690985,0,moderate
S10,P142,2.588235294117647,2.0,1.7341721198244626,0.670021046295815,0.0,5.0,17.0,1.8644544714716087,0,moderate
S10,P143,9.10344827586207,9.0,4.738480977111056,0.5205149558190175,0.0,19.0,29.0,3.3022358947782537,0,moderate
S10,P144,5.166666666666667,5.0,2.829442900366922,0.5476341097484365,0.0,12.0,30.0,2.3704530408864084,0,moderate
S10,P145,3.5833333333333335,2.5,2.8880061824976977,0.8059552137202877,0.0,9.0,24.0,3.3094381626464866,0,moderate
S10,P146,8.419354838709678,7.0,4.248718972022721,0.5046371192823922,0.0,17.0,31.0,6.294366339755546,0,moderate
S10,P147,5.275862068965517,5.0,3.194823399144957,0.6055547619294364,0.0,12.0,29.0,4.059087394500206,0,moderate
S10,P148,2.8666666666666667,2.0,1.5976172734359602,0.5573083511985908,0.0,5.0,15.0,1.5735915849388868,0,moderate
S10,P149,4.958333333333333,3.5,4.016045715427777,0.8099587997501398,0.0,14.0,24.0,1.3451854182691017,0,moderate
S10,P150,3.45,3.5,2.1636956688426454,0.6271581648819262,0.0,7.0,20.0,1.7728105208558365,0,moderate
S10,P151,2.5238095238095237,1.0,2.1821789023599236,0.8646369235765735,0.0,7.0,21.0,1.9023794624226835,0,moderate
S10,P152,11.129032258064516,10.0,5.63170747040878,0.5060374828483252,0.0,23.0,31.0,6.693991620066747,0,moderate
S10,P153,8.266666666666667,8.0,4.919583198867025,0.5951108708306885,0.0,20.0,30.0,6.775305299745679,0,moderate
S10,P154,4.2631578947368425,4.0,3.1944762266407776,0.749321584026849,0.0,12.0,19.0,3.2366943748507486,0,moderate
S10,P155,4.8076923076923075,3.5,3.1751438489521164,0.6604299205820402,0.0,10.0,26.0,2.4784787961282126,0,moderate
S10,P156,12.03225806451613,11.0,5.043040557492685,0.4191266951267379,0.0,22.0,31.0,3.6449573777637374,0,stable
S10,P157,6.25,6.0,4.435755395186476,0.7097208632298362,0.0,18.0,28.0,4.07080195679286,0,moderate
S10,P158,22.580645161290324,21.0,8.441067047667955,0.37381868353958086,0.0,34.0,31.0,6.848705126136035,0,stable
S10,P159,26.548387096774192,25.0,9.175469868722145,0.34561308132489243,0.0,37.0,31.0,12.188988004400883,0,stable
S10,P160,4.2,4.0,3.7013511046643495,0.8812740725391308,0.0,9.0,5.0,3.7013511046643495,0,moderate
S10,P161,16.516129032258064,17.0,6.318601995916162,0.38257160522148637,0.0,26.0,31.0,6.309478885734053,0,stable
S10,P162,3.3333333333333335,2.0,2.3094010767585034,0.692820323027551,0.0,4.0,3.0,2.3094010767585034,0,moderate
S10,P163,16.29032258064516,16.0,7.448460907628711,0.4572322537356239,0.0,30.0,31.0,7.1147064323869085,0,stable
S10,P164,4.148148148148148,3.0,3.04711343485934,0.7345719887607338,0.0,11.0,27.0,2.9680841985233184,0,moderate
S10,P165,1.8666666666666667,1.0,1.1872336794093272,0.636018042540711,0.0,4.0,15.0,0.7559289460184545,0,moderate
S10,P166,5.862068965517241,6.0,3.8333511815105306,0.6539246133165023,0.0,17.0,29.0,1.9023794624226829,0,moderate
S10,P167,2.5,2.0,1.509230856356236,0.6036923425424944,0.0,4.0,10.0,1.414213562373095,0,moderate
S10,P168,2.3,2.0,1.6575187543592473,0.7206603279822815,0.0,6.0,20.0,1.214985792587911,0,moderate
S10,P169,7.419354838709677,7.0,3.871039425859564,0.5217487921810717,0.0,14.0,31.0,2.751622897751173,0,moderate
S10,P170,2.7777777777777777,2.0,2.1019754169815523,0.7567111501133589,0.0,7.0,18.0,1.4142135623730951,0,moderate
S10,P171,5.107142857142857,4.5,3.4355363559290204,0.6726924333287593,0.0,9.0,28.0,4.43471156521669,0,moderate
S10,P172,4.555555555555555,4.0,3.0424349222966556,0.667851568309022,0.0,12.0,27.0,4.191828786034631,0,moderate
S10,P173,2.3076923076923075,2.0,1.5483655567842811,0.6709584079398552,0.0,4.0,13.0,1.4960264830861911,0,moderate
S10,P174,1.8461538461538463,2.0,0.9870962335856491,0.5346771265255599,0.0,3.0,13.0,0.7559289460184544,0,moderate
S10,P175,3.2222222222222223,2.0,2.777124106094936,0.8618661018915319,0.0,11.0,18.0,0.48795003647427065,0,moderate
S10,P176,24.193548387096776,25.0,7.395581360238963,0.3056840295565438,0.0,30.0,31.0,6.938505396903366,0,stable
S10,P177,4.185185185185185,3.0,3.026003165347842,0.7230273049946171,0.0,13.0,27.0,1.951800145897065,0,moderate
S10,P178,3.6666666666666665,4.0,2.3696802770383636,0.6462764391922811,0.0,8.0,27.0,2.9277002188455987,0,moderate
S10,P179,2.1578947368421053,2.0,1.4629938062729393,0.6779727394923377,0.0,5.0,19.0,1.4638501094227998,0,moderate
S10,P180,12.64516129032258,12.0,6.498966005433861,0.5139488422664533,0.0,24.0,31.0,4.099941927579433,0,moderate
S10,P181,5.428571428571429,4.0,4.077295503681162,0.7510807506781088,0.0,14.0,28.0,3.638419332360585,0,moderate
S10,P182,2.9545454545454546,2.0,2.3192213949487184,0.7849672413672585,0.0,8.0,22.0,1.4638501094228007,0,moderate
S10,P183,48.41935483870968,48.0,13.202964802266667,0.2726794862560071,0.0,58.0,31.0,8.017837257372728,0,stable
S10,P184,3.2,3.0,2.177810171446801,0.6805656785771252,0.0,6.0,15.0,2.3603873774083293,0,moderate
S10,P185,6.703703703703703,6.0,4.513354669242201,0.6732628512129251,0.0,17.0,27.0,5.677860093212515,0,moderate
S10,P186,8.290322580645162,8.0,4.8730110362218335,0.5877951055364857,0.0,19.0,31.0,6.051367417290709,0,moderate
S10,P187,7.2592592592592595,6.0,3.61186711350017,0.4975531227780846,0.0,14.0,27.0,4.386125310350268,0,stable
S10,P188,10.419354838709678,9.0,5.463662956591101,0.5243763209112202,0.0,22.0,31.0,5.209880722517275,0,moderate
S10,P189,3.8181818181818183,3.0,1.9672645653622367,0.5152359575948715,0.0,7.0,22.0,2.5448360411214073,0,moderate
S10,P190,3.2,3.0,2.0207259421636903,0.6314768569261532,0.0,9.0,25.0,1.380131118684707,0,moderate
S10,P191,5.785714285714286,5.0,3.510377660986254,0.6067319414050315,0.0,12.0,28.0,3.457221565416506,0,moderate
S10,P192,4.392857142857143,3.5,3.3592248412976966,0.7647015898889065,0.0,13.0,28.0,4.654746681256314,0,moderate
S10,P193,7.935483870967742,8.0,4.2105857381205904,0.5306022678119443,0.0,18.0,31.0,2.7945525240230857,0,moderate
S10,P194,4.464285714285714,4.0,3.2940141318047047,0.7378591655242538,0.0,14.0,28.0,5.3496773378445575,0,moderate
S10,P195,10.35483870967742,9.0,5.565059970307443,0.5374356980670739,0.0,24.0,31.0,4.820590756130961,0,moderate
S10,P196,5.142857142857143,4.0,2.9277002188455996,0.569275042553311,0.0,12.0,28.0,2.035400978396428,0,moderate
S10,P197,4.333333333333333,4.0,2.433737233777904,0.5616316693333625,0.0,10.0,27.0,2.138089935299394,0,moderate
S10,P198,4.344827586206897,3.0,3.1313605220753207,0.7207099614300341,0.0,10.0,29.0,3.779644730092272,0,moderate
S10,P199,19.129032258064516,18.0,7.51772099989472,0.39300059190006126,0.0,38.0,31.0,3.9940431835898984,0,stable
S10,P200,10.580645161290322,11.0,4.89063181704496,0.4622243485621761,0.0,21.0,31.0,4.644505202002529,0,stable
S10,P201,21.741935483870968,20.0,9.444461311391223,0.43438917010849837,0.0,38.0,31.0,8.340948901139999,0,stable
S10,P202,1.75,1.5,0.8864052604279183,0.5065172916730962,0.0,2.0,8.0,0.8997354108424372,0,moderate
S10,P203,3.0,2.0,2.23606797749979,0.7453559924999299,0.0,7.0,13.0,2.370453040886408,0,moderate
S10,P204,2.0714285714285716,2.0,1.1411388181101378,0.5508946018462734,0.0,4.0,14.0,0.7559289460184541,0,moderate
S10,P205,2.9565217391304346,3.0,1.718304155253218,0.5811911113356473,0.0,6.0,23.0,2.2886885410853175,0,moderate
S10,P206,2.3125,1.5,2.023816526598529,0.8751639033939584,0.0,7.0,16.0,1.4638501094227998,0,moderate
S10,P207,1.7142857142857142,2.0,0.7559289460184545,0.4409585518440985,0.0,2.0,7.0,0.7559289460184544,0,stable
S10,P208,3.473684210526316,3.0,2.45783149799058,0.7075575524518336,0.0,9.0,19.0,2.267786838055363,0,moderate
S10,P209,2.0,1.0,1.2649110640673518,0.6324555320336759,0.0,3.0,16.0,1.2909944487358054,0,moderate
S10,P210,2.4,2.0,1.6465452046971292,0.6860605019571372,0.0,5.0,10.0,1.7182493859684491,0,moderate
S10,P211,8.806451612903226,8.0,4.600140250316358,0.5223602482044216,0.0,19.0,31.0,3.9036002917941324,0,moderate
S10,P212,12.5,11.5,6.431334928731145,0.5145067942984916,0.0,31.0,30.0,8.26063528053958,0,moderate
S10,P213,10.32258064516129,9.0,4.028126916025972,0.39022479499001606,0.0,19.0,31.0,4.413183712037203,0,stable
S10,P214,3.5,3.0,2.4765567494675613,0.7075876427050175,0.0,7.0,16.0,2.4102953780654786,0,moderate
S10,P215,6.633333333333334,5.0,4.390297557532765,0.661853903145643,0.0,15.0,30.0,5.398412465054624,0,moderate
S10,P216,3.72,3.0,2.4413111231467406,0.6562664309534249,0.0,8.0,25.0,2.9680841985233184,0,moderate
S10,P217,2.5,2.0,1.9321835661585918,0.7728734264634367,0.0,6.0,16.0,2.439750182371333,0,moderate
S10,P218,5.862068965517241,4.0,3.961638711542003,0.6758089566748123,0.0,16.0,29.0,3.132015933791495,0,moderate
S10,P219,2.7058823529411766,1.0,3.2550865173285515,1.2029667564040298,0.0,13.0,17.0,1.5275252316519448,0,high
S10,P220,2.5714285714285716,1.0,2.5634797778466227,0.9969088024959087,0.0,7.0,14.0,2.6726124191242446,0,moderate
